subject_id,segment_idx,hr_gt_bpm,hr_pr_bpm,err_bpm
subject1,0,98.4375,77.34375,-21.09375
subject1,1,98.4375,112.5,14.0625
subject1,2,98.4375,112.5,14.0625
subject1,3,98.4375,77.34375,-21.09375
subject1,4,98.4375,91.40625,-7.03125
subject1,5,98.4375,112.5,14.0625
subject1,6,98.4375,112.5,14.0625
subject1,7,98.4375,84.375,-14.0625
subject1,8,98.4375,77.34375,-21.09375
subject1,9,105.46875,84.375,-21.09375
subject1,10,105.46875,84.375,-21.09375
subject1,11,105.46875,77.34375,-28.125
subject1,12,105.46875,84.375,-21.09375
subject1,13,105.46875,84.375,-21.09375
subject1,14,105.46875,112.5,7.03125
subject1,15,105.46875,84.375,-21.09375
subject1,16,105.46875,84.375,-21.09375
subject1,17,98.4375,84.375,-14.0625
subject1,18,98.4375,98.4375,0.0
subject1,19,112.5,84.375,-28.125
subject1,20,112.5,84.375,-28.125
subject1,21,112.5,84.375,-28.125
subject1,22,112.5,91.40625,-21.09375
subject1,23,112.5,105.46875,-7.03125
subject1,24,112.5,84.375,-28.125
subject1,25,112.5,105.46875,-7.03125
subject1,26,105.46875,105.46875,0.0
subject1,27,105.46875,91.40625,-14.0625
subject1,28,105.46875,98.4375,-7.03125
subject1,29,105.46875,77.34375,-28.125
subject1,30,105.46875,84.375,-21.09375
subject1,31,105.46875,98.4375,-7.03125
subject1,32,105.46875,84.375,-21.09375
subject1,33,105.46875,98.4375,-7.03125
subject1,34,105.46875,98.4375,-7.03125
subject1,35,105.46875,84.375,-21.09375
subject1,36,105.46875,91.40625,-14.0625
subject1,37,112.5,98.4375,-14.0625
subject1,38,112.5,91.40625,-21.09375
subject1,39,112.5,91.40625,-21.09375
subject1,40,112.5,98.4375,-14.0625
subject1,41,112.5,91.40625,-21.09375
subject1,42,112.5,84.375,-28.125
subject1,43,112.5,91.40625,-21.09375
subject1,44,112.5,91.40625,-21.09375
subject1,45,112.5,84.375,-28.125
subject1,46,112.5,91.40625,-21.09375
subject1,47,112.5,91.40625,-21.09375
subject1,48,112.5,112.5,0.0
subject1,49,112.5,91.40625,-21.09375
subject1,50,112.5,112.5,0.0
subject1,51,112.5,91.40625,-21.09375
subject1,52,112.5,91.40625,-21.09375
subject1,53,112.5,91.40625,-21.09375
subject1,54,112.5,91.40625,-21.09375
subject1,55,112.5,91.40625,-21.09375
subject1,56,112.5,98.4375,-14.0625
subject1,57,112.5,91.40625,-21.09375
subject1,58,112.5,112.5,0.0
subject1,59,98.4375,98.4375,0.0
subject1,60,98.4375,112.5,14.0625
subject1,61,98.4375,91.40625,-7.03125
subject1,62,105.46875,98.4375,-7.03125
subject1,63,105.46875,91.40625,-14.0625
subject1,64,105.46875,98.4375,-7.03125
subject1,65,105.46875,112.5,7.03125
subject1,66,105.46875,91.40625,-14.0625
subject1,67,105.46875,112.5,7.03125
subject1,68,105.46875,91.40625,-14.0625
subject1,69,105.46875,91.40625,-14.0625
subject1,70,105.46875,91.40625,-14.0625
subject1,71,105.46875,91.40625,-14.0625
subject1,72,105.46875,91.40625,-14.0625
subject1,73,112.5,91.40625,-21.09375
subject1,74,112.5,91.40625,-21.09375
subject1,75,112.5,98.4375,-14.0625
subject1,76,112.5,91.40625,-21.09375
subject1,77,112.5,112.5,0.0
subject1,78,112.5,112.5,0.0
subject1,79,112.5,91.40625,-21.09375
subject1,80,112.5,91.40625,-21.09375
subject1,81,112.5,112.5,0.0
subject1,82,112.5,91.40625,-21.09375
subject1,83,112.5,98.4375,-14.0625
subject1,84,112.5,77.34375,-35.15625
subject1,85,112.5,112.5,0.0
subject1,86,112.5,98.4375,-14.0625
subject1,87,112.5,91.40625,-21.09375
subject1,88,112.5,112.5,0.0
subject1,89,112.5,112.5,0.0
subject1,90,112.5,77.34375,-35.15625
subject1,91,105.46875,98.4375,-7.03125
subject1,92,105.46875,112.5,7.03125
subject1,93,105.46875,84.375,-21.09375
subject1,94,112.5,98.4375,-14.0625
subject1,95,112.5,91.40625,-21.09375
subject1,96,112.5,112.5,0.0
subject1,97,112.5,98.4375,-14.0625
subject1,98,112.5,112.5,0.0
subject1,99,112.5,98.4375,-14.0625
subject1,100,112.5,91.40625,-21.09375
subject1,101,112.5,112.5,0.0
subject1,102,112.5,112.5,0.0
subject1,103,112.5,105.46875,-7.03125
subject1,104,112.5,77.34375,-35.15625
subject1,105,112.5,91.40625,-21.09375
subject1,106,112.5,105.46875,-7.03125
subject1,107,112.5,112.5,0.0
subject1,108,112.5,112.5,0.0
subject1,109,112.5,98.4375,-14.0625
subject1,110,112.5,84.375,-28.125
subject1,111,112.5,77.34375,-35.15625
subject1,112,112.5,84.375,-28.125
subject1,113,119.53125,84.375,-35.15625
subject1,114,119.53125,91.40625,-28.125
subject1,115,105.46875,84.375,-21.09375
subject1,116,105.46875,91.40625,-14.0625
subject1,117,105.46875,91.40625,-14.0625
subject1,118,105.46875,84.375,-21.09375
subject1,119,105.46875,112.5,7.03125
subject1,120,105.46875,84.375,-21.09375
subject1,121,105.46875,112.5,7.03125
subject1,122,105.46875,91.40625,-14.0625
subject1,123,112.5,84.375,-28.125
subject1,124,112.5,91.40625,-21.09375
subject1,125,112.5,84.375,-28.125
subject1,126,112.5,84.375,-28.125
subject1,127,112.5,84.375,-28.125
subject1,128,112.5,84.375,-28.125
subject10,0,98.4375,112.5,14.0625
subject10,1,98.4375,84.375,-14.0625
subject10,2,91.40625,98.4375,7.03125
subject10,3,91.40625,112.5,21.09375
subject10,4,91.40625,112.5,21.09375
subject10,5,91.40625,112.5,21.09375
subject10,6,91.40625,112.5,21.09375
subject10,7,91.40625,98.4375,7.03125
subject10,8,91.40625,91.40625,0.0
subject10,9,91.40625,91.40625,0.0
subject10,10,91.40625,91.40625,0.0
subject10,11,91.40625,91.40625,0.0
subject10,12,91.40625,91.40625,0.0
subject10,13,91.40625,91.40625,0.0
subject10,14,91.40625,91.40625,0.0
subject10,15,91.40625,91.40625,0.0
subject10,16,91.40625,91.40625,0.0
subject10,17,91.40625,91.40625,0.0
subject10,18,91.40625,91.40625,0.0
subject10,19,91.40625,91.40625,0.0
subject10,20,98.4375,91.40625,-7.03125
subject10,21,98.4375,91.40625,-7.03125
subject10,22,98.4375,98.4375,0.0
subject10,23,98.4375,91.40625,-7.03125
subject10,24,98.4375,98.4375,0.0
subject10,25,98.4375,112.5,14.0625
subject10,26,98.4375,98.4375,0.0
subject10,27,98.4375,105.46875,7.03125
subject10,28,98.4375,91.40625,-7.03125
subject10,29,105.46875,98.4375,-7.03125
subject10,30,105.46875,91.40625,-14.0625
subject10,31,105.46875,91.40625,-14.0625
subject10,32,105.46875,112.5,7.03125
subject10,33,105.46875,112.5,7.03125
subject10,34,105.46875,112.5,7.03125
subject10,35,105.46875,112.5,7.03125
subject10,36,105.46875,112.5,7.03125
subject10,37,105.46875,112.5,7.03125
subject10,38,105.46875,112.5,7.03125
subject10,39,105.46875,112.5,7.03125
subject10,40,105.46875,98.4375,-7.03125
subject10,41,105.46875,112.5,7.03125
subject10,42,105.46875,98.4375,-7.03125
subject10,43,105.46875,112.5,7.03125
subject10,44,105.46875,105.46875,0.0
subject10,45,105.46875,112.5,7.03125
subject10,46,112.5,112.5,0.0
subject10,47,112.5,91.40625,-21.09375
subject10,48,112.5,112.5,0.0
subject10,49,112.5,112.5,0.0
subject10,50,112.5,91.40625,-21.09375
subject10,51,112.5,91.40625,-21.09375
subject10,52,112.5,112.5,0.0
subject10,53,112.5,91.40625,-21.09375
subject10,54,112.5,112.5,0.0
subject10,55,112.5,84.375,-28.125
subject10,56,112.5,112.5,0.0
subject10,57,112.5,112.5,0.0
subject10,58,112.5,84.375,-28.125
subject10,59,112.5,112.5,0.0
subject10,60,112.5,91.40625,-21.09375
subject10,61,112.5,112.5,0.0
subject10,62,119.53125,91.40625,-28.125
subject10,63,119.53125,84.375,-35.15625
subject10,64,119.53125,91.40625,-28.125
subject10,65,119.53125,84.375,-35.15625
subject10,66,119.53125,91.40625,-28.125
subject10,67,119.53125,91.40625,-28.125
subject10,68,119.53125,91.40625,-28.125
subject10,69,119.53125,112.5,-7.03125
subject10,70,119.53125,112.5,-7.03125
subject10,71,119.53125,112.5,-7.03125
subject10,72,119.53125,112.5,-7.03125
subject10,73,119.53125,112.5,-7.03125
subject10,74,119.53125,112.5,-7.03125
subject10,75,119.53125,112.5,-7.03125
subject10,76,119.53125,91.40625,-28.125
subject10,77,119.53125,112.5,-7.03125
subject10,78,119.53125,112.5,-7.03125
subject10,79,119.53125,91.40625,-28.125
subject10,80,119.53125,112.5,-7.03125
subject10,81,119.53125,91.40625,-28.125
subject10,82,119.53125,112.5,-7.03125
subject10,83,119.53125,112.5,-7.03125
subject10,84,119.53125,98.4375,-21.09375
subject10,85,119.53125,84.375,-35.15625
subject10,86,119.53125,112.5,-7.03125
subject10,87,119.53125,84.375,-35.15625
subject10,88,119.53125,112.5,-7.03125
subject10,89,119.53125,98.4375,-21.09375
subject10,90,119.53125,84.375,-35.15625
subject10,91,119.53125,112.5,-7.03125
subject10,92,119.53125,112.5,-7.03125
subject10,93,119.53125,112.5,-7.03125
subject10,94,119.53125,112.5,-7.03125
subject10,95,119.53125,91.40625,-28.125
subject10,96,119.53125,112.5,-7.03125
subject10,97,119.53125,112.5,-7.03125
subject10,98,119.53125,112.5,-7.03125
subject10,99,119.53125,112.5,-7.03125
subject10,100,119.53125,112.5,-7.03125
subject10,101,119.53125,112.5,-7.03125
subject10,102,119.53125,112.5,-7.03125
subject10,103,119.53125,112.5,-7.03125
subject10,104,119.53125,112.5,-7.03125
subject10,105,119.53125,112.5,-7.03125
subject10,106,119.53125,112.5,-7.03125
subject10,107,119.53125,77.34375,-42.1875
subject10,108,119.53125,77.34375,-42.1875
subject10,109,119.53125,98.4375,-21.09375
subject10,110,119.53125,112.5,-7.03125
subject10,111,119.53125,112.5,-7.03125
subject10,112,119.53125,84.375,-35.15625
subject10,113,119.53125,112.5,-7.03125
subject10,114,119.53125,112.5,-7.03125
subject10,115,119.53125,112.5,-7.03125
subject10,116,119.53125,112.5,-7.03125
subject10,117,119.53125,98.4375,-21.09375
subject10,118,119.53125,84.375,-35.15625
subject10,119,119.53125,84.375,-35.15625
subject10,120,119.53125,112.5,-7.03125
subject10,121,119.53125,84.375,-35.15625
subject10,122,119.53125,98.4375,-21.09375
subject10,123,119.53125,84.375,-35.15625
subject10,124,119.53125,91.40625,-28.125
subject10,125,119.53125,84.375,-35.15625
subject10,126,119.53125,91.40625,-28.125
subject10,127,119.53125,112.5,-7.03125
subject10,128,119.53125,112.5,-7.03125
subject10,129,119.53125,91.40625,-28.125
subject10,130,119.53125,112.5,-7.03125
subject10,131,119.53125,112.5,-7.03125
subject10,132,119.53125,91.40625,-28.125
subject10,133,119.53125,112.5,-7.03125
subject10,134,119.53125,112.5,-7.03125
subject10,135,119.53125,112.5,-7.03125
subject10,136,119.53125,112.5,-7.03125
subject10,137,119.53125,112.5,-7.03125
subject10,138,119.53125,112.5,-7.03125
subject10,139,112.5,112.5,0.0
subject10,140,112.5,112.5,0.0
subject10,141,112.5,112.5,0.0
subject10,142,112.5,112.5,0.0
subject10,143,112.5,112.5,0.0
subject10,144,112.5,112.5,0.0
subject10,145,112.5,112.5,0.0
subject10,146,112.5,112.5,0.0
subject10,147,112.5,98.4375,-14.0625
subject10,148,112.5,84.375,-28.125
subject10,149,112.5,91.40625,-21.09375
subject10,150,112.5,84.375,-28.125
subject10,151,112.5,91.40625,-21.09375
subject10,152,112.5,112.5,0.0
subject10,153,112.5,84.375,-28.125
subject10,154,112.5,84.375,-28.125
subject10,155,112.5,98.4375,-14.0625
subject10,156,112.5,84.375,-28.125
subject10,157,112.5,91.40625,-21.09375
subject10,158,112.5,84.375,-28.125
subject10,159,112.5,91.40625,-21.09375
subject10,160,112.5,112.5,0.0
subject10,161,112.5,84.375,-28.125
subject10,162,112.5,84.375,-28.125
subject10,163,112.5,84.375,-28.125
subject10,164,112.5,84.375,-28.125
subject10,165,112.5,84.375,-28.125
subject10,166,112.5,112.5,0.0
subject10,167,105.46875,84.375,-21.09375
subject10,168,105.46875,105.46875,0.0
subject10,169,105.46875,84.375,-21.09375
subject10,170,105.46875,84.375,-21.09375
subject10,171,105.46875,112.5,7.03125
subject10,172,105.46875,112.5,7.03125
subject10,173,105.46875,91.40625,-14.0625
subject10,174,105.46875,77.34375,-28.125
subject10,175,105.46875,112.5,7.03125
subject11,0,112.5,112.5,0.0
subject11,1,112.5,112.5,0.0
subject11,2,112.5,112.5,0.0
subject11,3,112.5,112.5,0.0
subject11,4,112.5,84.375,-28.125
subject11,5,112.5,112.5,0.0
subject11,6,112.5,91.40625,-21.09375
subject11,7,112.5,91.40625,-21.09375
subject11,8,112.5,91.40625,-21.09375
subject11,9,112.5,91.40625,-21.09375
subject11,10,112.5,91.40625,-21.09375
subject11,11,112.5,91.40625,-21.09375
subject11,12,112.5,91.40625,-21.09375
subject11,13,112.5,91.40625,-21.09375
subject11,14,112.5,91.40625,-21.09375
subject11,15,112.5,91.40625,-21.09375
subject11,16,112.5,91.40625,-21.09375
subject11,17,112.5,91.40625,-21.09375
subject11,18,119.53125,84.375,-35.15625
subject11,19,119.53125,91.40625,-28.125
subject11,20,119.53125,112.5,-7.03125
subject11,21,119.53125,112.5,-7.03125
subject11,22,119.53125,91.40625,-28.125
subject11,23,119.53125,112.5,-7.03125
subject11,24,119.53125,91.40625,-28.125
subject11,25,119.53125,84.375,-35.15625
subject11,26,119.53125,112.5,-7.03125
subject11,27,119.53125,98.4375,-21.09375
subject11,28,119.53125,84.375,-35.15625
subject11,29,119.53125,98.4375,-21.09375
subject11,30,119.53125,112.5,-7.03125
subject11,31,119.53125,84.375,-35.15625
subject11,32,119.53125,84.375,-35.15625
subject11,33,119.53125,84.375,-35.15625
subject11,34,119.53125,84.375,-35.15625
subject11,35,119.53125,98.4375,-21.09375
subject11,36,119.53125,84.375,-35.15625
subject11,37,119.53125,84.375,-35.15625
subject11,38,119.53125,84.375,-35.15625
subject11,39,119.53125,84.375,-35.15625
subject11,40,119.53125,84.375,-35.15625
subject11,41,119.53125,84.375,-35.15625
subject11,42,119.53125,84.375,-35.15625
subject11,43,119.53125,91.40625,-28.125
subject11,44,119.53125,84.375,-35.15625
subject11,45,119.53125,112.5,-7.03125
subject11,46,119.53125,105.46875,-14.0625
subject11,47,119.53125,105.46875,-14.0625
subject11,48,119.53125,98.4375,-21.09375
subject11,49,119.53125,105.46875,-14.0625
subject11,50,119.53125,77.34375,-42.1875
subject11,51,119.53125,112.5,-7.03125
subject11,52,119.53125,105.46875,-14.0625
subject11,53,119.53125,112.5,-7.03125
subject11,54,119.53125,112.5,-7.03125
subject11,55,119.53125,105.46875,-14.0625
subject11,56,119.53125,112.5,-7.03125
subject11,57,126.5625,105.46875,-21.09375
subject11,58,126.5625,98.4375,-28.125
subject11,59,126.5625,91.40625,-35.15625
subject11,60,126.5625,98.4375,-28.125
subject11,61,126.5625,91.40625,-35.15625
subject11,62,126.5625,112.5,-14.0625
subject11,63,126.5625,98.4375,-28.125
subject11,64,126.5625,112.5,-14.0625
subject11,65,126.5625,98.4375,-28.125
subject11,66,126.5625,112.5,-14.0625
subject11,67,126.5625,98.4375,-28.125
subject11,68,126.5625,91.40625,-35.15625
subject11,69,126.5625,91.40625,-35.15625
subject11,70,126.5625,98.4375,-28.125
subject11,71,126.5625,112.5,-14.0625
subject11,72,126.5625,112.5,-14.0625
subject11,73,126.5625,112.5,-14.0625
subject11,74,126.5625,105.46875,-21.09375
subject11,75,126.5625,112.5,-14.0625
subject11,76,126.5625,112.5,-14.0625
subject11,77,126.5625,98.4375,-28.125
subject11,78,126.5625,84.375,-42.1875
subject11,79,126.5625,112.5,-14.0625
subject11,80,126.5625,112.5,-14.0625
subject11,81,126.5625,112.5,-14.0625
subject11,82,126.5625,112.5,-14.0625
subject11,83,126.5625,112.5,-14.0625
subject11,84,126.5625,112.5,-14.0625
subject11,85,126.5625,112.5,-14.0625
subject11,86,126.5625,112.5,-14.0625
subject11,87,126.5625,112.5,-14.0625
subject11,88,126.5625,112.5,-14.0625
subject11,89,126.5625,112.5,-14.0625
subject11,90,126.5625,112.5,-14.0625
subject11,91,126.5625,91.40625,-35.15625
subject11,92,126.5625,112.5,-14.0625
subject11,93,126.5625,91.40625,-35.15625
subject11,94,126.5625,98.4375,-28.125
subject11,95,126.5625,112.5,-14.0625
subject11,96,126.5625,112.5,-14.0625
subject11,97,126.5625,112.5,-14.0625
subject11,98,126.5625,112.5,-14.0625
subject11,99,126.5625,91.40625,-35.15625
subject11,100,126.5625,112.5,-14.0625
subject11,101,126.5625,112.5,-14.0625
subject11,102,126.5625,112.5,-14.0625
subject11,103,126.5625,112.5,-14.0625
subject11,104,126.5625,112.5,-14.0625
subject11,105,126.5625,112.5,-14.0625
subject11,106,126.5625,84.375,-42.1875
subject11,107,126.5625,84.375,-42.1875
subject11,108,126.5625,112.5,-14.0625
subject11,109,126.5625,84.375,-42.1875
subject11,110,126.5625,91.40625,-35.15625
subject11,111,126.5625,84.375,-42.1875
subject11,112,126.5625,112.5,-14.0625
subject11,113,126.5625,84.375,-42.1875
subject11,114,126.5625,91.40625,-35.15625
subject11,115,133.59375,84.375,-49.21875
subject11,116,133.59375,91.40625,-42.1875
subject11,117,133.59375,112.5,-21.09375
subject11,118,133.59375,91.40625,-42.1875
subject11,119,133.59375,91.40625,-42.1875
subject11,120,133.59375,112.5,-21.09375
subject11,121,133.59375,91.40625,-42.1875
subject11,122,133.59375,91.40625,-42.1875
subject11,123,126.5625,112.5,-14.0625
subject11,124,126.5625,91.40625,-35.15625
subject11,125,126.5625,112.5,-14.0625
subject11,126,126.5625,112.5,-14.0625
subject11,127,126.5625,112.5,-14.0625
subject11,128,126.5625,112.5,-14.0625
subject11,129,126.5625,112.5,-14.0625
subject11,130,126.5625,112.5,-14.0625
subject11,131,126.5625,112.5,-14.0625
subject11,132,126.5625,112.5,-14.0625
subject11,133,126.5625,112.5,-14.0625
subject11,134,126.5625,112.5,-14.0625
subject11,135,126.5625,112.5,-14.0625
subject11,136,126.5625,112.5,-14.0625
subject11,137,126.5625,98.4375,-28.125
subject11,138,126.5625,98.4375,-28.125
subject11,139,126.5625,112.5,-14.0625
subject11,140,126.5625,98.4375,-28.125
subject11,141,126.5625,112.5,-14.0625
subject11,142,126.5625,112.5,-14.0625
subject11,143,126.5625,112.5,-14.0625
subject11,144,126.5625,112.5,-14.0625
subject11,145,126.5625,112.5,-14.0625
subject11,146,126.5625,112.5,-14.0625
subject11,147,126.5625,112.5,-14.0625
subject11,148,126.5625,112.5,-14.0625
subject11,149,126.5625,112.5,-14.0625
subject11,150,126.5625,98.4375,-28.125
subject11,151,126.5625,77.34375,-49.21875
subject11,152,126.5625,98.4375,-28.125
subject11,153,126.5625,98.4375,-28.125
subject11,154,126.5625,112.5,-14.0625
subject11,155,126.5625,112.5,-14.0625
subject11,156,126.5625,91.40625,-35.15625
subject11,157,126.5625,112.5,-14.0625
subject11,158,126.5625,112.5,-14.0625
subject11,159,126.5625,112.5,-14.0625
subject11,160,126.5625,112.5,-14.0625
subject11,161,126.5625,105.46875,-21.09375
subject11,162,126.5625,112.5,-14.0625
subject11,163,126.5625,105.46875,-21.09375
subject11,164,126.5625,112.5,-14.0625
subject11,165,126.5625,84.375,-42.1875
subject11,166,126.5625,105.46875,-21.09375
subject11,167,126.5625,77.34375,-49.21875
subject11,168,126.5625,112.5,-14.0625
subject11,169,126.5625,112.5,-14.0625
subject11,170,126.5625,77.34375,-49.21875
subject11,171,119.53125,105.46875,-14.0625
subject11,172,119.53125,112.5,-7.03125
subject11,173,119.53125,91.40625,-28.125
subject11,174,119.53125,98.4375,-21.09375
subject11,175,119.53125,91.40625,-28.125
subject11,176,119.53125,91.40625,-28.125
subject12,0,70.3125,112.5,42.1875
subject12,1,70.3125,84.375,14.0625
subject12,2,70.3125,112.5,42.1875
subject12,3,70.3125,84.375,14.0625
subject12,4,70.3125,112.5,42.1875
subject12,5,70.3125,112.5,42.1875
subject12,6,70.3125,112.5,42.1875
subject12,7,70.3125,112.5,42.1875
subject12,8,70.3125,112.5,42.1875
subject12,9,70.3125,112.5,42.1875
subject12,10,70.3125,112.5,42.1875
subject12,11,70.3125,112.5,42.1875
subject12,12,70.3125,112.5,42.1875
subject12,13,70.3125,112.5,42.1875
subject12,14,70.3125,112.5,42.1875
subject12,15,70.3125,112.5,42.1875
subject12,16,70.3125,112.5,42.1875
subject12,17,70.3125,112.5,42.1875
subject12,18,70.3125,112.5,42.1875
subject12,19,70.3125,112.5,42.1875
subject12,20,70.3125,112.5,42.1875
subject12,21,70.3125,91.40625,21.09375
subject12,22,70.3125,91.40625,21.09375
subject12,23,70.3125,84.375,14.0625
subject12,24,70.3125,112.5,42.1875
subject12,25,70.3125,112.5,42.1875
subject12,26,70.3125,91.40625,21.09375
subject12,27,70.3125,112.5,42.1875
subject12,28,70.3125,112.5,42.1875
subject12,29,70.3125,84.375,14.0625
subject12,30,70.3125,84.375,14.0625
subject12,31,70.3125,112.5,42.1875
subject12,32,70.3125,98.4375,28.125
subject12,33,70.3125,112.5,42.1875
subject12,34,70.3125,84.375,14.0625
subject12,35,70.3125,98.4375,28.125
subject12,36,70.3125,112.5,42.1875
subject12,37,63.28125,112.5,49.21875
subject12,38,63.28125,112.5,49.21875
subject12,39,63.28125,112.5,49.21875
subject12,40,63.28125,112.5,49.21875
subject12,41,63.28125,112.5,49.21875
subject12,42,70.3125,112.5,42.1875
subject12,43,63.28125,112.5,49.21875
subject12,44,63.28125,84.375,21.09375
subject12,45,70.3125,98.4375,28.125
subject12,46,70.3125,112.5,42.1875
subject12,47,70.3125,84.375,14.0625
subject12,48,70.3125,98.4375,28.125
subject12,49,63.28125,112.5,49.21875
subject12,50,70.3125,112.5,42.1875
subject12,51,70.3125,112.5,42.1875
subject12,52,70.3125,112.5,42.1875
subject12,53,70.3125,112.5,42.1875
subject12,54,70.3125,112.5,42.1875
subject12,55,70.3125,112.5,42.1875
subject12,56,70.3125,91.40625,21.09375
subject12,57,70.3125,91.40625,21.09375
subject12,58,70.3125,84.375,14.0625
subject12,59,70.3125,112.5,42.1875
subject12,60,70.3125,112.5,42.1875
subject12,61,70.3125,112.5,42.1875
subject12,62,70.3125,112.5,42.1875
subject12,63,70.3125,91.40625,21.09375
subject12,64,70.3125,91.40625,21.09375
subject12,65,70.3125,112.5,42.1875
subject12,66,70.3125,98.4375,28.125
subject12,67,70.3125,112.5,42.1875
subject12,68,70.3125,112.5,42.1875
subject12,69,70.3125,112.5,42.1875
subject12,70,70.3125,112.5,42.1875
subject12,71,70.3125,91.40625,21.09375
subject12,72,70.3125,112.5,42.1875
subject12,73,70.3125,98.4375,28.125
subject12,74,63.28125,98.4375,35.15625
subject12,75,63.28125,112.5,49.21875
subject12,76,63.28125,112.5,49.21875
subject12,77,63.28125,91.40625,28.125
subject12,78,63.28125,112.5,49.21875
subject12,79,63.28125,112.5,49.21875
subject12,80,63.28125,112.5,49.21875
subject12,81,63.28125,112.5,49.21875
subject12,82,63.28125,105.46875,42.1875
subject12,83,63.28125,105.46875,42.1875
subject12,84,63.28125,105.46875,42.1875
subject12,85,63.28125,105.46875,42.1875
subject12,86,63.28125,105.46875,42.1875
subject12,87,63.28125,105.46875,42.1875
subject12,88,63.28125,112.5,49.21875
subject12,89,63.28125,91.40625,28.125
subject12,90,63.28125,105.46875,42.1875
subject12,91,63.28125,112.5,49.21875
subject12,92,63.28125,105.46875,42.1875
subject12,93,63.28125,105.46875,42.1875
subject12,94,70.3125,91.40625,21.09375
subject12,95,70.3125,105.46875,35.15625
subject12,96,70.3125,105.46875,35.15625
subject12,97,70.3125,91.40625,21.09375
subject12,98,70.3125,84.375,14.0625
subject12,99,70.3125,119.53125,49.21875
subject12,100,70.3125,119.53125,49.21875
subject12,101,70.3125,91.40625,21.09375
subject12,102,70.3125,112.5,42.1875
subject12,103,70.3125,84.375,14.0625
subject12,104,70.3125,112.5,42.1875
subject12,105,70.3125,112.5,42.1875
subject12,106,70.3125,112.5,42.1875
subject12,107,70.3125,77.34375,7.03125
subject12,108,70.3125,91.40625,21.09375
subject12,109,70.3125,112.5,42.1875
subject12,110,70.3125,112.5,42.1875
subject12,111,70.3125,112.5,42.1875
subject12,112,70.3125,77.34375,7.03125
subject12,113,70.3125,112.5,42.1875
subject12,114,70.3125,84.375,14.0625
subject12,115,70.3125,77.34375,7.03125
subject12,116,70.3125,112.5,42.1875
subject12,117,70.3125,112.5,42.1875
subject12,118,70.3125,112.5,42.1875
subject12,119,70.3125,112.5,42.1875
subject12,120,70.3125,112.5,42.1875
subject12,121,70.3125,112.5,42.1875
subject12,122,70.3125,112.5,42.1875
subject12,123,70.3125,84.375,14.0625
subject12,124,70.3125,112.5,42.1875
subject12,125,70.3125,84.375,14.0625
subject12,126,70.3125,84.375,14.0625
subject12,127,70.3125,112.5,42.1875
subject12,128,70.3125,112.5,42.1875
subject12,129,70.3125,112.5,42.1875
subject12,130,70.3125,112.5,42.1875
subject12,131,70.3125,112.5,42.1875
subject12,132,70.3125,112.5,42.1875
subject12,133,70.3125,112.5,42.1875
subject12,134,70.3125,112.5,42.1875
subject12,135,70.3125,112.5,42.1875
subject12,136,70.3125,112.5,42.1875
subject12,137,70.3125,70.3125,0.0
subject12,138,70.3125,112.5,42.1875
subject12,139,70.3125,112.5,42.1875
subject12,140,70.3125,77.34375,7.03125
subject12,141,70.3125,77.34375,7.03125
subject12,142,70.3125,112.5,42.1875
subject12,143,70.3125,112.5,42.1875
subject12,144,70.3125,112.5,42.1875
subject12,145,70.3125,112.5,42.1875
subject12,146,70.3125,84.375,14.0625
subject12,147,70.3125,112.5,42.1875
subject12,148,70.3125,112.5,42.1875
subject12,149,70.3125,112.5,42.1875
subject12,150,70.3125,112.5,42.1875
subject12,151,70.3125,112.5,42.1875
subject12,152,70.3125,112.5,42.1875
subject12,153,70.3125,112.5,42.1875
subject12,154,70.3125,77.34375,7.03125
subject12,155,70.3125,112.5,42.1875
subject12,156,70.3125,112.5,42.1875
subject12,157,70.3125,91.40625,21.09375
subject12,158,70.3125,112.5,42.1875
subject12,159,70.3125,112.5,42.1875
subject12,160,70.3125,91.40625,21.09375
subject12,161,70.3125,98.4375,28.125
subject12,162,70.3125,112.5,42.1875
subject12,163,70.3125,98.4375,28.125
subject12,164,70.3125,84.375,14.0625
subject12,165,70.3125,84.375,14.0625
subject12,166,70.3125,91.40625,21.09375
subject12,167,70.3125,77.34375,7.03125
subject12,168,70.3125,84.375,14.0625
subject12,169,70.3125,98.4375,28.125
subject12,170,70.3125,112.5,42.1875
subject12,171,70.3125,70.3125,0.0
subject12,172,70.3125,84.375,14.0625
subject13,0,91.40625,77.34375,-14.0625
subject13,1,91.40625,91.40625,0.0
subject13,2,91.40625,91.40625,0.0
subject13,3,91.40625,91.40625,0.0
subject13,4,91.40625,91.40625,0.0
subject13,5,91.40625,91.40625,0.0
subject13,6,91.40625,112.5,21.09375
subject13,7,91.40625,91.40625,0.0
subject13,8,91.40625,91.40625,0.0
subject13,9,98.4375,98.4375,0.0
subject13,10,98.4375,91.40625,-7.03125
subject13,11,98.4375,98.4375,0.0
subject13,12,98.4375,112.5,14.0625
subject13,13,98.4375,91.40625,-7.03125
subject13,14,98.4375,77.34375,-21.09375
subject13,15,98.4375,112.5,14.0625
subject13,16,98.4375,77.34375,-21.09375
subject13,17,98.4375,112.5,14.0625
subject13,18,98.4375,84.375,-14.0625
subject13,19,98.4375,112.5,14.0625
subject13,20,98.4375,84.375,-14.0625
subject13,21,98.4375,84.375,-14.0625
subject13,22,98.4375,84.375,-14.0625
subject13,23,98.4375,84.375,-14.0625
subject13,24,98.4375,84.375,-14.0625
subject13,25,98.4375,112.5,14.0625
subject13,26,98.4375,84.375,-14.0625
subject13,27,98.4375,91.40625,-7.03125
subject13,28,105.46875,91.40625,-14.0625
subject13,29,105.46875,91.40625,-14.0625
subject13,30,105.46875,91.40625,-14.0625
subject13,31,105.46875,91.40625,-14.0625
subject13,32,105.46875,84.375,-21.09375
subject13,33,105.46875,112.5,7.03125
subject13,34,105.46875,91.40625,-14.0625
subject13,35,105.46875,84.375,-21.09375
subject13,36,105.46875,91.40625,-14.0625
subject13,37,105.46875,98.4375,-7.03125
subject13,38,105.46875,84.375,-21.09375
subject13,39,105.46875,112.5,7.03125
subject13,40,105.46875,98.4375,-7.03125
subject13,41,105.46875,112.5,7.03125
subject13,42,105.46875,98.4375,-7.03125
subject13,43,105.46875,91.40625,-14.0625
subject13,44,98.4375,91.40625,-7.03125
subject13,45,98.4375,91.40625,-7.03125
subject13,46,98.4375,91.40625,-7.03125
subject13,47,98.4375,98.4375,0.0
subject13,48,98.4375,91.40625,-7.03125
subject13,49,98.4375,98.4375,0.0
subject13,50,98.4375,91.40625,-7.03125
subject13,51,98.4375,91.40625,-7.03125
subject13,52,98.4375,98.4375,0.0
subject13,53,98.4375,91.40625,-7.03125
subject13,54,98.4375,98.4375,0.0
subject13,55,98.4375,98.4375,0.0
subject13,56,105.46875,98.4375,-7.03125
subject13,57,105.46875,98.4375,-7.03125
subject13,58,105.46875,98.4375,-7.03125
subject13,59,105.46875,98.4375,-7.03125
subject13,60,105.46875,77.34375,-28.125
subject13,61,105.46875,84.375,-21.09375
subject13,62,105.46875,112.5,7.03125
subject13,63,105.46875,112.5,7.03125
subject13,64,105.46875,77.34375,-28.125
subject13,65,105.46875,77.34375,-28.125
subject13,66,105.46875,98.4375,-7.03125
subject13,67,112.5,84.375,-28.125
subject13,68,112.5,98.4375,-14.0625
subject13,69,112.5,105.46875,-7.03125
subject13,70,112.5,98.4375,-14.0625
subject13,71,112.5,98.4375,-14.0625
subject13,72,112.5,91.40625,-21.09375
subject13,73,112.5,84.375,-28.125
subject13,74,112.5,105.46875,-7.03125
subject13,75,112.5,112.5,0.0
subject13,76,112.5,84.375,-28.125
subject13,77,112.5,112.5,0.0
subject13,78,112.5,84.375,-28.125
subject13,79,112.5,84.375,-28.125
subject13,80,112.5,112.5,0.0
subject13,81,105.46875,112.5,7.03125
subject13,82,105.46875,112.5,7.03125
subject13,83,105.46875,112.5,7.03125
subject13,84,105.46875,98.4375,-7.03125
subject13,85,105.46875,91.40625,-14.0625
subject13,86,105.46875,112.5,7.03125
subject13,87,105.46875,112.5,7.03125
subject13,88,105.46875,112.5,7.03125
subject13,89,105.46875,98.4375,-7.03125
subject13,90,105.46875,112.5,7.03125
subject13,91,112.5,112.5,0.0
subject13,92,112.5,91.40625,-21.09375
subject13,93,112.5,112.5,0.0
subject13,94,112.5,112.5,0.0
subject13,95,112.5,112.5,0.0
subject13,96,112.5,112.5,0.0
subject13,97,112.5,112.5,0.0
subject13,98,112.5,112.5,0.0
subject13,99,112.5,112.5,0.0
subject13,100,112.5,105.46875,-7.03125
subject13,101,112.5,112.5,0.0
subject13,102,112.5,112.5,0.0
subject13,103,112.5,112.5,0.0
subject13,104,112.5,112.5,0.0
subject13,105,112.5,112.5,0.0
subject13,106,112.5,112.5,0.0
subject13,107,112.5,112.5,0.0
subject13,108,112.5,98.4375,-14.0625
subject13,109,112.5,112.5,0.0
subject13,110,112.5,112.5,0.0
subject13,111,112.5,98.4375,-14.0625
subject13,112,112.5,112.5,0.0
subject13,113,112.5,112.5,0.0
subject13,114,112.5,98.4375,-14.0625
subject13,115,112.5,112.5,0.0
subject13,116,112.5,98.4375,-14.0625
subject13,117,112.5,112.5,0.0
subject13,118,112.5,84.375,-28.125
subject13,119,112.5,112.5,0.0
subject13,120,112.5,112.5,0.0
subject13,121,112.5,84.375,-28.125
subject13,122,112.5,98.4375,-14.0625
subject13,123,112.5,84.375,-28.125
subject13,124,112.5,112.5,0.0
subject13,125,112.5,84.375,-28.125
subject13,126,112.5,84.375,-28.125
subject13,127,112.5,112.5,0.0
subject13,128,112.5,91.40625,-21.09375
subject13,129,112.5,84.375,-28.125
subject13,130,112.5,112.5,0.0
subject13,131,112.5,91.40625,-21.09375
subject13,132,112.5,112.5,0.0
subject13,133,112.5,112.5,0.0
subject13,134,112.5,77.34375,-35.15625
subject13,135,112.5,112.5,0.0
subject13,136,112.5,112.5,0.0
subject13,137,119.53125,112.5,-7.03125
subject13,138,119.53125,112.5,-7.03125
subject13,139,119.53125,98.4375,-21.09375
subject13,140,119.53125,112.5,-7.03125
subject13,141,119.53125,112.5,-7.03125
subject13,142,119.53125,91.40625,-28.125
subject13,143,119.53125,112.5,-7.03125
subject13,144,119.53125,84.375,-35.15625
subject13,145,119.53125,84.375,-35.15625
subject13,146,119.53125,112.5,-7.03125
subject13,147,119.53125,112.5,-7.03125
subject13,148,119.53125,84.375,-35.15625
subject13,149,112.5,112.5,0.0
subject13,150,112.5,112.5,0.0
subject13,151,112.5,84.375,-28.125
subject13,152,112.5,112.5,0.0
subject13,153,112.5,84.375,-28.125
subject13,154,112.5,112.5,0.0
subject13,155,112.5,105.46875,-7.03125
subject13,156,112.5,98.4375,-14.0625
subject13,157,112.5,105.46875,-7.03125
subject13,158,112.5,84.375,-28.125
subject13,159,112.5,84.375,-28.125
subject13,160,112.5,84.375,-28.125
subject13,161,112.5,84.375,-28.125
subject13,162,112.5,84.375,-28.125
subject13,163,112.5,105.46875,-7.03125
subject13,164,112.5,105.46875,-7.03125
subject13,165,112.5,91.40625,-21.09375
subject13,166,112.5,105.46875,-7.03125
subject13,167,112.5,98.4375,-14.0625
subject13,168,112.5,91.40625,-21.09375
subject13,169,119.53125,91.40625,-28.125
subject13,170,119.53125,98.4375,-21.09375
subject13,171,119.53125,91.40625,-28.125
subject13,172,112.5,98.4375,-14.0625
subject13,173,119.53125,91.40625,-28.125
subject13,174,112.5,112.5,0.0
subject13,175,112.5,98.4375,-14.0625
subject14,0,70.3125,91.40625,21.09375
subject14,1,70.3125,84.375,14.0625
subject14,2,70.3125,91.40625,21.09375
subject14,3,70.3125,112.5,42.1875
subject14,4,70.3125,112.5,42.1875
subject14,5,70.3125,112.5,42.1875
subject14,6,70.3125,84.375,14.0625
subject14,7,70.3125,112.5,42.1875
subject14,8,70.3125,112.5,42.1875
subject14,9,70.3125,112.5,42.1875
subject14,10,70.3125,91.40625,21.09375
subject14,11,70.3125,112.5,42.1875
subject14,12,70.3125,112.5,42.1875
subject14,13,70.3125,112.5,42.1875
subject14,14,70.3125,112.5,42.1875
subject14,15,70.3125,112.5,42.1875
subject14,16,70.3125,91.40625,21.09375
subject14,17,70.3125,112.5,42.1875
subject14,18,70.3125,112.5,42.1875
subject14,19,70.3125,112.5,42.1875
subject14,20,70.3125,84.375,14.0625
subject14,21,70.3125,112.5,42.1875
subject14,22,70.3125,84.375,14.0625
subject14,23,70.3125,84.375,14.0625
subject14,24,70.3125,112.5,42.1875
subject14,25,70.3125,84.375,14.0625
subject14,26,70.3125,112.5,42.1875
subject14,27,70.3125,84.375,14.0625
subject14,28,70.3125,112.5,42.1875
subject14,29,70.3125,112.5,42.1875
subject14,30,70.3125,112.5,42.1875
subject14,31,70.3125,112.5,42.1875
subject14,32,70.3125,112.5,42.1875
subject14,33,70.3125,77.34375,7.03125
subject14,34,70.3125,112.5,42.1875
subject14,35,70.3125,77.34375,7.03125
subject14,36,70.3125,91.40625,21.09375
subject14,37,70.3125,98.4375,28.125
subject14,38,70.3125,91.40625,21.09375
subject14,39,70.3125,77.34375,7.03125
subject14,40,70.3125,91.40625,21.09375
subject14,41,70.3125,84.375,14.0625
subject14,42,70.3125,77.34375,7.03125
subject14,43,70.3125,91.40625,21.09375
subject14,44,70.3125,77.34375,7.03125
subject14,45,70.3125,84.375,14.0625
subject14,46,70.3125,91.40625,21.09375
subject14,47,70.3125,77.34375,7.03125
subject14,48,70.3125,84.375,14.0625
subject14,49,77.34375,112.5,35.15625
subject14,50,77.34375,84.375,7.03125
subject14,51,77.34375,91.40625,14.0625
subject14,52,77.34375,84.375,7.03125
subject14,53,77.34375,84.375,7.03125
subject14,54,77.34375,91.40625,14.0625
subject14,55,77.34375,112.5,35.15625
subject14,56,77.34375,84.375,7.03125
subject14,57,77.34375,91.40625,14.0625
subject14,58,77.34375,84.375,7.03125
subject14,59,77.34375,112.5,35.15625
subject14,60,77.34375,112.5,35.15625
subject14,61,77.34375,112.5,35.15625
subject14,62,77.34375,112.5,35.15625
subject14,63,77.34375,91.40625,14.0625
subject14,64,77.34375,112.5,35.15625
subject14,65,77.34375,112.5,35.15625
subject14,66,77.34375,112.5,35.15625
subject14,67,77.34375,112.5,35.15625
subject14,68,77.34375,84.375,7.03125
subject14,69,77.34375,112.5,35.15625
subject14,70,77.34375,112.5,35.15625
subject14,71,77.34375,84.375,7.03125
subject14,72,77.34375,112.5,35.15625
subject14,73,77.34375,112.5,35.15625
subject14,74,77.34375,84.375,7.03125
subject14,75,77.34375,112.5,35.15625
subject14,76,84.375,84.375,0.0
subject14,77,84.375,112.5,28.125
subject14,78,84.375,112.5,28.125
subject14,79,84.375,84.375,0.0
subject14,80,84.375,77.34375,-7.03125
subject14,81,84.375,112.5,28.125
subject14,82,84.375,112.5,28.125
subject14,83,84.375,112.5,28.125
subject14,84,84.375,112.5,28.125
subject14,85,98.4375,112.5,14.0625
subject14,86,98.4375,112.5,14.0625
subject14,87,84.375,112.5,28.125
subject14,88,77.34375,112.5,35.15625
subject14,89,77.34375,112.5,35.15625
subject14,90,77.34375,112.5,35.15625
subject14,91,77.34375,112.5,35.15625
subject14,92,91.40625,112.5,21.09375
subject14,93,91.40625,112.5,21.09375
subject14,94,91.40625,112.5,21.09375
subject14,95,91.40625,112.5,21.09375
subject14,96,91.40625,112.5,21.09375
subject14,97,91.40625,112.5,21.09375
subject14,98,91.40625,112.5,21.09375
subject14,99,91.40625,112.5,21.09375
subject14,100,77.34375,112.5,35.15625
subject14,101,77.34375,112.5,35.15625
subject14,102,77.34375,112.5,35.15625
subject14,103,77.34375,112.5,35.15625
subject14,104,77.34375,84.375,7.03125
subject14,105,77.34375,91.40625,14.0625
subject14,106,77.34375,112.5,35.15625
subject14,107,77.34375,91.40625,14.0625
subject14,108,84.375,112.5,28.125
subject14,109,84.375,84.375,0.0
subject14,110,84.375,91.40625,7.03125
subject14,111,77.34375,84.375,7.03125
subject14,112,77.34375,91.40625,14.0625
subject14,113,84.375,91.40625,7.03125
subject14,114,84.375,112.5,28.125
subject14,115,84.375,112.5,28.125
subject14,116,84.375,112.5,28.125
subject14,117,84.375,112.5,28.125
subject14,118,84.375,112.5,28.125
subject14,119,84.375,112.5,28.125
subject14,120,84.375,112.5,28.125
subject14,121,84.375,112.5,28.125
subject14,122,84.375,112.5,28.125
subject14,123,84.375,112.5,28.125
subject14,124,84.375,112.5,28.125
subject14,125,84.375,112.5,28.125
subject14,126,70.3125,112.5,42.1875
subject14,127,70.3125,112.5,42.1875
subject14,128,70.3125,112.5,42.1875
subject14,129,70.3125,98.4375,28.125
subject14,130,70.3125,112.5,42.1875
subject14,131,70.3125,98.4375,28.125
subject14,132,70.3125,91.40625,21.09375
subject14,133,70.3125,112.5,42.1875
subject14,134,70.3125,98.4375,28.125
subject14,135,70.3125,112.5,42.1875
subject14,136,70.3125,112.5,42.1875
subject14,137,70.3125,98.4375,28.125
subject14,138,70.3125,112.5,42.1875
subject14,139,70.3125,98.4375,28.125
subject14,140,70.3125,112.5,42.1875
subject14,141,70.3125,112.5,42.1875
subject14,142,70.3125,112.5,42.1875
subject14,143,70.3125,112.5,42.1875
subject14,144,98.4375,112.5,14.0625
subject14,145,98.4375,112.5,14.0625
subject14,146,105.46875,112.5,7.03125
subject14,147,112.5,91.40625,-21.09375
subject14,148,77.34375,91.40625,14.0625
subject14,149,77.34375,91.40625,14.0625
subject14,150,84.375,91.40625,7.03125
subject14,151,84.375,105.46875,21.09375
subject14,152,84.375,112.5,28.125
subject14,153,84.375,91.40625,7.03125
subject14,154,84.375,112.5,28.125
subject14,155,84.375,84.375,0.0
subject14,156,84.375,84.375,0.0
subject14,157,77.34375,98.4375,21.09375
subject14,158,84.375,84.375,0.0
subject14,159,84.375,91.40625,7.03125
subject14,160,84.375,98.4375,14.0625
subject14,161,77.34375,84.375,7.03125
subject14,162,77.34375,98.4375,21.09375
subject14,163,77.34375,84.375,7.03125
subject14,164,77.34375,98.4375,21.09375
subject14,165,77.34375,91.40625,14.0625
subject14,166,77.34375,91.40625,14.0625
subject14,167,77.34375,84.375,7.03125
subject14,168,77.34375,91.40625,14.0625
subject14,169,77.34375,84.375,7.03125
subject14,170,77.34375,112.5,35.15625
subject14,171,77.34375,91.40625,14.0625
subject14,172,77.34375,112.5,35.15625
subject15,0,119.53125,105.46875,-14.0625
subject15,1,119.53125,105.46875,-14.0625
subject15,2,119.53125,105.46875,-14.0625
subject15,3,119.53125,105.46875,-14.0625
subject15,4,119.53125,112.5,-7.03125
subject15,5,119.53125,112.5,-7.03125
subject15,6,119.53125,112.5,-7.03125
subject15,7,119.53125,112.5,-7.03125
subject15,8,119.53125,98.4375,-21.09375
subject15,9,119.53125,112.5,-7.03125
subject15,10,119.53125,105.46875,-14.0625
subject15,11,119.53125,112.5,-7.03125
subject15,12,119.53125,112.5,-7.03125
subject15,13,119.53125,112.5,-7.03125
subject15,14,119.53125,112.5,-7.03125
subject15,15,119.53125,112.5,-7.03125
subject15,16,119.53125,112.5,-7.03125
subject15,17,119.53125,112.5,-7.03125
subject15,18,119.53125,112.5,-7.03125
subject15,19,119.53125,112.5,-7.03125
subject15,20,119.53125,112.5,-7.03125
subject15,21,119.53125,112.5,-7.03125
subject15,22,119.53125,112.5,-7.03125
subject15,23,119.53125,112.5,-7.03125
subject15,24,119.53125,112.5,-7.03125
subject15,25,119.53125,105.46875,-14.0625
subject15,26,119.53125,112.5,-7.03125
subject15,27,119.53125,105.46875,-14.0625
subject15,28,119.53125,112.5,-7.03125
subject15,29,119.53125,112.5,-7.03125
subject15,30,119.53125,112.5,-7.03125
subject15,31,119.53125,112.5,-7.03125
subject15,32,119.53125,112.5,-7.03125
subject15,33,119.53125,112.5,-7.03125
subject15,34,119.53125,112.5,-7.03125
subject15,35,119.53125,112.5,-7.03125
subject15,36,119.53125,112.5,-7.03125
subject15,37,119.53125,112.5,-7.03125
subject15,38,119.53125,84.375,-35.15625
subject15,39,119.53125,77.34375,-42.1875
subject15,40,119.53125,112.5,-7.03125
subject15,41,119.53125,84.375,-35.15625
subject15,42,119.53125,112.5,-7.03125
subject15,43,119.53125,84.375,-35.15625
subject15,44,119.53125,112.5,-7.03125
subject15,45,119.53125,84.375,-35.15625
subject15,46,119.53125,84.375,-35.15625
subject15,47,119.53125,91.40625,-28.125
subject15,48,119.53125,112.5,-7.03125
subject15,49,119.53125,112.5,-7.03125
subject15,50,119.53125,112.5,-7.03125
subject15,51,119.53125,98.4375,-21.09375
subject15,52,119.53125,91.40625,-28.125
subject15,53,119.53125,91.40625,-28.125
subject15,54,119.53125,98.4375,-21.09375
subject15,55,119.53125,91.40625,-28.125
subject15,56,119.53125,98.4375,-21.09375
subject15,57,119.53125,105.46875,-14.0625
subject15,58,119.53125,112.5,-7.03125
subject15,59,119.53125,105.46875,-14.0625
subject15,60,119.53125,112.5,-7.03125
subject15,61,119.53125,91.40625,-28.125
subject15,62,119.53125,105.46875,-14.0625
subject15,63,119.53125,98.4375,-21.09375
subject15,64,119.53125,105.46875,-14.0625
subject15,65,119.53125,112.5,-7.03125
subject15,66,119.53125,112.5,-7.03125
subject15,67,119.53125,91.40625,-28.125
subject15,68,119.53125,112.5,-7.03125
subject15,69,119.53125,98.4375,-21.09375
subject15,70,119.53125,112.5,-7.03125
subject15,71,119.53125,112.5,-7.03125
subject15,72,119.53125,84.375,-35.15625
subject15,73,119.53125,112.5,-7.03125
subject15,74,119.53125,112.5,-7.03125
subject15,75,119.53125,112.5,-7.03125
subject15,76,119.53125,112.5,-7.03125
subject15,77,119.53125,91.40625,-28.125
subject15,78,119.53125,112.5,-7.03125
subject15,79,119.53125,105.46875,-14.0625
subject15,80,119.53125,105.46875,-14.0625
subject15,81,119.53125,105.46875,-14.0625
subject15,82,119.53125,105.46875,-14.0625
subject15,83,119.53125,105.46875,-14.0625
subject15,84,119.53125,112.5,-7.03125
subject15,85,119.53125,112.5,-7.03125
subject15,86,119.53125,112.5,-7.03125
subject15,87,119.53125,112.5,-7.03125
subject15,88,119.53125,112.5,-7.03125
subject15,89,119.53125,112.5,-7.03125
subject15,90,119.53125,112.5,-7.03125
subject15,91,112.5,77.34375,-35.15625
subject15,92,112.5,112.5,0.0
subject15,93,112.5,112.5,0.0
subject15,94,112.5,112.5,0.0
subject15,95,112.5,98.4375,-14.0625
subject15,96,112.5,112.5,0.0
subject15,97,112.5,98.4375,-14.0625
subject15,98,112.5,112.5,0.0
subject15,99,112.5,91.40625,-21.09375
subject15,100,112.5,84.375,-28.125
subject15,101,112.5,112.5,0.0
subject15,102,112.5,91.40625,-21.09375
subject15,103,112.5,112.5,0.0
subject15,104,112.5,112.5,0.0
subject15,105,112.5,112.5,0.0
subject15,106,112.5,112.5,0.0
subject15,107,112.5,112.5,0.0
subject15,108,112.5,91.40625,-21.09375
subject15,109,112.5,112.5,0.0
subject15,110,112.5,91.40625,-21.09375
subject15,111,112.5,112.5,0.0
subject15,112,112.5,91.40625,-21.09375
subject15,113,112.5,112.5,0.0
subject15,114,112.5,112.5,0.0
subject15,115,112.5,112.5,0.0
subject15,116,112.5,112.5,0.0
subject15,117,112.5,112.5,0.0
subject15,118,112.5,112.5,0.0
subject15,119,112.5,112.5,0.0
subject15,120,112.5,112.5,0.0
subject15,121,112.5,112.5,0.0
subject15,122,112.5,112.5,0.0
subject15,123,112.5,112.5,0.0
subject15,124,112.5,112.5,0.0
subject15,125,112.5,112.5,0.0
subject15,126,112.5,112.5,0.0
subject15,127,112.5,112.5,0.0
subject15,128,112.5,98.4375,-14.0625
subject15,129,112.5,112.5,0.0
subject15,130,112.5,98.4375,-14.0625
subject15,131,112.5,112.5,0.0
subject15,132,112.5,112.5,0.0
subject15,133,112.5,84.375,-28.125
subject15,134,112.5,91.40625,-21.09375
subject15,135,112.5,84.375,-28.125
subject15,136,112.5,112.5,0.0
subject15,137,112.5,112.5,0.0
subject15,138,112.5,112.5,0.0
subject15,139,112.5,112.5,0.0
subject15,140,112.5,112.5,0.0
subject15,141,112.5,112.5,0.0
subject15,142,112.5,112.5,0.0
subject15,143,112.5,77.34375,-35.15625
subject15,144,112.5,112.5,0.0
subject15,145,112.5,77.34375,-35.15625
subject15,146,112.5,112.5,0.0
subject15,147,112.5,77.34375,-35.15625
subject15,148,112.5,112.5,0.0
subject15,149,112.5,112.5,0.0
subject15,150,112.5,112.5,0.0
subject15,151,112.5,112.5,0.0
subject15,152,112.5,112.5,0.0
subject15,153,112.5,112.5,0.0
subject15,154,112.5,112.5,0.0
subject15,155,112.5,112.5,0.0
subject15,156,112.5,112.5,0.0
subject15,157,112.5,112.5,0.0
subject15,158,112.5,112.5,0.0
subject15,159,112.5,112.5,0.0
subject15,160,112.5,112.5,0.0
subject15,161,112.5,91.40625,-21.09375
subject15,162,112.5,84.375,-28.125
subject15,163,112.5,84.375,-28.125
subject15,164,112.5,84.375,-28.125
subject15,165,112.5,84.375,-28.125
subject15,166,112.5,84.375,-28.125
subject15,167,112.5,84.375,-28.125
subject15,168,112.5,112.5,0.0
subject15,169,112.5,84.375,-28.125
subject15,170,112.5,112.5,0.0
subject15,171,112.5,84.375,-28.125
subject15,172,112.5,77.34375,-35.15625
subject15,173,112.5,84.375,-28.125
subject15,174,112.5,84.375,-28.125
subject15,175,112.5,112.5,0.0
subject16,0,98.4375,98.4375,0.0
subject16,1,98.4375,84.375,-14.0625
subject16,2,98.4375,105.46875,7.03125
subject16,3,98.4375,84.375,-14.0625
subject16,4,98.4375,112.5,14.0625
subject16,5,98.4375,91.40625,-7.03125
subject16,6,98.4375,98.4375,0.0
subject16,7,98.4375,112.5,14.0625
subject16,8,98.4375,91.40625,-7.03125
subject16,9,91.40625,98.4375,7.03125
subject16,10,91.40625,112.5,21.09375
subject16,11,91.40625,98.4375,7.03125
subject16,12,91.40625,84.375,-7.03125
subject16,13,91.40625,98.4375,7.03125
subject16,14,91.40625,98.4375,7.03125
subject16,15,91.40625,112.5,21.09375
subject16,16,91.40625,98.4375,7.03125
subject16,17,91.40625,112.5,21.09375
subject16,18,91.40625,98.4375,7.03125
subject16,19,91.40625,98.4375,7.03125
subject16,20,91.40625,112.5,21.09375
subject16,21,91.40625,98.4375,7.03125
subject16,22,91.40625,112.5,21.09375
subject16,23,91.40625,112.5,21.09375
subject16,24,91.40625,105.46875,14.0625
subject16,25,91.40625,112.5,21.09375
subject16,26,91.40625,112.5,21.09375
subject16,27,91.40625,112.5,21.09375
subject16,28,91.40625,112.5,21.09375
subject16,29,91.40625,112.5,21.09375
subject16,30,91.40625,112.5,21.09375
subject16,31,91.40625,112.5,21.09375
subject16,32,91.40625,84.375,-7.03125
subject16,33,91.40625,84.375,-7.03125
subject16,34,91.40625,84.375,-7.03125
subject16,35,91.40625,77.34375,-14.0625
subject16,36,98.4375,84.375,-14.0625
subject16,37,98.4375,91.40625,-7.03125
subject16,38,98.4375,84.375,-14.0625
subject16,39,98.4375,91.40625,-7.03125
subject16,40,98.4375,84.375,-14.0625
subject16,41,98.4375,91.40625,-7.03125
subject16,42,98.4375,91.40625,-7.03125
subject16,43,98.4375,84.375,-14.0625
subject16,44,98.4375,98.4375,0.0
subject16,45,98.4375,91.40625,-7.03125
subject16,46,98.4375,112.5,14.0625
subject16,47,98.4375,112.5,14.0625
subject16,48,98.4375,112.5,14.0625
subject16,49,98.4375,84.375,-14.0625
subject16,50,98.4375,91.40625,-7.03125
subject16,51,98.4375,112.5,14.0625
subject16,52,98.4375,91.40625,-7.03125
subject16,53,98.4375,91.40625,-7.03125
subject16,54,98.4375,84.375,-14.0625
subject16,55,98.4375,91.40625,-7.03125
subject16,56,98.4375,91.40625,-7.03125
subject16,57,98.4375,84.375,-14.0625
subject16,58,98.4375,91.40625,-7.03125
subject16,59,98.4375,84.375,-14.0625
subject16,60,98.4375,84.375,-14.0625
subject16,61,98.4375,84.375,-14.0625
subject16,62,98.4375,84.375,-14.0625
subject16,63,98.4375,84.375,-14.0625
subject16,64,98.4375,84.375,-14.0625
subject16,65,98.4375,84.375,-14.0625
subject16,66,98.4375,84.375,-14.0625
subject16,67,98.4375,84.375,-14.0625
subject16,68,98.4375,84.375,-14.0625
subject16,69,98.4375,98.4375,0.0
subject16,70,98.4375,84.375,-14.0625
subject16,71,98.4375,84.375,-14.0625
subject16,72,98.4375,98.4375,0.0
subject16,73,98.4375,112.5,14.0625
subject16,74,98.4375,84.375,-14.0625
subject16,75,98.4375,91.40625,-7.03125
subject16,76,98.4375,112.5,14.0625
subject16,77,98.4375,91.40625,-7.03125
subject16,78,98.4375,77.34375,-21.09375
subject16,79,98.4375,84.375,-14.0625
subject16,80,98.4375,84.375,-14.0625
subject16,81,98.4375,112.5,14.0625
subject16,82,98.4375,112.5,14.0625
subject16,83,98.4375,112.5,14.0625
subject16,84,98.4375,112.5,14.0625
subject16,85,98.4375,112.5,14.0625
subject16,86,91.40625,112.5,21.09375
subject16,87,91.40625,112.5,21.09375
subject16,88,91.40625,112.5,21.09375
subject16,89,91.40625,91.40625,0.0
subject16,90,91.40625,112.5,21.09375
subject16,91,91.40625,112.5,21.09375
subject16,92,91.40625,98.4375,7.03125
subject16,93,91.40625,112.5,21.09375
subject16,94,91.40625,112.5,21.09375
subject16,95,91.40625,112.5,21.09375
subject16,96,91.40625,84.375,-7.03125
subject16,97,91.40625,84.375,-7.03125
subject16,98,91.40625,112.5,21.09375
subject16,99,91.40625,84.375,-7.03125
subject16,100,91.40625,98.4375,7.03125
subject16,101,91.40625,112.5,21.09375
subject16,102,91.40625,112.5,21.09375
subject16,103,91.40625,112.5,21.09375
subject16,104,91.40625,112.5,21.09375
subject16,105,91.40625,112.5,21.09375
subject16,106,91.40625,112.5,21.09375
subject16,107,91.40625,77.34375,-14.0625
subject16,108,91.40625,112.5,21.09375
subject16,109,91.40625,105.46875,14.0625
subject16,110,91.40625,112.5,21.09375
subject16,111,91.40625,112.5,21.09375
subject16,112,91.40625,112.5,21.09375
subject16,113,91.40625,112.5,21.09375
subject16,114,91.40625,112.5,21.09375
subject16,115,91.40625,112.5,21.09375
subject16,116,91.40625,112.5,21.09375
subject16,117,91.40625,91.40625,0.0
subject16,118,91.40625,91.40625,0.0
subject16,119,91.40625,91.40625,0.0
subject16,120,91.40625,91.40625,0.0
subject16,121,91.40625,91.40625,0.0
subject16,122,91.40625,91.40625,0.0
subject16,123,91.40625,91.40625,0.0
subject16,124,91.40625,91.40625,0.0
subject16,125,91.40625,91.40625,0.0
subject16,126,91.40625,91.40625,0.0
subject16,127,91.40625,91.40625,0.0
subject16,128,91.40625,91.40625,0.0
subject16,129,91.40625,91.40625,0.0
subject16,130,91.40625,91.40625,0.0
subject16,131,91.40625,91.40625,0.0
subject16,132,91.40625,84.375,-7.03125
subject16,133,91.40625,91.40625,0.0
subject16,134,91.40625,84.375,-7.03125
subject16,135,91.40625,91.40625,0.0
subject16,136,91.40625,98.4375,7.03125
subject16,137,91.40625,91.40625,0.0
subject16,138,91.40625,84.375,-7.03125
subject16,139,91.40625,98.4375,7.03125
subject16,140,91.40625,112.5,21.09375
subject16,141,91.40625,91.40625,0.0
subject16,142,91.40625,91.40625,0.0
subject16,143,91.40625,91.40625,0.0
subject16,144,91.40625,91.40625,0.0
subject16,145,91.40625,112.5,21.09375
subject16,146,91.40625,91.40625,0.0
subject16,147,91.40625,84.375,-7.03125
subject16,148,91.40625,91.40625,0.0
subject16,149,91.40625,84.375,-7.03125
subject16,150,91.40625,91.40625,0.0
subject16,151,91.40625,91.40625,0.0
subject16,152,91.40625,91.40625,0.0
subject16,153,91.40625,91.40625,0.0
subject16,154,91.40625,91.40625,0.0
subject16,155,91.40625,112.5,21.09375
subject16,156,91.40625,91.40625,0.0
subject16,157,91.40625,91.40625,0.0
subject16,158,91.40625,91.40625,0.0
subject16,159,91.40625,91.40625,0.0
subject16,160,91.40625,91.40625,0.0
subject16,161,91.40625,77.34375,-14.0625
subject16,162,91.40625,91.40625,0.0
subject16,163,91.40625,77.34375,-14.0625
subject16,164,91.40625,91.40625,0.0
subject16,165,91.40625,91.40625,0.0
subject16,166,91.40625,91.40625,0.0
subject16,167,91.40625,112.5,21.09375
subject16,168,91.40625,91.40625,0.0
subject16,169,91.40625,112.5,21.09375
subject16,170,91.40625,98.4375,7.03125
subject16,171,91.40625,98.4375,7.03125
subject16,172,91.40625,112.5,21.09375
subject16,173,91.40625,98.4375,7.03125
subject16,174,91.40625,112.5,21.09375
subject16,175,91.40625,112.5,21.09375
subject16,176,91.40625,84.375,-7.03125
subject16,177,91.40625,112.5,21.09375
subject16,178,91.40625,112.5,21.09375
subject17,0,84.375,112.5,28.125
subject17,1,84.375,112.5,28.125
subject17,2,84.375,112.5,28.125
subject17,3,84.375,105.46875,21.09375
subject17,4,84.375,112.5,28.125
subject17,5,84.375,105.46875,21.09375
subject17,6,84.375,112.5,28.125
subject17,7,84.375,84.375,0.0
subject17,8,84.375,84.375,0.0
subject17,9,84.375,84.375,0.0
subject17,10,84.375,84.375,0.0
subject17,11,84.375,112.5,28.125
subject17,12,84.375,112.5,28.125
subject17,13,84.375,84.375,0.0
subject17,14,84.375,91.40625,7.03125
subject17,15,84.375,91.40625,7.03125
subject17,16,84.375,112.5,28.125
subject17,17,84.375,112.5,28.125
subject17,18,84.375,84.375,0.0
subject17,19,84.375,84.375,0.0
subject17,20,84.375,112.5,28.125
subject17,21,84.375,84.375,0.0
subject17,22,84.375,112.5,28.125
subject17,23,84.375,112.5,28.125
subject17,24,84.375,84.375,0.0
subject17,25,84.375,112.5,28.125
subject17,26,84.375,84.375,0.0
subject17,27,84.375,84.375,0.0
subject17,28,84.375,84.375,0.0
subject17,29,84.375,84.375,0.0
subject17,30,84.375,84.375,0.0
subject17,31,84.375,84.375,0.0
subject17,32,84.375,84.375,0.0
subject17,33,84.375,91.40625,7.03125
subject17,34,84.375,91.40625,7.03125
subject17,35,84.375,98.4375,14.0625
subject17,36,84.375,112.5,28.125
subject17,37,84.375,91.40625,7.03125
subject17,38,84.375,84.375,0.0
subject17,39,84.375,112.5,28.125
subject17,40,84.375,112.5,28.125
subject17,41,84.375,112.5,28.125
subject17,42,84.375,84.375,0.0
subject17,43,84.375,91.40625,7.03125
subject17,44,84.375,112.5,28.125
subject17,45,84.375,91.40625,7.03125
subject17,46,84.375,112.5,28.125
subject17,47,84.375,84.375,0.0
subject17,48,84.375,112.5,28.125
subject17,49,84.375,91.40625,7.03125
subject17,50,84.375,112.5,28.125
subject17,51,84.375,91.40625,7.03125
subject17,52,91.40625,91.40625,0.0
subject17,53,84.375,112.5,28.125
subject17,54,91.40625,112.5,21.09375
subject17,55,84.375,112.5,28.125
subject17,56,91.40625,112.5,21.09375
subject17,57,91.40625,98.4375,7.03125
subject17,58,91.40625,112.5,21.09375
subject17,59,91.40625,112.5,21.09375
subject17,60,91.40625,91.40625,0.0
subject17,61,91.40625,105.46875,14.0625
subject17,62,91.40625,112.5,21.09375
subject17,63,91.40625,105.46875,14.0625
subject17,64,91.40625,84.375,-7.03125
subject17,65,91.40625,84.375,-7.03125
subject17,66,91.40625,84.375,-7.03125
subject17,67,91.40625,84.375,-7.03125
subject17,68,91.40625,91.40625,0.0
subject17,69,91.40625,112.5,21.09375
subject17,70,91.40625,91.40625,0.0
subject17,71,91.40625,91.40625,0.0
subject17,72,91.40625,112.5,21.09375
subject17,73,91.40625,91.40625,0.0
subject17,74,91.40625,105.46875,14.0625
subject17,75,91.40625,84.375,-7.03125
subject17,76,91.40625,91.40625,0.0
subject17,77,91.40625,112.5,21.09375
subject17,78,91.40625,84.375,-7.03125
subject17,79,91.40625,112.5,21.09375
subject17,80,91.40625,112.5,21.09375
subject17,81,91.40625,112.5,21.09375
subject17,82,91.40625,112.5,21.09375
subject17,83,91.40625,112.5,21.09375
subject17,84,84.375,112.5,28.125
subject17,85,84.375,77.34375,-7.03125
subject17,86,84.375,112.5,28.125
subject17,87,84.375,112.5,28.125
subject17,88,84.375,77.34375,-7.03125
subject17,89,84.375,112.5,28.125
subject17,90,84.375,91.40625,7.03125
subject17,91,84.375,112.5,28.125
subject17,92,84.375,91.40625,7.03125
subject17,93,84.375,77.34375,-7.03125
subject17,94,84.375,91.40625,7.03125
subject17,95,84.375,112.5,28.125
subject17,96,84.375,77.34375,-7.03125
subject17,97,84.375,84.375,0.0
subject17,98,84.375,84.375,0.0
subject17,99,84.375,112.5,28.125
subject17,100,84.375,84.375,0.0
subject17,101,84.375,84.375,0.0
subject17,102,84.375,84.375,0.0
subject17,103,84.375,84.375,0.0
subject17,104,84.375,84.375,0.0
subject17,105,84.375,84.375,0.0
subject17,106,84.375,84.375,0.0
subject17,107,84.375,112.5,28.125
subject17,108,84.375,112.5,28.125
subject17,109,84.375,112.5,28.125
subject17,110,84.375,112.5,28.125
subject17,111,84.375,112.5,28.125
subject17,112,84.375,112.5,28.125
subject17,113,84.375,112.5,28.125
subject17,114,84.375,112.5,28.125
subject17,115,84.375,98.4375,14.0625
subject17,116,84.375,84.375,0.0
subject17,117,84.375,84.375,0.0
subject17,118,84.375,112.5,28.125
subject17,119,84.375,112.5,28.125
subject17,120,84.375,91.40625,7.03125
subject17,121,84.375,77.34375,-7.03125
subject17,122,84.375,91.40625,7.03125
subject17,123,84.375,112.5,28.125
subject17,124,84.375,91.40625,7.03125
subject17,125,84.375,84.375,0.0
subject17,126,84.375,112.5,28.125
subject17,127,84.375,112.5,28.125
subject17,128,84.375,112.5,28.125
subject17,129,84.375,112.5,28.125
subject17,130,84.375,112.5,28.125
subject17,131,84.375,105.46875,21.09375
subject17,132,84.375,112.5,28.125
subject17,133,84.375,105.46875,21.09375
subject17,134,84.375,84.375,0.0
subject17,135,84.375,112.5,28.125
subject17,136,84.375,105.46875,21.09375
subject17,137,84.375,112.5,28.125
subject17,138,84.375,112.5,28.125
subject17,139,84.375,112.5,28.125
subject17,140,91.40625,112.5,21.09375
subject17,141,91.40625,91.40625,0.0
subject17,142,91.40625,112.5,21.09375
subject17,143,91.40625,91.40625,0.0
subject17,144,91.40625,91.40625,0.0
subject17,145,91.40625,112.5,21.09375
subject17,146,91.40625,91.40625,0.0
subject17,147,91.40625,112.5,21.09375
subject17,148,91.40625,112.5,21.09375
subject17,149,91.40625,91.40625,0.0
subject17,150,91.40625,112.5,21.09375
subject17,151,91.40625,91.40625,0.0
subject17,152,91.40625,91.40625,0.0
subject17,153,91.40625,112.5,21.09375
subject17,154,91.40625,112.5,21.09375
subject17,155,91.40625,112.5,21.09375
subject17,156,91.40625,112.5,21.09375
subject17,157,91.40625,112.5,21.09375
subject17,158,91.40625,112.5,21.09375
subject17,159,91.40625,112.5,21.09375
subject17,160,91.40625,112.5,21.09375
subject17,161,91.40625,112.5,21.09375
subject17,162,91.40625,112.5,21.09375
subject17,163,91.40625,112.5,21.09375
subject17,164,91.40625,112.5,21.09375
subject17,165,91.40625,84.375,-7.03125
subject17,166,91.40625,84.375,-7.03125
subject17,167,84.375,84.375,0.0
subject17,168,84.375,112.5,28.125
subject17,169,84.375,112.5,28.125
subject17,170,84.375,112.5,28.125
subject17,171,84.375,112.5,28.125
subject17,172,84.375,84.375,0.0
subject17,173,84.375,105.46875,21.09375
subject17,174,84.375,84.375,0.0
subject17,175,84.375,84.375,0.0
subject17,176,84.375,91.40625,7.03125
subject17,177,84.375,112.5,28.125
subject18,0,105.46875,91.40625,-14.0625
subject18,1,105.46875,91.40625,-14.0625
subject18,2,105.46875,91.40625,-14.0625
subject18,3,105.46875,91.40625,-14.0625
subject18,4,105.46875,105.46875,0.0
subject18,5,105.46875,91.40625,-14.0625
subject18,6,105.46875,98.4375,-7.03125
subject18,7,105.46875,105.46875,0.0
subject18,8,105.46875,98.4375,-7.03125
subject18,9,105.46875,84.375,-21.09375
subject18,10,105.46875,112.5,7.03125
subject18,11,105.46875,98.4375,-7.03125
subject18,12,105.46875,91.40625,-14.0625
subject18,13,105.46875,112.5,7.03125
subject18,14,105.46875,98.4375,-7.03125
subject18,15,105.46875,98.4375,-7.03125
subject18,16,105.46875,91.40625,-14.0625
subject18,17,105.46875,98.4375,-7.03125
subject18,18,105.46875,84.375,-21.09375
subject18,19,112.5,98.4375,-14.0625
subject18,20,112.5,84.375,-28.125
subject18,21,112.5,91.40625,-21.09375
subject18,22,112.5,98.4375,-14.0625
subject18,23,112.5,112.5,0.0
subject18,24,112.5,98.4375,-14.0625
subject18,25,112.5,112.5,0.0
subject18,26,112.5,112.5,0.0
subject18,27,112.5,112.5,0.0
subject18,28,112.5,84.375,-28.125
subject18,29,112.5,112.5,0.0
subject18,30,112.5,112.5,0.0
subject18,31,112.5,84.375,-28.125
subject18,32,112.5,112.5,0.0
subject18,33,112.5,112.5,0.0
subject18,34,112.5,84.375,-28.125
subject18,35,112.5,98.4375,-14.0625
subject18,36,112.5,112.5,0.0
subject18,37,112.5,84.375,-28.125
subject18,38,112.5,84.375,-28.125
subject18,39,112.5,84.375,-28.125
subject18,40,112.5,112.5,0.0
subject18,41,112.5,84.375,-28.125
subject18,42,112.5,84.375,-28.125
subject18,43,112.5,84.375,-28.125
subject18,44,112.5,84.375,-28.125
subject18,45,112.5,84.375,-28.125
subject18,46,112.5,84.375,-28.125
subject18,47,112.5,84.375,-28.125
subject18,48,112.5,112.5,0.0
subject18,49,112.5,112.5,0.0
subject18,50,112.5,84.375,-28.125
subject18,51,119.53125,112.5,-7.03125
subject18,52,119.53125,84.375,-35.15625
subject18,53,119.53125,91.40625,-28.125
subject18,54,119.53125,112.5,-7.03125
subject18,55,119.53125,112.5,-7.03125
subject18,56,119.53125,98.4375,-21.09375
subject18,57,119.53125,112.5,-7.03125
subject18,58,119.53125,112.5,-7.03125
subject18,59,119.53125,112.5,-7.03125
subject18,60,119.53125,112.5,-7.03125
subject18,61,126.5625,112.5,-14.0625
subject18,62,126.5625,84.375,-42.1875
subject18,63,126.5625,91.40625,-35.15625
subject18,64,126.5625,112.5,-14.0625
subject18,65,126.5625,91.40625,-35.15625
subject18,66,126.5625,91.40625,-35.15625
subject18,67,126.5625,84.375,-42.1875
subject18,68,126.5625,91.40625,-35.15625
subject18,69,126.5625,84.375,-42.1875
subject18,70,126.5625,84.375,-42.1875
subject18,71,126.5625,91.40625,-35.15625
subject18,72,126.5625,84.375,-42.1875
subject18,73,126.5625,112.5,-14.0625
subject18,74,126.5625,112.5,-14.0625
subject18,75,126.5625,84.375,-42.1875
subject18,76,126.5625,112.5,-14.0625
subject18,77,126.5625,112.5,-14.0625
subject18,78,126.5625,112.5,-14.0625
subject18,79,126.5625,91.40625,-35.15625
subject18,80,126.5625,77.34375,-49.21875
subject18,81,126.5625,91.40625,-35.15625
subject18,82,126.5625,112.5,-14.0625
subject18,83,126.5625,112.5,-14.0625
subject18,84,126.5625,112.5,-14.0625
subject18,85,126.5625,112.5,-14.0625
subject18,86,126.5625,112.5,-14.0625
subject18,87,126.5625,91.40625,-35.15625
subject18,88,119.53125,91.40625,-28.125
subject18,89,119.53125,112.5,-7.03125
subject18,90,119.53125,84.375,-35.15625
subject18,91,119.53125,77.34375,-42.1875
subject18,92,119.53125,112.5,-7.03125
subject18,93,119.53125,112.5,-7.03125
subject18,94,119.53125,112.5,-7.03125
subject18,95,119.53125,112.5,-7.03125
subject18,96,119.53125,77.34375,-42.1875
subject18,97,119.53125,105.46875,-14.0625
subject18,98,119.53125,112.5,-7.03125
subject18,99,119.53125,112.5,-7.03125
subject18,100,119.53125,112.5,-7.03125
subject18,101,119.53125,112.5,-7.03125
subject18,102,126.5625,112.5,-14.0625
subject18,103,126.5625,112.5,-14.0625
subject18,104,126.5625,91.40625,-35.15625
subject18,105,126.5625,112.5,-14.0625
subject18,106,126.5625,112.5,-14.0625
subject18,107,126.5625,112.5,-14.0625
subject18,108,126.5625,112.5,-14.0625
subject18,109,126.5625,112.5,-14.0625
subject18,110,126.5625,98.4375,-28.125
subject18,111,126.5625,112.5,-14.0625
subject18,112,126.5625,98.4375,-28.125
subject18,113,126.5625,112.5,-14.0625
subject18,114,126.5625,98.4375,-28.125
subject18,115,126.5625,112.5,-14.0625
subject18,116,126.5625,112.5,-14.0625
subject18,117,126.5625,98.4375,-28.125
subject18,118,126.5625,112.5,-14.0625
subject18,119,126.5625,112.5,-14.0625
subject18,120,126.5625,112.5,-14.0625
subject18,121,126.5625,112.5,-14.0625
subject18,122,126.5625,112.5,-14.0625
subject18,123,126.5625,84.375,-42.1875
subject18,124,126.5625,112.5,-14.0625
subject18,125,126.5625,112.5,-14.0625
subject18,126,126.5625,112.5,-14.0625
subject18,127,126.5625,112.5,-14.0625
subject18,128,126.5625,112.5,-14.0625
subject18,129,126.5625,112.5,-14.0625
subject18,130,133.59375,112.5,-21.09375
subject18,131,133.59375,91.40625,-42.1875
subject18,132,133.59375,112.5,-21.09375
subject18,133,133.59375,112.5,-21.09375
subject18,134,133.59375,91.40625,-42.1875
subject18,135,133.59375,98.4375,-35.15625
subject18,136,133.59375,91.40625,-42.1875
subject18,137,133.59375,91.40625,-42.1875
subject18,138,133.59375,98.4375,-35.15625
subject18,139,133.59375,91.40625,-42.1875
subject18,140,133.59375,98.4375,-35.15625
subject18,141,133.59375,91.40625,-42.1875
subject18,142,133.59375,77.34375,-56.25
subject18,143,133.59375,91.40625,-42.1875
subject18,144,126.5625,112.5,-14.0625
subject18,145,126.5625,91.40625,-35.15625
subject18,146,126.5625,91.40625,-35.15625
subject18,147,126.5625,91.40625,-35.15625
subject18,148,126.5625,91.40625,-35.15625
subject18,149,126.5625,91.40625,-35.15625
subject18,150,126.5625,91.40625,-35.15625
subject18,151,126.5625,91.40625,-35.15625
subject18,152,126.5625,91.40625,-35.15625
subject18,153,126.5625,91.40625,-35.15625
subject18,154,126.5625,84.375,-42.1875
subject18,155,126.5625,91.40625,-35.15625
subject18,156,126.5625,84.375,-42.1875
subject18,157,126.5625,112.5,-14.0625
subject18,158,126.5625,77.34375,-49.21875
subject18,159,126.5625,112.5,-14.0625
subject18,160,126.5625,112.5,-14.0625
subject18,161,126.5625,112.5,-14.0625
subject18,162,126.5625,91.40625,-35.15625
subject18,163,126.5625,84.375,-42.1875
subject18,164,126.5625,112.5,-14.0625
subject18,165,126.5625,77.34375,-49.21875
subject18,166,126.5625,77.34375,-49.21875
subject18,167,126.5625,112.5,-14.0625
subject18,168,126.5625,112.5,-14.0625
subject18,169,126.5625,84.375,-42.1875
subject18,170,126.5625,112.5,-14.0625
subject18,171,126.5625,84.375,-42.1875
subject18,172,126.5625,84.375,-42.1875
subject18,173,126.5625,84.375,-42.1875
subject18,174,126.5625,84.375,-42.1875
subject18,175,126.5625,84.375,-42.1875
subject18,176,126.5625,84.375,-42.1875
subject20,0,112.5,112.5,0.0
subject20,1,112.5,112.5,0.0
subject20,2,112.5,112.5,0.0
subject20,3,112.5,112.5,0.0
subject20,4,112.5,112.5,0.0
subject20,5,112.5,112.5,0.0
subject20,6,112.5,112.5,0.0
subject20,7,119.53125,112.5,-7.03125
subject20,8,119.53125,112.5,-7.03125
subject20,9,119.53125,98.4375,-21.09375
subject20,10,119.53125,112.5,-7.03125
subject20,11,119.53125,91.40625,-28.125
subject20,12,119.53125,112.5,-7.03125
subject20,13,119.53125,112.5,-7.03125
subject20,14,119.53125,112.5,-7.03125
subject20,15,119.53125,112.5,-7.03125
subject20,16,119.53125,77.34375,-42.1875
subject20,17,119.53125,112.5,-7.03125
subject20,18,119.53125,112.5,-7.03125
subject20,19,119.53125,112.5,-7.03125
subject20,20,119.53125,112.5,-7.03125
subject20,21,119.53125,112.5,-7.03125
subject20,22,119.53125,112.5,-7.03125
subject20,23,119.53125,112.5,-7.03125
subject20,24,119.53125,112.5,-7.03125
subject20,25,119.53125,112.5,-7.03125
subject20,26,119.53125,112.5,-7.03125
subject20,27,119.53125,112.5,-7.03125
subject20,28,133.59375,112.5,-21.09375
subject20,29,133.59375,112.5,-21.09375
subject20,30,133.59375,112.5,-21.09375
subject20,31,133.59375,112.5,-21.09375
subject20,32,133.59375,112.5,-21.09375
subject20,33,133.59375,112.5,-21.09375
subject20,34,133.59375,112.5,-21.09375
subject20,35,133.59375,112.5,-21.09375
subject20,36,133.59375,112.5,-21.09375
subject20,37,133.59375,112.5,-21.09375
subject20,38,133.59375,112.5,-21.09375
subject20,39,133.59375,84.375,-49.21875
subject20,40,133.59375,112.5,-21.09375
subject20,41,133.59375,112.5,-21.09375
subject20,42,133.59375,112.5,-21.09375
subject20,43,133.59375,112.5,-21.09375
subject20,44,133.59375,112.5,-21.09375
subject20,45,133.59375,112.5,-21.09375
subject20,46,133.59375,112.5,-21.09375
subject20,47,133.59375,105.46875,-28.125
subject20,48,133.59375,91.40625,-42.1875
subject20,49,133.59375,112.5,-21.09375
subject20,50,133.59375,105.46875,-28.125
subject20,51,133.59375,112.5,-21.09375
subject20,52,133.59375,112.5,-21.09375
subject20,53,133.59375,91.40625,-42.1875
subject20,54,133.59375,112.5,-21.09375
subject20,55,133.59375,91.40625,-42.1875
subject20,56,133.59375,112.5,-21.09375
subject20,57,133.59375,112.5,-21.09375
subject20,58,133.59375,112.5,-21.09375
subject20,59,133.59375,91.40625,-42.1875
subject20,60,133.59375,84.375,-49.21875
subject20,61,133.59375,84.375,-49.21875
subject20,62,133.59375,84.375,-49.21875
subject20,63,133.59375,84.375,-49.21875
subject20,64,133.59375,84.375,-49.21875
subject20,65,133.59375,98.4375,-35.15625
subject20,66,133.59375,84.375,-49.21875
subject20,67,133.59375,84.375,-49.21875
subject20,68,133.59375,91.40625,-42.1875
subject20,69,133.59375,84.375,-49.21875
subject20,70,133.59375,91.40625,-42.1875
subject20,71,133.59375,84.375,-49.21875
subject20,72,133.59375,91.40625,-42.1875
subject20,73,133.59375,91.40625,-42.1875
subject20,74,133.59375,84.375,-49.21875
subject20,75,133.59375,91.40625,-42.1875
subject20,76,133.59375,98.4375,-35.15625
subject20,77,133.59375,84.375,-49.21875
subject20,78,133.59375,98.4375,-35.15625
subject20,79,133.59375,84.375,-49.21875
subject20,80,133.59375,98.4375,-35.15625
subject20,81,133.59375,91.40625,-42.1875
subject20,82,133.59375,105.46875,-28.125
subject20,83,133.59375,98.4375,-35.15625
subject20,84,133.59375,105.46875,-28.125
subject20,85,133.59375,98.4375,-35.15625
subject20,86,133.59375,91.40625,-42.1875
subject20,87,133.59375,84.375,-49.21875
subject20,88,133.59375,98.4375,-35.15625
subject20,89,133.59375,112.5,-21.09375
subject20,90,133.59375,112.5,-21.09375
subject20,91,133.59375,91.40625,-42.1875
subject20,92,133.59375,112.5,-21.09375
subject20,93,133.59375,91.40625,-42.1875
subject20,94,133.59375,112.5,-21.09375
subject20,95,133.59375,112.5,-21.09375
subject20,96,133.59375,112.5,-21.09375
subject20,97,133.59375,91.40625,-42.1875
subject20,98,133.59375,84.375,-49.21875
subject20,99,133.59375,112.5,-21.09375
subject20,100,133.59375,105.46875,-28.125
subject20,101,133.59375,112.5,-21.09375
subject20,102,133.59375,112.5,-21.09375
subject20,103,133.59375,112.5,-21.09375
subject20,104,133.59375,112.5,-21.09375
subject20,105,133.59375,91.40625,-42.1875
subject20,106,133.59375,84.375,-49.21875
subject20,107,133.59375,105.46875,-28.125
subject20,108,133.59375,105.46875,-28.125
subject20,109,133.59375,112.5,-21.09375
subject20,110,133.59375,105.46875,-28.125
subject20,111,133.59375,105.46875,-28.125
subject20,112,133.59375,77.34375,-56.25
subject20,113,133.59375,91.40625,-42.1875
subject20,114,133.59375,84.375,-49.21875
subject20,115,133.59375,84.375,-49.21875
subject20,116,133.59375,98.4375,-35.15625
subject20,117,119.53125,84.375,-35.15625
subject20,118,119.53125,112.5,-7.03125
subject20,119,119.53125,112.5,-7.03125
subject20,120,119.53125,112.5,-7.03125
subject20,121,126.5625,112.5,-14.0625
subject20,122,126.5625,112.5,-14.0625
subject20,123,126.5625,105.46875,-21.09375
subject20,124,126.5625,112.5,-14.0625
subject20,125,126.5625,105.46875,-21.09375
subject20,126,126.5625,112.5,-14.0625
subject20,127,126.5625,84.375,-42.1875
subject20,128,126.5625,105.46875,-21.09375
subject20,129,126.5625,84.375,-42.1875
subject20,130,126.5625,91.40625,-35.15625
subject20,131,126.5625,105.46875,-21.09375
subject20,132,126.5625,112.5,-14.0625
subject20,133,126.5625,84.375,-42.1875
subject20,134,126.5625,105.46875,-21.09375
subject20,135,126.5625,91.40625,-35.15625
subject20,136,126.5625,105.46875,-21.09375
subject20,137,126.5625,91.40625,-35.15625
subject20,138,126.5625,98.4375,-28.125
subject20,139,126.5625,91.40625,-35.15625
subject20,140,126.5625,91.40625,-35.15625
subject20,141,126.5625,98.4375,-28.125
subject20,142,126.5625,91.40625,-35.15625
subject20,143,126.5625,105.46875,-21.09375
subject20,144,126.5625,84.375,-42.1875
subject20,145,126.5625,84.375,-42.1875
subject20,146,126.5625,84.375,-42.1875
subject20,147,126.5625,112.5,-14.0625
subject20,148,126.5625,112.5,-14.0625
subject20,149,126.5625,112.5,-14.0625
subject20,150,126.5625,105.46875,-21.09375
subject20,151,126.5625,105.46875,-21.09375
subject20,152,126.5625,112.5,-14.0625
subject20,153,126.5625,98.4375,-28.125
subject20,154,126.5625,98.4375,-28.125
subject20,155,126.5625,98.4375,-28.125
subject20,156,126.5625,98.4375,-28.125
subject20,157,126.5625,112.5,-14.0625
subject20,158,126.5625,98.4375,-28.125
subject20,159,126.5625,112.5,-14.0625
subject20,160,126.5625,112.5,-14.0625
subject20,161,119.53125,112.5,-7.03125
subject20,162,119.53125,112.5,-7.03125
subject20,163,119.53125,112.5,-7.03125
subject20,164,119.53125,112.5,-7.03125
subject20,165,119.53125,112.5,-7.03125
subject20,166,119.53125,112.5,-7.03125
subject20,167,119.53125,112.5,-7.03125
subject20,168,119.53125,112.5,-7.03125
subject20,169,119.53125,112.5,-7.03125
subject20,170,119.53125,112.5,-7.03125
subject20,171,112.5,112.5,0.0
subject20,172,112.5,112.5,0.0
subject20,173,112.5,112.5,0.0
subject20,174,112.5,84.375,-28.125
subject23,0,63.28125,112.5,49.21875
subject23,1,63.28125,84.375,21.09375
subject23,2,63.28125,98.4375,35.15625
subject23,3,63.28125,112.5,49.21875
subject23,4,63.28125,77.34375,14.0625
subject23,5,63.28125,98.4375,35.15625
subject23,6,63.28125,112.5,49.21875
subject23,7,63.28125,98.4375,35.15625
subject23,8,63.28125,98.4375,35.15625
subject23,9,63.28125,84.375,21.09375
subject23,10,63.28125,84.375,21.09375
subject23,11,56.25,112.5,56.25
subject23,12,56.25,84.375,28.125
subject23,13,56.25,84.375,28.125
subject23,14,56.25,112.5,56.25
subject23,15,56.25,84.375,28.125
subject23,16,56.25,112.5,56.25
subject23,17,63.28125,84.375,21.09375
subject23,18,63.28125,84.375,21.09375
subject23,19,63.28125,84.375,21.09375
subject23,20,63.28125,84.375,21.09375
subject23,21,63.28125,91.40625,28.125
subject23,22,63.28125,77.34375,14.0625
subject23,23,63.28125,112.5,49.21875
subject23,24,63.28125,112.5,49.21875
subject23,25,63.28125,77.34375,14.0625
subject23,26,63.28125,112.5,49.21875
subject23,27,63.28125,77.34375,14.0625
subject23,28,63.28125,112.5,49.21875
subject23,29,63.28125,84.375,21.09375
subject23,30,63.28125,77.34375,14.0625
subject23,31,63.28125,112.5,49.21875
subject23,32,63.28125,112.5,49.21875
subject23,33,63.28125,112.5,49.21875
subject23,34,63.28125,112.5,49.21875
subject23,35,63.28125,77.34375,14.0625
subject23,36,63.28125,112.5,49.21875
subject23,37,63.28125,84.375,21.09375
subject23,38,63.28125,112.5,49.21875
subject23,39,63.28125,112.5,49.21875
subject23,40,63.28125,112.5,49.21875
subject23,41,63.28125,112.5,49.21875
subject23,42,63.28125,84.375,21.09375
subject23,43,63.28125,112.5,49.21875
subject23,44,63.28125,112.5,49.21875
subject23,45,63.28125,112.5,49.21875
subject23,46,63.28125,98.4375,35.15625
subject23,47,63.28125,112.5,49.21875
subject23,48,63.28125,98.4375,35.15625
subject23,49,63.28125,112.5,49.21875
subject23,50,63.28125,84.375,21.09375
subject23,51,63.28125,112.5,49.21875
subject23,52,63.28125,91.40625,28.125
subject23,53,63.28125,112.5,49.21875
subject23,54,63.28125,84.375,21.09375
subject23,55,63.28125,105.46875,42.1875
subject23,56,63.28125,84.375,21.09375
subject23,57,63.28125,112.5,49.21875
subject23,58,63.28125,91.40625,28.125
subject23,59,63.28125,84.375,21.09375
subject23,60,63.28125,105.46875,42.1875
subject23,61,63.28125,112.5,49.21875
subject23,62,63.28125,112.5,49.21875
subject23,63,63.28125,98.4375,35.15625
subject23,64,63.28125,112.5,49.21875
subject23,65,63.28125,105.46875,42.1875
subject23,66,63.28125,112.5,49.21875
subject23,67,63.28125,112.5,49.21875
subject23,68,63.28125,105.46875,42.1875
subject23,69,63.28125,112.5,49.21875
subject23,70,63.28125,112.5,49.21875
subject23,71,63.28125,112.5,49.21875
subject23,72,63.28125,91.40625,28.125
subject23,73,63.28125,112.5,49.21875
subject23,74,63.28125,91.40625,28.125
subject23,75,63.28125,112.5,49.21875
subject23,76,63.28125,112.5,49.21875
subject23,77,63.28125,112.5,49.21875
subject23,78,63.28125,77.34375,14.0625
subject23,79,63.28125,98.4375,35.15625
subject23,80,63.28125,112.5,49.21875
subject23,81,63.28125,112.5,49.21875
subject23,82,63.28125,84.375,21.09375
subject23,83,63.28125,112.5,49.21875
subject23,84,63.28125,112.5,49.21875
subject23,85,63.28125,112.5,49.21875
subject23,86,63.28125,84.375,21.09375
subject23,87,63.28125,112.5,49.21875
subject23,88,63.28125,112.5,49.21875
subject23,89,63.28125,112.5,49.21875
subject23,90,63.28125,112.5,49.21875
subject23,91,63.28125,112.5,49.21875
subject23,92,63.28125,112.5,49.21875
subject23,93,63.28125,112.5,49.21875
subject23,94,63.28125,112.5,49.21875
subject23,95,63.28125,112.5,49.21875
subject23,96,63.28125,112.5,49.21875
subject23,97,63.28125,91.40625,28.125
subject23,98,126.5625,91.40625,-35.15625
subject23,99,70.3125,112.5,42.1875
subject23,100,70.3125,91.40625,21.09375
subject23,101,70.3125,91.40625,21.09375
subject23,102,70.3125,91.40625,21.09375
subject23,103,70.3125,91.40625,21.09375
subject23,104,70.3125,112.5,42.1875
subject23,105,70.3125,112.5,42.1875
subject23,106,70.3125,91.40625,21.09375
subject23,107,70.3125,98.4375,28.125
subject23,108,70.3125,91.40625,21.09375
subject23,109,70.3125,112.5,42.1875
subject23,110,70.3125,84.375,14.0625
subject23,111,70.3125,112.5,42.1875
subject23,112,70.3125,112.5,42.1875
subject23,113,70.3125,112.5,42.1875
subject23,114,70.3125,112.5,42.1875
subject23,115,70.3125,84.375,14.0625
subject23,116,70.3125,112.5,42.1875
subject23,117,70.3125,112.5,42.1875
subject23,118,70.3125,84.375,14.0625
subject23,119,70.3125,112.5,42.1875
subject23,120,70.3125,112.5,42.1875
subject23,121,70.3125,112.5,42.1875
subject23,122,70.3125,91.40625,21.09375
subject23,123,70.3125,84.375,14.0625
subject23,124,70.3125,112.5,42.1875
subject23,125,70.3125,84.375,14.0625
subject23,126,70.3125,112.5,42.1875
subject23,127,70.3125,84.375,14.0625
subject23,128,70.3125,112.5,42.1875
subject23,129,70.3125,91.40625,21.09375
subject23,130,70.3125,91.40625,21.09375
subject23,131,70.3125,112.5,42.1875
subject23,132,70.3125,91.40625,21.09375
subject23,133,70.3125,112.5,42.1875
subject23,134,70.3125,112.5,42.1875
subject23,135,70.3125,84.375,14.0625
subject23,136,70.3125,84.375,14.0625
subject23,137,70.3125,84.375,14.0625
subject23,138,70.3125,112.5,42.1875
subject23,139,70.3125,98.4375,28.125
subject23,140,70.3125,112.5,42.1875
subject23,141,70.3125,98.4375,28.125
subject23,142,70.3125,84.375,14.0625
subject23,143,70.3125,112.5,42.1875
subject23,144,70.3125,98.4375,28.125
subject23,145,70.3125,98.4375,28.125
subject23,146,70.3125,98.4375,28.125
subject23,147,70.3125,91.40625,21.09375
subject23,148,70.3125,98.4375,28.125
subject23,149,70.3125,91.40625,21.09375
subject23,150,70.3125,91.40625,21.09375
subject23,151,70.3125,91.40625,21.09375
subject23,152,70.3125,91.40625,21.09375
subject23,153,70.3125,91.40625,21.09375
subject23,154,70.3125,98.4375,28.125
subject23,155,70.3125,91.40625,21.09375
subject23,156,70.3125,91.40625,21.09375
subject23,157,70.3125,112.5,42.1875
subject23,158,70.3125,91.40625,21.09375
subject23,159,70.3125,98.4375,28.125
subject23,160,70.3125,112.5,42.1875
subject23,161,70.3125,91.40625,21.09375
subject23,162,70.3125,112.5,42.1875
subject23,163,70.3125,91.40625,21.09375
subject23,164,70.3125,91.40625,21.09375
subject23,165,70.3125,91.40625,21.09375
subject23,166,70.3125,91.40625,21.09375
subject23,167,77.34375,84.375,7.03125
subject23,168,77.34375,91.40625,14.0625
subject23,169,77.34375,112.5,35.15625
subject24,0,84.375,84.375,0.0
subject24,1,84.375,84.375,0.0
subject24,2,84.375,84.375,0.0
subject24,3,84.375,84.375,0.0
subject24,4,84.375,84.375,0.0
subject24,5,91.40625,84.375,-7.03125
subject24,6,91.40625,84.375,-7.03125
subject24,7,91.40625,84.375,-7.03125
subject24,8,91.40625,84.375,-7.03125
subject24,9,91.40625,84.375,-7.03125
subject24,10,84.375,84.375,0.0
subject24,11,84.375,84.375,0.0
subject24,12,105.46875,84.375,-21.09375
subject24,13,105.46875,112.5,7.03125
subject24,14,105.46875,77.34375,-28.125
subject24,15,105.46875,112.5,7.03125
subject24,16,105.46875,98.4375,-7.03125
subject24,17,105.46875,77.34375,-28.125
subject24,18,105.46875,98.4375,-7.03125
subject24,19,105.46875,112.5,7.03125
subject24,20,105.46875,98.4375,-7.03125
subject24,21,105.46875,98.4375,-7.03125
subject24,22,105.46875,112.5,7.03125
subject24,23,112.5,98.4375,-14.0625
subject24,24,112.5,98.4375,-14.0625
subject24,25,112.5,84.375,-28.125
subject24,26,112.5,98.4375,-14.0625
subject24,27,112.5,91.40625,-21.09375
subject24,28,112.5,98.4375,-14.0625
subject24,29,112.5,98.4375,-14.0625
subject24,30,112.5,112.5,0.0
subject24,31,112.5,112.5,0.0
subject24,32,112.5,112.5,0.0
subject24,33,112.5,84.375,-28.125
subject24,34,119.53125,112.5,-7.03125
subject24,35,119.53125,112.5,-7.03125
subject24,36,119.53125,84.375,-35.15625
subject24,37,119.53125,112.5,-7.03125
subject24,38,119.53125,91.40625,-28.125
subject24,39,119.53125,84.375,-35.15625
subject24,40,119.53125,84.375,-35.15625
subject24,41,119.53125,84.375,-35.15625
subject24,42,126.5625,91.40625,-35.15625
subject24,43,126.5625,84.375,-42.1875
subject24,44,126.5625,112.5,-14.0625
subject24,45,126.5625,84.375,-42.1875
subject24,46,126.5625,84.375,-42.1875
subject24,47,126.5625,112.5,-14.0625
subject24,48,126.5625,84.375,-42.1875
subject24,49,126.5625,91.40625,-35.15625
subject24,50,126.5625,112.5,-14.0625
subject24,51,126.5625,91.40625,-35.15625
subject24,52,126.5625,112.5,-14.0625
subject24,53,126.5625,91.40625,-35.15625
subject24,54,126.5625,77.34375,-49.21875
subject24,55,126.5625,112.5,-14.0625
subject24,56,133.59375,91.40625,-42.1875
subject24,57,133.59375,91.40625,-42.1875
subject24,58,133.59375,91.40625,-42.1875
subject24,59,133.59375,91.40625,-42.1875
subject24,60,133.59375,112.5,-21.09375
subject24,61,133.59375,91.40625,-42.1875
subject24,62,133.59375,91.40625,-42.1875
subject24,63,133.59375,91.40625,-42.1875
subject24,64,133.59375,112.5,-21.09375
subject24,65,133.59375,91.40625,-42.1875
subject24,66,133.59375,112.5,-21.09375
subject24,67,133.59375,112.5,-21.09375
subject24,68,133.59375,112.5,-21.09375
subject24,69,133.59375,112.5,-21.09375
subject24,70,133.59375,112.5,-21.09375
subject24,71,133.59375,112.5,-21.09375
subject24,72,133.59375,84.375,-49.21875
subject24,73,133.59375,91.40625,-42.1875
subject24,74,133.59375,84.375,-49.21875
subject24,75,133.59375,91.40625,-42.1875
subject24,76,133.59375,112.5,-21.09375
subject24,77,133.59375,91.40625,-42.1875
subject24,78,119.53125,112.5,-7.03125
subject24,79,119.53125,91.40625,-28.125
subject24,80,119.53125,91.40625,-28.125
subject24,81,119.53125,112.5,-7.03125
subject24,82,119.53125,91.40625,-28.125
subject24,83,119.53125,91.40625,-28.125
subject24,84,119.53125,112.5,-7.03125
subject24,85,119.53125,91.40625,-28.125
subject24,86,119.53125,112.5,-7.03125
subject24,87,119.53125,112.5,-7.03125
subject24,88,119.53125,112.5,-7.03125
subject24,89,119.53125,84.375,-35.15625
subject24,90,119.53125,112.5,-7.03125
subject24,91,119.53125,112.5,-7.03125
subject24,92,119.53125,84.375,-35.15625
subject24,93,119.53125,112.5,-7.03125
subject24,94,119.53125,112.5,-7.03125
subject24,95,119.53125,91.40625,-28.125
subject24,96,112.5,112.5,0.0
subject24,97,112.5,77.34375,-35.15625
subject24,98,112.5,84.375,-28.125
subject24,99,112.5,77.34375,-35.15625
subject24,100,112.5,77.34375,-35.15625
subject24,101,112.5,84.375,-28.125
subject24,102,112.5,77.34375,-35.15625
subject24,103,112.5,91.40625,-21.09375
subject24,104,112.5,84.375,-28.125
subject24,105,112.5,112.5,0.0
subject24,106,112.5,84.375,-28.125
subject24,107,112.5,84.375,-28.125
subject24,108,112.5,84.375,-28.125
subject24,109,112.5,84.375,-28.125
subject24,110,112.5,84.375,-28.125
subject24,111,112.5,84.375,-28.125
subject24,112,112.5,84.375,-28.125
subject24,113,112.5,84.375,-28.125
subject24,114,112.5,84.375,-28.125
subject24,115,105.46875,84.375,-21.09375
subject24,116,105.46875,84.375,-21.09375
subject24,117,105.46875,84.375,-21.09375
subject24,118,105.46875,84.375,-21.09375
subject24,119,105.46875,84.375,-21.09375
subject24,120,105.46875,91.40625,-14.0625
subject24,121,105.46875,112.5,7.03125
subject24,122,105.46875,91.40625,-14.0625
subject24,123,105.46875,91.40625,-14.0625
subject24,124,105.46875,77.34375,-28.125
subject24,125,105.46875,77.34375,-28.125
subject24,126,98.4375,77.34375,-21.09375
subject24,127,98.4375,105.46875,7.03125
subject24,128,98.4375,91.40625,-7.03125
subject24,129,98.4375,77.34375,-21.09375
subject24,130,98.4375,112.5,14.0625
subject24,131,98.4375,77.34375,-21.09375
subject24,132,98.4375,84.375,-14.0625
subject24,133,98.4375,112.5,14.0625
subject24,134,98.4375,112.5,14.0625
subject24,135,98.4375,91.40625,-7.03125
subject24,136,98.4375,112.5,14.0625
subject24,137,98.4375,105.46875,7.03125
subject24,138,98.4375,91.40625,-7.03125
subject24,139,98.4375,112.5,14.0625
subject24,140,98.4375,91.40625,-7.03125
subject24,141,98.4375,112.5,14.0625
subject24,142,98.4375,105.46875,7.03125
subject24,143,98.4375,112.5,14.0625
subject24,144,98.4375,112.5,14.0625
subject24,145,98.4375,98.4375,0.0
subject24,146,98.4375,112.5,14.0625
subject24,147,98.4375,112.5,14.0625
subject24,148,98.4375,98.4375,0.0
subject24,149,98.4375,112.5,14.0625
subject24,150,98.4375,98.4375,0.0
subject24,151,98.4375,84.375,-14.0625
subject24,152,98.4375,112.5,14.0625
subject24,153,91.40625,112.5,21.09375
subject24,154,91.40625,112.5,21.09375
subject24,155,91.40625,98.4375,7.03125
subject24,156,91.40625,84.375,-7.03125
subject24,157,91.40625,84.375,-7.03125
subject24,158,91.40625,91.40625,0.0
subject24,159,91.40625,91.40625,0.0
subject24,160,91.40625,91.40625,0.0
subject24,161,91.40625,91.40625,0.0
subject24,162,91.40625,91.40625,0.0
subject24,163,91.40625,91.40625,0.0
subject24,164,91.40625,91.40625,0.0
subject24,165,91.40625,91.40625,0.0
subject24,166,91.40625,98.4375,7.03125
subject24,167,91.40625,91.40625,0.0
subject24,168,91.40625,112.5,21.09375
subject24,169,91.40625,112.5,21.09375
subject24,170,91.40625,91.40625,0.0
subject24,171,91.40625,91.40625,0.0
subject24,172,91.40625,112.5,21.09375
subject24,173,91.40625,91.40625,0.0
subject24,174,91.40625,112.5,21.09375
subject25,0,112.5,77.34375,-35.15625
subject25,1,112.5,112.5,0.0
subject25,2,112.5,91.40625,-21.09375
subject25,3,112.5,105.46875,-7.03125
subject25,4,112.5,91.40625,-21.09375
subject25,5,112.5,105.46875,-7.03125
subject25,6,112.5,105.46875,-7.03125
subject25,7,112.5,84.375,-28.125
subject25,8,112.5,91.40625,-21.09375
subject25,9,112.5,84.375,-28.125
subject25,10,112.5,84.375,-28.125
subject25,11,112.5,98.4375,-14.0625
subject25,12,112.5,84.375,-28.125
subject25,13,112.5,91.40625,-21.09375
subject25,14,112.5,84.375,-28.125
subject25,15,112.5,77.34375,-35.15625
subject25,16,112.5,84.375,-28.125
subject25,17,112.5,112.5,0.0
subject25,18,112.5,84.375,-28.125
subject25,19,112.5,84.375,-28.125
subject25,20,112.5,77.34375,-35.15625
subject25,21,112.5,112.5,0.0
subject25,22,112.5,112.5,0.0
subject25,23,112.5,105.46875,-7.03125
subject25,24,112.5,84.375,-28.125
subject25,25,112.5,84.375,-28.125
subject25,26,112.5,105.46875,-7.03125
subject25,27,112.5,84.375,-28.125
subject25,28,112.5,98.4375,-14.0625
subject25,29,112.5,112.5,0.0
subject25,30,112.5,98.4375,-14.0625
subject25,31,112.5,98.4375,-14.0625
subject25,32,112.5,112.5,0.0
subject25,33,112.5,91.40625,-21.09375
subject25,34,112.5,91.40625,-21.09375
subject25,35,112.5,112.5,0.0
subject25,36,112.5,84.375,-28.125
subject25,37,112.5,112.5,0.0
subject25,38,112.5,112.5,0.0
subject25,39,112.5,84.375,-28.125
subject25,40,112.5,77.34375,-35.15625
subject25,41,119.53125,91.40625,-28.125
subject25,42,119.53125,112.5,-7.03125
subject25,43,119.53125,105.46875,-14.0625
subject25,44,119.53125,112.5,-7.03125
subject25,45,119.53125,119.53125,0.0
subject25,46,119.53125,105.46875,-14.0625
subject25,47,119.53125,119.53125,0.0
subject25,48,119.53125,119.53125,0.0
subject25,49,119.53125,112.5,-7.03125
subject25,50,119.53125,119.53125,0.0
subject25,51,119.53125,112.5,-7.03125
subject25,52,119.53125,112.5,-7.03125
subject25,53,119.53125,112.5,-7.03125
subject25,54,119.53125,112.5,-7.03125
subject25,55,119.53125,112.5,-7.03125
subject25,56,119.53125,84.375,-35.15625
subject25,57,119.53125,112.5,-7.03125
subject25,58,119.53125,112.5,-7.03125
subject25,59,119.53125,112.5,-7.03125
subject25,60,119.53125,112.5,-7.03125
subject25,61,119.53125,84.375,-35.15625
subject25,62,119.53125,112.5,-7.03125
subject25,63,119.53125,112.5,-7.03125
subject25,64,119.53125,84.375,-35.15625
subject25,65,119.53125,98.4375,-21.09375
subject25,66,119.53125,84.375,-35.15625
subject25,67,119.53125,112.5,-7.03125
subject25,68,119.53125,84.375,-35.15625
subject25,69,119.53125,84.375,-35.15625
subject25,70,119.53125,98.4375,-21.09375
subject25,71,119.53125,98.4375,-21.09375
subject25,72,119.53125,84.375,-35.15625
subject25,73,119.53125,98.4375,-21.09375
subject25,74,112.5,112.5,0.0
subject25,75,112.5,91.40625,-21.09375
subject25,76,112.5,112.5,0.0
subject25,77,112.5,91.40625,-21.09375
subject25,78,112.5,98.4375,-14.0625
subject25,79,112.5,91.40625,-21.09375
subject25,80,112.5,84.375,-28.125
subject25,81,112.5,77.34375,-35.15625
subject25,82,112.5,112.5,0.0
subject25,83,112.5,84.375,-28.125
subject25,84,112.5,112.5,0.0
subject25,85,112.5,112.5,0.0
subject25,86,112.5,84.375,-28.125
subject25,87,112.5,84.375,-28.125
subject25,88,112.5,98.4375,-14.0625
subject25,89,112.5,112.5,0.0
subject25,90,112.5,112.5,0.0
subject25,91,112.5,98.4375,-14.0625
subject25,92,112.5,112.5,0.0
subject25,93,112.5,112.5,0.0
subject25,94,112.5,112.5,0.0
subject25,95,112.5,112.5,0.0
subject25,96,112.5,112.5,0.0
subject25,97,112.5,112.5,0.0
subject25,98,112.5,112.5,0.0
subject25,99,112.5,112.5,0.0
subject25,100,112.5,91.40625,-21.09375
subject25,101,112.5,112.5,0.0
subject25,102,112.5,91.40625,-21.09375
subject25,103,112.5,91.40625,-21.09375
subject25,104,112.5,77.34375,-35.15625
subject25,105,112.5,91.40625,-21.09375
subject25,106,112.5,105.46875,-7.03125
subject25,107,112.5,84.375,-28.125
subject25,108,112.5,112.5,0.0
subject25,109,112.5,112.5,0.0
subject25,110,112.5,91.40625,-21.09375
subject25,111,112.5,98.4375,-14.0625
subject25,112,112.5,105.46875,-7.03125
subject25,113,112.5,91.40625,-21.09375
subject25,114,112.5,98.4375,-14.0625
subject25,115,112.5,91.40625,-21.09375
subject25,116,112.5,98.4375,-14.0625
subject25,117,112.5,112.5,0.0
subject25,118,112.5,112.5,0.0
subject26,0,98.4375,112.5,14.0625
subject26,1,98.4375,84.375,-14.0625
subject26,2,98.4375,84.375,-14.0625
subject26,3,98.4375,98.4375,0.0
subject26,4,98.4375,91.40625,-7.03125
subject26,5,98.4375,105.46875,7.03125
subject26,6,98.4375,91.40625,-7.03125
subject26,7,98.4375,84.375,-14.0625
subject26,8,98.4375,98.4375,0.0
subject26,9,98.4375,112.5,14.0625
subject26,10,98.4375,84.375,-14.0625
subject26,11,98.4375,98.4375,0.0
subject26,12,98.4375,105.46875,7.03125
subject26,13,98.4375,84.375,-14.0625
subject26,14,98.4375,84.375,-14.0625
subject26,15,98.4375,112.5,14.0625
subject26,16,98.4375,84.375,-14.0625
subject26,17,98.4375,84.375,-14.0625
subject26,18,98.4375,84.375,-14.0625
subject26,19,98.4375,77.34375,-21.09375
subject26,20,98.4375,84.375,-14.0625
subject26,21,98.4375,112.5,14.0625
subject26,22,98.4375,84.375,-14.0625
subject26,23,98.4375,112.5,14.0625
subject26,24,98.4375,112.5,14.0625
subject26,25,98.4375,77.34375,-21.09375
subject26,26,98.4375,112.5,14.0625
subject26,27,98.4375,112.5,14.0625
subject26,28,98.4375,112.5,14.0625
subject26,29,105.46875,112.5,7.03125
subject26,30,105.46875,112.5,7.03125
subject26,31,105.46875,112.5,7.03125
subject26,32,105.46875,112.5,7.03125
subject26,33,105.46875,112.5,7.03125
subject26,34,105.46875,91.40625,-14.0625
subject26,35,105.46875,91.40625,-14.0625
subject26,36,105.46875,84.375,-21.09375
subject26,37,105.46875,84.375,-21.09375
subject26,38,98.4375,91.40625,-7.03125
subject26,39,98.4375,112.5,14.0625
subject26,40,98.4375,91.40625,-7.03125
subject26,41,98.4375,91.40625,-7.03125
subject26,42,98.4375,84.375,-14.0625
subject26,43,98.4375,91.40625,-7.03125
subject26,44,98.4375,77.34375,-21.09375
subject26,45,98.4375,91.40625,-7.03125
subject26,46,98.4375,112.5,14.0625
subject26,47,98.4375,98.4375,0.0
subject26,48,98.4375,77.34375,-21.09375
subject26,49,98.4375,98.4375,0.0
subject26,50,98.4375,112.5,14.0625
subject26,51,98.4375,84.375,-14.0625
subject26,52,98.4375,112.5,14.0625
subject26,53,98.4375,84.375,-14.0625
subject26,54,98.4375,84.375,-14.0625
subject26,55,98.4375,112.5,14.0625
subject26,56,98.4375,84.375,-14.0625
subject26,57,98.4375,98.4375,0.0
subject26,58,98.4375,112.5,14.0625
subject26,59,98.4375,112.5,14.0625
subject26,60,98.4375,98.4375,0.0
subject26,61,98.4375,112.5,14.0625
subject26,62,98.4375,91.40625,-7.03125
subject26,63,98.4375,98.4375,0.0
subject26,64,98.4375,91.40625,-7.03125
subject26,65,98.4375,98.4375,0.0
subject26,66,98.4375,98.4375,0.0
subject26,67,98.4375,98.4375,0.0
subject26,68,98.4375,112.5,14.0625
subject26,69,98.4375,112.5,14.0625
subject26,70,98.4375,112.5,14.0625
subject26,71,98.4375,112.5,14.0625
subject26,72,98.4375,112.5,14.0625
subject26,73,98.4375,112.5,14.0625
subject26,74,98.4375,112.5,14.0625
subject26,75,98.4375,112.5,14.0625
subject26,76,98.4375,112.5,14.0625
subject26,77,98.4375,84.375,-14.0625
subject26,78,98.4375,112.5,14.0625
subject26,79,98.4375,105.46875,7.03125
subject26,80,98.4375,112.5,14.0625
subject26,81,98.4375,112.5,14.0625
subject26,82,98.4375,98.4375,0.0
subject26,83,98.4375,98.4375,0.0
subject26,84,98.4375,98.4375,0.0
subject26,85,98.4375,112.5,14.0625
subject26,86,98.4375,112.5,14.0625
subject26,87,98.4375,112.5,14.0625
subject26,88,98.4375,112.5,14.0625
subject26,89,98.4375,112.5,14.0625
subject26,90,98.4375,112.5,14.0625
subject26,91,98.4375,112.5,14.0625
subject26,92,98.4375,112.5,14.0625
subject26,93,98.4375,112.5,14.0625
subject26,94,98.4375,112.5,14.0625
subject26,95,98.4375,77.34375,-21.09375
subject26,96,98.4375,112.5,14.0625
subject26,97,98.4375,77.34375,-21.09375
subject26,98,98.4375,112.5,14.0625
subject26,99,98.4375,112.5,14.0625
subject26,100,98.4375,112.5,14.0625
subject26,101,98.4375,112.5,14.0625
subject26,102,98.4375,112.5,14.0625
subject26,103,98.4375,112.5,14.0625
subject26,104,98.4375,112.5,14.0625
subject26,105,98.4375,112.5,14.0625
subject26,106,105.46875,112.5,7.03125
subject26,107,105.46875,91.40625,-14.0625
subject26,108,105.46875,112.5,7.03125
subject26,109,105.46875,91.40625,-14.0625
subject26,110,105.46875,98.4375,-7.03125
subject26,111,105.46875,112.5,7.03125
subject26,112,105.46875,98.4375,-7.03125
subject26,113,105.46875,84.375,-21.09375
subject26,114,98.4375,84.375,-14.0625
subject26,115,98.4375,84.375,-14.0625
subject26,116,98.4375,84.375,-14.0625
subject26,117,98.4375,84.375,-14.0625
subject26,118,98.4375,84.375,-14.0625
subject26,119,98.4375,84.375,-14.0625
subject26,120,98.4375,84.375,-14.0625
subject26,121,98.4375,112.5,14.0625
subject27,0,91.40625,91.40625,0.0
subject27,1,112.5,84.375,-28.125
subject27,2,112.5,98.4375,-14.0625
subject27,3,112.5,91.40625,-21.09375
subject27,4,112.5,98.4375,-14.0625
subject27,5,112.5,84.375,-28.125
subject27,6,105.46875,91.40625,-14.0625
subject27,7,112.5,98.4375,-14.0625
subject27,8,112.5,91.40625,-21.09375
subject27,9,112.5,98.4375,-14.0625
subject27,10,112.5,91.40625,-21.09375
subject27,11,91.40625,91.40625,0.0
subject27,12,91.40625,105.46875,14.0625
subject27,13,91.40625,91.40625,0.0
subject27,14,91.40625,112.5,21.09375
subject27,15,91.40625,91.40625,0.0
subject27,16,91.40625,112.5,21.09375
subject27,17,105.46875,112.5,7.03125
subject27,18,105.46875,112.5,7.03125
subject27,19,105.46875,91.40625,-14.0625
subject27,20,105.46875,112.5,7.03125
subject27,21,105.46875,91.40625,-14.0625
subject27,22,105.46875,91.40625,-14.0625
subject27,23,98.4375,91.40625,-7.03125
subject27,24,105.46875,91.40625,-14.0625
subject27,25,105.46875,112.5,7.03125
subject27,26,105.46875,112.5,7.03125
subject27,27,105.46875,112.5,7.03125
subject27,28,105.46875,112.5,7.03125
subject27,29,105.46875,112.5,7.03125
subject27,30,105.46875,112.5,7.03125
subject27,31,105.46875,112.5,7.03125
subject27,32,105.46875,112.5,7.03125
subject27,33,105.46875,112.5,7.03125
subject27,34,105.46875,112.5,7.03125
subject27,35,105.46875,112.5,7.03125
subject27,36,105.46875,112.5,7.03125
subject27,37,105.46875,98.4375,-7.03125
subject27,38,105.46875,112.5,7.03125
subject27,39,105.46875,112.5,7.03125
subject27,40,105.46875,112.5,7.03125
subject27,41,105.46875,91.40625,-14.0625
subject27,42,112.5,98.4375,-14.0625
subject27,43,112.5,112.5,0.0
subject27,44,112.5,98.4375,-14.0625
subject27,45,112.5,112.5,0.0
subject27,46,112.5,112.5,0.0
subject27,47,112.5,98.4375,-14.0625
subject27,48,112.5,112.5,0.0
subject27,49,112.5,98.4375,-14.0625
subject27,50,112.5,98.4375,-14.0625
subject27,51,112.5,112.5,0.0
subject27,52,112.5,112.5,0.0
subject27,53,112.5,112.5,0.0
subject27,54,112.5,112.5,0.0
subject27,55,112.5,112.5,0.0
subject27,56,112.5,112.5,0.0
subject27,57,112.5,112.5,0.0
subject27,58,112.5,84.375,-28.125
subject27,59,112.5,112.5,0.0
subject27,60,112.5,112.5,0.0
subject27,61,112.5,112.5,0.0
subject27,62,112.5,112.5,0.0
subject27,63,112.5,98.4375,-14.0625
subject27,64,112.5,112.5,0.0
subject27,65,112.5,112.5,0.0
subject27,66,112.5,112.5,0.0
subject27,67,112.5,98.4375,-14.0625
subject27,68,112.5,112.5,0.0
subject27,69,112.5,112.5,0.0
subject27,70,112.5,112.5,0.0
subject27,71,112.5,112.5,0.0
subject27,72,119.53125,112.5,-7.03125
subject27,73,119.53125,112.5,-7.03125
subject27,74,119.53125,112.5,-7.03125
subject27,75,119.53125,112.5,-7.03125
subject27,76,119.53125,112.5,-7.03125
subject27,77,119.53125,112.5,-7.03125
subject27,78,112.5,112.5,0.0
subject27,79,112.5,112.5,0.0
subject27,80,112.5,112.5,0.0
subject27,81,112.5,112.5,0.0
subject27,82,112.5,112.5,0.0
subject27,83,112.5,112.5,0.0
subject27,84,112.5,112.5,0.0
subject27,85,112.5,112.5,0.0
subject27,86,119.53125,91.40625,-28.125
subject27,87,119.53125,91.40625,-28.125
subject27,88,119.53125,105.46875,-14.0625
subject27,89,119.53125,98.4375,-21.09375
subject27,90,119.53125,98.4375,-21.09375
subject27,91,119.53125,105.46875,-14.0625
subject27,92,119.53125,112.5,-7.03125
subject27,93,119.53125,112.5,-7.03125
subject27,94,119.53125,91.40625,-28.125
subject27,95,119.53125,84.375,-35.15625
subject27,96,119.53125,84.375,-35.15625
subject27,97,119.53125,84.375,-35.15625
subject27,98,119.53125,91.40625,-28.125
subject27,99,119.53125,112.5,-7.03125
subject27,100,119.53125,84.375,-35.15625
subject27,101,119.53125,112.5,-7.03125
subject27,102,119.53125,112.5,-7.03125
subject27,103,112.5,112.5,0.0
subject27,104,112.5,91.40625,-21.09375
subject27,105,112.5,84.375,-28.125
subject27,106,112.5,112.5,0.0
subject27,107,112.5,112.5,0.0
subject27,108,112.5,84.375,-28.125
subject27,109,112.5,112.5,0.0
subject27,110,112.5,84.375,-28.125
subject27,111,112.5,84.375,-28.125
subject27,112,112.5,84.375,-28.125
subject27,113,112.5,84.375,-28.125
subject27,114,112.5,84.375,-28.125
subject27,115,112.5,112.5,0.0
subject27,116,112.5,84.375,-28.125
subject3,0,91.40625,112.5,21.09375
subject3,1,91.40625,91.40625,0.0
subject3,2,91.40625,91.40625,0.0
subject3,3,91.40625,91.40625,0.0
subject3,4,91.40625,84.375,-7.03125
subject3,5,91.40625,112.5,21.09375
subject3,6,91.40625,112.5,21.09375
subject3,7,91.40625,112.5,21.09375
subject3,8,91.40625,112.5,21.09375
subject3,9,91.40625,91.40625,0.0
subject3,10,91.40625,112.5,21.09375
subject3,11,91.40625,91.40625,0.0
subject3,12,91.40625,112.5,21.09375
subject3,13,91.40625,112.5,21.09375
subject3,14,91.40625,112.5,21.09375
subject3,15,91.40625,91.40625,0.0
subject3,16,91.40625,112.5,21.09375
subject3,17,91.40625,112.5,21.09375
subject3,18,91.40625,91.40625,0.0
subject3,19,91.40625,84.375,-7.03125
subject3,20,91.40625,112.5,21.09375
subject3,21,91.40625,112.5,21.09375
subject3,22,91.40625,112.5,21.09375
subject3,23,91.40625,112.5,21.09375
subject3,24,105.46875,112.5,7.03125
subject3,25,105.46875,112.5,7.03125
subject3,26,105.46875,112.5,7.03125
subject3,27,105.46875,112.5,7.03125
subject3,28,105.46875,112.5,7.03125
subject3,29,105.46875,91.40625,-14.0625
subject3,30,105.46875,91.40625,-14.0625
subject3,31,98.4375,91.40625,-7.03125
subject3,32,98.4375,84.375,-14.0625
subject3,33,98.4375,91.40625,-7.03125
subject3,34,98.4375,91.40625,-7.03125
subject3,35,98.4375,84.375,-14.0625
subject3,36,105.46875,84.375,-21.09375
subject3,37,105.46875,91.40625,-14.0625
subject3,38,105.46875,84.375,-21.09375
subject3,39,105.46875,84.375,-21.09375
subject3,40,105.46875,91.40625,-14.0625
subject3,41,84.375,84.375,0.0
subject3,42,84.375,84.375,0.0
subject3,43,84.375,84.375,0.0
subject3,44,84.375,84.375,0.0
subject3,45,84.375,84.375,0.0
subject3,46,98.4375,112.5,14.0625
subject3,47,91.40625,84.375,-7.03125
subject3,48,98.4375,84.375,-14.0625
subject3,49,98.4375,112.5,14.0625
subject3,50,84.375,84.375,0.0
subject3,51,84.375,112.5,28.125
subject3,52,84.375,77.34375,-7.03125
subject3,53,84.375,112.5,28.125
subject3,54,84.375,84.375,0.0
subject3,55,105.46875,112.5,7.03125
subject3,56,105.46875,112.5,7.03125
subject3,57,105.46875,84.375,-21.09375
subject3,58,105.46875,112.5,7.03125
subject3,59,105.46875,112.5,7.03125
subject3,60,105.46875,112.5,7.03125
subject3,61,105.46875,112.5,7.03125
subject3,62,105.46875,91.40625,-14.0625
subject3,63,105.46875,105.46875,0.0
subject3,64,105.46875,112.5,7.03125
subject3,65,105.46875,84.375,-21.09375
subject3,66,105.46875,112.5,7.03125
subject3,67,105.46875,112.5,7.03125
subject3,68,105.46875,91.40625,-14.0625
subject3,69,105.46875,112.5,7.03125
subject3,70,105.46875,112.5,7.03125
subject3,71,105.46875,112.5,7.03125
subject3,72,84.375,112.5,28.125
subject3,73,84.375,112.5,28.125
subject3,74,84.375,84.375,0.0
subject3,75,84.375,112.5,28.125
subject3,76,98.4375,112.5,14.0625
subject3,77,98.4375,77.34375,-21.09375
subject3,78,84.375,112.5,28.125
subject3,79,84.375,112.5,28.125
subject3,80,84.375,112.5,28.125
subject3,81,84.375,112.5,28.125
subject3,82,84.375,112.5,28.125
subject3,83,84.375,112.5,28.125
subject3,84,84.375,112.5,28.125
subject3,85,84.375,91.40625,7.03125
subject3,86,84.375,112.5,28.125
subject3,87,84.375,91.40625,7.03125
subject3,88,84.375,98.4375,14.0625
subject3,89,98.4375,112.5,14.0625
subject3,90,98.4375,112.5,14.0625
subject3,91,98.4375,98.4375,0.0
subject3,92,98.4375,112.5,14.0625
subject3,93,98.4375,98.4375,0.0
subject3,94,98.4375,91.40625,-7.03125
subject3,95,98.4375,112.5,14.0625
subject3,96,98.4375,112.5,14.0625
subject3,97,98.4375,112.5,14.0625
subject3,98,98.4375,84.375,-14.0625
subject3,99,98.4375,91.40625,-7.03125
subject3,100,98.4375,98.4375,0.0
subject3,101,98.4375,112.5,14.0625
subject3,102,98.4375,112.5,14.0625
subject3,103,98.4375,98.4375,0.0
subject3,104,98.4375,84.375,-14.0625
subject3,105,98.4375,84.375,-14.0625
subject3,106,98.4375,112.5,14.0625
subject3,107,98.4375,84.375,-14.0625
subject3,108,98.4375,98.4375,0.0
subject3,109,98.4375,84.375,-14.0625
subject3,110,98.4375,112.5,14.0625
subject3,111,98.4375,112.5,14.0625
subject3,112,98.4375,112.5,14.0625
subject3,113,91.40625,112.5,21.09375
subject3,114,98.4375,112.5,14.0625
subject3,115,91.40625,77.34375,-14.0625
subject3,116,98.4375,91.40625,-7.03125
subject3,117,91.40625,91.40625,0.0
subject3,118,91.40625,91.40625,0.0
subject3,119,91.40625,91.40625,0.0
subject3,120,91.40625,91.40625,0.0
subject3,121,91.40625,105.46875,14.0625
subject3,122,91.40625,91.40625,0.0
subject3,123,91.40625,91.40625,0.0
subject3,124,91.40625,91.40625,0.0
subject3,125,91.40625,98.4375,7.03125
subject3,126,91.40625,91.40625,0.0
subject3,127,91.40625,98.4375,7.03125
subject3,128,91.40625,91.40625,0.0
subject3,129,91.40625,91.40625,0.0
subject3,130,91.40625,91.40625,0.0
subject3,131,91.40625,112.5,21.09375
subject3,132,91.40625,91.40625,0.0
subject3,133,91.40625,112.5,21.09375
subject3,134,91.40625,91.40625,0.0
subject3,135,91.40625,98.4375,7.03125
subject3,136,91.40625,91.40625,0.0
subject3,137,91.40625,98.4375,7.03125
subject3,138,91.40625,98.4375,7.03125
subject3,139,91.40625,91.40625,0.0
subject3,140,98.4375,98.4375,0.0
subject3,141,98.4375,112.5,14.0625
subject3,142,98.4375,98.4375,0.0
subject3,143,98.4375,98.4375,0.0
subject3,144,98.4375,91.40625,-7.03125
subject3,145,98.4375,91.40625,-7.03125
subject3,146,91.40625,91.40625,0.0
subject3,147,91.40625,112.5,21.09375
subject3,148,91.40625,91.40625,0.0
subject3,149,91.40625,91.40625,0.0
subject3,150,91.40625,91.40625,0.0
subject3,151,91.40625,91.40625,0.0
subject3,152,91.40625,91.40625,0.0
subject3,153,91.40625,77.34375,-14.0625
subject30,0,84.375,105.46875,21.09375
subject30,1,84.375,105.46875,21.09375
subject30,2,84.375,112.5,28.125
subject30,3,84.375,112.5,28.125
subject30,4,84.375,112.5,28.125
subject30,5,84.375,112.5,28.125
subject30,6,84.375,112.5,28.125
subject30,7,84.375,112.5,28.125
subject30,8,84.375,112.5,28.125
subject30,9,84.375,112.5,28.125
subject30,10,84.375,112.5,28.125
subject30,11,84.375,112.5,28.125
subject30,12,84.375,84.375,0.0
subject30,13,84.375,98.4375,14.0625
subject30,14,84.375,84.375,0.0
subject30,15,91.40625,84.375,-7.03125
subject30,16,91.40625,91.40625,0.0
subject30,17,91.40625,84.375,-7.03125
subject30,18,91.40625,112.5,21.09375
subject30,19,91.40625,112.5,21.09375
subject30,20,91.40625,84.375,-7.03125
subject30,21,91.40625,91.40625,0.0
subject30,22,91.40625,84.375,-7.03125
subject30,23,91.40625,91.40625,0.0
subject30,24,91.40625,98.4375,7.03125
subject30,25,91.40625,91.40625,0.0
subject30,26,91.40625,98.4375,7.03125
subject30,27,91.40625,112.5,21.09375
subject30,28,91.40625,91.40625,0.0
subject30,29,91.40625,91.40625,0.0
subject30,30,91.40625,112.5,21.09375
subject30,31,91.40625,91.40625,0.0
subject30,32,91.40625,112.5,21.09375
subject30,33,98.4375,112.5,14.0625
subject30,34,98.4375,91.40625,-7.03125
subject30,35,98.4375,91.40625,-7.03125
subject30,36,98.4375,91.40625,-7.03125
subject30,37,98.4375,91.40625,-7.03125
subject30,38,98.4375,84.375,-14.0625
subject30,39,98.4375,91.40625,-7.03125
subject30,40,98.4375,84.375,-14.0625
subject30,41,98.4375,91.40625,-7.03125
subject30,42,98.4375,84.375,-14.0625
subject30,43,98.4375,112.5,14.0625
subject30,44,98.4375,91.40625,-7.03125
subject30,45,98.4375,112.5,14.0625
subject30,46,98.4375,91.40625,-7.03125
subject30,47,98.4375,91.40625,-7.03125
subject30,48,98.4375,112.5,14.0625
subject30,49,98.4375,91.40625,-7.03125
subject30,50,98.4375,98.4375,0.0
subject30,51,98.4375,105.46875,7.03125
subject30,52,98.4375,112.5,14.0625
subject30,53,98.4375,105.46875,7.03125
subject30,54,98.4375,112.5,14.0625
subject30,55,105.46875,112.5,7.03125
subject30,56,105.46875,112.5,7.03125
subject30,57,105.46875,84.375,-21.09375
subject30,58,105.46875,112.5,7.03125
subject30,59,105.46875,98.4375,-7.03125
subject30,60,105.46875,112.5,7.03125
subject30,61,105.46875,98.4375,-7.03125
subject30,62,105.46875,84.375,-21.09375
subject30,63,105.46875,112.5,7.03125
subject30,64,105.46875,91.40625,-14.0625
subject30,65,105.46875,112.5,7.03125
subject30,66,105.46875,112.5,7.03125
subject30,67,105.46875,91.40625,-14.0625
subject30,68,105.46875,91.40625,-14.0625
subject30,69,105.46875,112.5,7.03125
subject30,70,105.46875,98.4375,-7.03125
subject30,71,105.46875,98.4375,-7.03125
subject30,72,105.46875,112.5,7.03125
subject30,73,105.46875,98.4375,-7.03125
subject30,74,105.46875,112.5,7.03125
subject30,75,105.46875,112.5,7.03125
subject30,76,105.46875,98.4375,-7.03125
subject30,77,105.46875,105.46875,0.0
subject30,78,105.46875,112.5,7.03125
subject30,79,98.4375,98.4375,0.0
subject30,80,98.4375,105.46875,7.03125
subject30,81,98.4375,98.4375,0.0
subject30,82,98.4375,98.4375,0.0
subject30,83,98.4375,112.5,14.0625
subject30,84,98.4375,98.4375,0.0
subject30,85,98.4375,98.4375,0.0
subject30,86,98.4375,112.5,14.0625
subject30,87,98.4375,98.4375,0.0
subject30,88,98.4375,112.5,14.0625
subject30,89,98.4375,98.4375,0.0
subject30,90,98.4375,112.5,14.0625
subject30,91,98.4375,91.40625,-7.03125
subject30,92,98.4375,105.46875,7.03125
subject30,93,98.4375,98.4375,0.0
subject30,94,98.4375,119.53125,21.09375
subject30,95,98.4375,112.5,14.0625
subject30,96,98.4375,91.40625,-7.03125
subject30,97,98.4375,112.5,14.0625
subject30,98,98.4375,112.5,14.0625
subject30,99,91.40625,91.40625,0.0
subject30,100,91.40625,112.5,21.09375
subject30,101,91.40625,112.5,21.09375
subject30,102,91.40625,91.40625,0.0
subject30,103,98.4375,112.5,14.0625
subject30,104,98.4375,112.5,14.0625
subject30,105,98.4375,112.5,14.0625
subject30,106,98.4375,84.375,-14.0625
subject30,107,98.4375,84.375,-14.0625
subject30,108,98.4375,84.375,-14.0625
subject30,109,98.4375,84.375,-14.0625
subject30,110,98.4375,112.5,14.0625
subject30,111,98.4375,84.375,-14.0625
subject30,112,98.4375,112.5,14.0625
subject30,113,98.4375,91.40625,-7.03125
subject30,114,98.4375,91.40625,-7.03125
subject30,115,98.4375,112.5,14.0625
subject30,116,98.4375,112.5,14.0625
subject30,117,98.4375,112.5,14.0625
subject30,118,98.4375,112.5,14.0625
subject30,119,98.4375,112.5,14.0625
subject30,120,98.4375,112.5,14.0625
subject30,121,98.4375,77.34375,-21.09375
subject30,122,98.4375,77.34375,-21.09375
subject30,123,98.4375,77.34375,-21.09375
subject30,124,98.4375,112.5,14.0625
subject30,125,98.4375,77.34375,-21.09375
subject30,126,98.4375,112.5,14.0625
subject30,127,98.4375,77.34375,-21.09375
subject30,128,98.4375,112.5,14.0625
subject30,129,98.4375,77.34375,-21.09375
subject30,130,98.4375,112.5,14.0625
subject30,131,98.4375,112.5,14.0625
subject30,132,105.46875,112.5,7.03125
subject30,133,105.46875,91.40625,-14.0625
subject30,134,105.46875,112.5,7.03125
subject30,135,105.46875,91.40625,-14.0625
subject30,136,105.46875,112.5,7.03125
subject30,137,105.46875,112.5,7.03125
subject30,138,105.46875,112.5,7.03125
subject30,139,105.46875,112.5,7.03125
subject30,140,105.46875,112.5,7.03125
subject30,141,105.46875,112.5,7.03125
subject30,142,105.46875,91.40625,-14.0625
subject30,143,98.4375,112.5,14.0625
subject30,144,98.4375,112.5,14.0625
subject30,145,98.4375,112.5,14.0625
subject30,146,98.4375,112.5,14.0625
subject30,147,98.4375,112.5,14.0625
subject30,148,98.4375,84.375,-14.0625
subject30,149,98.4375,91.40625,-7.03125
subject30,150,98.4375,91.40625,-7.03125
subject30,151,98.4375,98.4375,0.0
subject30,152,98.4375,91.40625,-7.03125
subject30,153,98.4375,112.5,14.0625
subject30,154,98.4375,112.5,14.0625
subject30,155,98.4375,112.5,14.0625
subject30,156,98.4375,84.375,-14.0625
subject30,157,105.46875,112.5,7.03125
subject30,158,105.46875,112.5,7.03125
subject30,159,105.46875,112.5,7.03125
subject30,160,105.46875,84.375,-21.09375
subject30,161,105.46875,91.40625,-14.0625
subject30,162,105.46875,112.5,7.03125
subject30,163,105.46875,84.375,-21.09375
subject30,164,105.46875,91.40625,-14.0625
subject30,165,105.46875,84.375,-21.09375
subject30,166,105.46875,112.5,7.03125
subject30,167,105.46875,112.5,7.03125
subject30,168,105.46875,112.5,7.03125
subject30,169,105.46875,91.40625,-14.0625
subject30,170,105.46875,112.5,7.03125
subject30,171,105.46875,112.5,7.03125
subject30,172,105.46875,112.5,7.03125
subject30,173,105.46875,112.5,7.03125
subject30,174,105.46875,112.5,7.03125
subject30,175,105.46875,77.34375,-28.125
subject30,176,105.46875,112.5,7.03125
subject31,0,77.34375,112.5,35.15625
subject31,1,77.34375,112.5,35.15625
subject31,2,77.34375,98.4375,21.09375
subject31,3,77.34375,112.5,35.15625
subject31,4,77.34375,112.5,35.15625
subject31,5,77.34375,84.375,7.03125
subject31,6,77.34375,112.5,35.15625
subject31,7,77.34375,98.4375,21.09375
subject31,8,77.34375,84.375,7.03125
subject31,9,77.34375,98.4375,21.09375
subject31,10,77.34375,84.375,7.03125
subject31,11,77.34375,112.5,35.15625
subject31,12,77.34375,98.4375,21.09375
subject31,13,77.34375,91.40625,14.0625
subject31,14,77.34375,91.40625,14.0625
subject31,15,77.34375,112.5,35.15625
subject31,16,77.34375,112.5,35.15625
subject31,17,77.34375,112.5,35.15625
subject31,18,77.34375,112.5,35.15625
subject31,19,77.34375,77.34375,0.0
subject31,20,77.34375,112.5,35.15625
subject31,21,77.34375,112.5,35.15625
subject31,22,77.34375,105.46875,28.125
subject31,23,77.34375,112.5,35.15625
subject31,24,77.34375,112.5,35.15625
subject31,25,77.34375,98.4375,21.09375
subject31,26,77.34375,112.5,35.15625
subject31,27,77.34375,91.40625,14.0625
subject31,28,77.34375,84.375,7.03125
subject31,29,77.34375,105.46875,28.125
subject31,30,77.34375,84.375,7.03125
subject31,31,77.34375,84.375,7.03125
subject31,32,77.34375,112.5,35.15625
subject31,33,77.34375,84.375,7.03125
subject31,34,77.34375,84.375,7.03125
subject31,35,77.34375,84.375,7.03125
subject31,36,77.34375,84.375,7.03125
subject31,37,77.34375,84.375,7.03125
subject31,38,84.375,84.375,0.0
subject31,39,84.375,84.375,0.0
subject31,40,84.375,112.5,28.125
subject31,41,84.375,84.375,0.0
subject31,42,84.375,84.375,0.0
subject31,43,84.375,84.375,0.0
subject31,44,84.375,84.375,0.0
subject31,45,84.375,84.375,0.0
subject31,46,84.375,98.4375,14.0625
subject31,47,84.375,84.375,0.0
subject31,48,84.375,84.375,0.0
subject31,49,84.375,84.375,0.0
subject31,50,84.375,91.40625,7.03125
subject31,51,84.375,84.375,0.0
subject31,52,84.375,91.40625,7.03125
subject31,53,84.375,84.375,0.0
subject31,54,84.375,91.40625,7.03125
subject31,55,84.375,84.375,0.0
subject31,56,84.375,91.40625,7.03125
subject31,57,84.375,84.375,0.0
subject31,58,84.375,91.40625,7.03125
subject31,59,84.375,84.375,0.0
subject31,60,84.375,105.46875,21.09375
subject31,61,84.375,84.375,0.0
subject31,62,84.375,105.46875,21.09375
subject31,63,84.375,112.5,28.125
subject31,64,84.375,98.4375,14.0625
subject31,65,84.375,112.5,28.125
subject31,66,84.375,112.5,28.125
subject31,67,77.34375,112.5,35.15625
subject31,68,77.34375,112.5,35.15625
subject31,69,77.34375,84.375,7.03125
subject31,70,77.34375,77.34375,0.0
subject31,71,77.34375,112.5,35.15625
subject31,72,77.34375,77.34375,0.0
subject31,73,77.34375,77.34375,0.0
subject31,74,77.34375,112.5,35.15625
subject31,75,77.34375,77.34375,0.0
subject31,76,77.34375,112.5,35.15625
subject31,77,77.34375,91.40625,14.0625
subject31,78,77.34375,77.34375,0.0
subject31,79,77.34375,77.34375,0.0
subject31,80,77.34375,112.5,35.15625
subject31,81,77.34375,77.34375,0.0
subject31,82,77.34375,77.34375,0.0
subject31,83,77.34375,77.34375,0.0
subject31,84,77.34375,77.34375,0.0
subject31,85,77.34375,77.34375,0.0
subject31,86,77.34375,77.34375,0.0
subject31,87,84.375,84.375,0.0
subject31,88,77.34375,84.375,7.03125
subject31,89,77.34375,77.34375,0.0
subject31,90,84.375,84.375,0.0
subject31,91,77.34375,77.34375,0.0
subject31,92,84.375,112.5,28.125
subject31,93,77.34375,77.34375,0.0
subject31,94,77.34375,112.5,35.15625
subject31,95,77.34375,77.34375,0.0
subject31,96,77.34375,77.34375,0.0
subject31,97,77.34375,112.5,35.15625
subject31,98,77.34375,77.34375,0.0
subject31,99,77.34375,77.34375,0.0
subject31,100,77.34375,77.34375,0.0
subject31,101,77.34375,77.34375,0.0
subject31,102,77.34375,77.34375,0.0
subject31,103,77.34375,112.5,35.15625
subject31,104,77.34375,77.34375,0.0
subject31,105,77.34375,77.34375,0.0
subject31,106,77.34375,112.5,35.15625
subject31,107,77.34375,77.34375,0.0
subject31,108,77.34375,77.34375,0.0
subject31,109,77.34375,98.4375,21.09375
subject31,110,77.34375,77.34375,0.0
subject31,111,77.34375,84.375,7.03125
subject31,112,77.34375,84.375,7.03125
subject31,113,77.34375,112.5,35.15625
subject31,114,77.34375,84.375,7.03125
subject31,115,77.34375,84.375,7.03125
subject31,116,77.34375,84.375,7.03125
subject31,117,77.34375,98.4375,21.09375
subject31,118,77.34375,112.5,35.15625
subject31,119,77.34375,112.5,35.15625
subject31,120,77.34375,98.4375,21.09375
subject31,121,77.34375,91.40625,14.0625
subject31,122,77.34375,84.375,7.03125
subject31,123,77.34375,91.40625,14.0625
subject31,124,77.34375,91.40625,14.0625
subject31,125,77.34375,112.5,35.15625
subject31,126,77.34375,112.5,35.15625
subject31,127,77.34375,112.5,35.15625
subject31,128,77.34375,112.5,35.15625
subject31,129,77.34375,112.5,35.15625
subject31,130,77.34375,112.5,35.15625
subject31,131,77.34375,91.40625,14.0625
subject31,132,77.34375,112.5,35.15625
subject31,133,77.34375,91.40625,14.0625
subject31,134,77.34375,112.5,35.15625
subject31,135,77.34375,98.4375,21.09375
subject31,136,77.34375,77.34375,0.0
subject31,137,77.34375,98.4375,21.09375
subject31,138,77.34375,112.5,35.15625
subject31,139,77.34375,77.34375,0.0
subject31,140,77.34375,98.4375,21.09375
subject31,141,77.34375,112.5,35.15625
subject31,142,77.34375,91.40625,14.0625
subject31,143,77.34375,112.5,35.15625
subject31,144,77.34375,77.34375,0.0
subject31,145,77.34375,98.4375,21.09375
subject31,146,77.34375,77.34375,0.0
subject31,147,77.34375,112.5,35.15625
subject31,148,77.34375,112.5,35.15625
subject31,149,77.34375,98.4375,21.09375
subject31,150,77.34375,105.46875,28.125
subject31,151,77.34375,112.5,35.15625
subject31,152,77.34375,105.46875,28.125
subject31,153,77.34375,91.40625,14.0625
subject31,154,77.34375,112.5,35.15625
subject31,155,77.34375,105.46875,28.125
subject31,156,77.34375,84.375,7.03125
subject31,157,77.34375,105.46875,28.125
subject31,158,77.34375,112.5,35.15625
subject31,159,77.34375,112.5,35.15625
subject31,160,77.34375,98.4375,21.09375
subject31,161,77.34375,112.5,35.15625
subject31,162,77.34375,112.5,35.15625
subject31,163,77.34375,112.5,35.15625
subject31,164,77.34375,77.34375,0.0
subject31,165,77.34375,105.46875,28.125
subject31,166,77.34375,112.5,35.15625
subject31,167,77.34375,91.40625,14.0625
subject31,168,77.34375,112.5,35.15625
subject31,169,77.34375,91.40625,14.0625
subject31,170,77.34375,91.40625,14.0625
subject31,171,77.34375,105.46875,28.125
subject31,172,77.34375,98.4375,21.09375
subject31,173,77.34375,77.34375,0.0
subject31,174,77.34375,112.5,35.15625
subject31,175,77.34375,98.4375,21.09375
subject31,176,77.34375,84.375,7.03125
subject32,0,91.40625,112.5,21.09375
subject32,1,91.40625,98.4375,7.03125
subject32,2,91.40625,112.5,21.09375
subject32,3,91.40625,91.40625,0.0
subject32,4,91.40625,84.375,-7.03125
subject32,5,98.4375,105.46875,7.03125
subject32,6,98.4375,84.375,-14.0625
subject32,7,98.4375,105.46875,7.03125
subject32,8,98.4375,112.5,14.0625
subject32,9,98.4375,112.5,14.0625
subject32,10,98.4375,112.5,14.0625
subject32,11,98.4375,112.5,14.0625
subject32,12,98.4375,112.5,14.0625
subject32,13,98.4375,112.5,14.0625
subject32,14,98.4375,112.5,14.0625
subject32,15,98.4375,98.4375,0.0
subject32,16,98.4375,112.5,14.0625
subject32,17,98.4375,112.5,14.0625
subject32,18,91.40625,98.4375,7.03125
subject32,19,91.40625,112.5,21.09375
subject32,20,91.40625,112.5,21.09375
subject32,21,91.40625,112.5,21.09375
subject32,22,91.40625,91.40625,0.0
subject32,23,91.40625,112.5,21.09375
subject32,24,98.4375,112.5,14.0625
subject32,25,98.4375,91.40625,-7.03125
subject32,26,98.4375,112.5,14.0625
subject32,27,91.40625,91.40625,0.0
subject32,28,91.40625,112.5,21.09375
subject32,29,91.40625,112.5,21.09375
subject32,30,91.40625,112.5,21.09375
subject32,31,91.40625,112.5,21.09375
subject32,32,91.40625,112.5,21.09375
subject32,33,91.40625,112.5,21.09375
subject32,34,91.40625,112.5,21.09375
subject32,35,98.4375,112.5,14.0625
subject32,36,98.4375,112.5,14.0625
subject32,37,98.4375,112.5,14.0625
subject32,38,98.4375,112.5,14.0625
subject32,39,98.4375,112.5,14.0625
subject32,40,98.4375,84.375,-14.0625
subject32,41,98.4375,98.4375,0.0
subject32,42,98.4375,84.375,-14.0625
subject32,43,98.4375,112.5,14.0625
subject32,44,98.4375,105.46875,7.03125
subject32,45,98.4375,84.375,-14.0625
subject32,46,98.4375,112.5,14.0625
subject32,47,98.4375,77.34375,-21.09375
subject32,48,98.4375,84.375,-14.0625
subject32,49,98.4375,98.4375,0.0
subject32,50,98.4375,112.5,14.0625
subject32,51,98.4375,84.375,-14.0625
subject32,52,98.4375,98.4375,0.0
subject32,53,98.4375,84.375,-14.0625
subject32,54,105.46875,98.4375,-7.03125
subject32,55,105.46875,84.375,-21.09375
subject32,56,105.46875,84.375,-21.09375
subject32,57,105.46875,98.4375,-7.03125
subject32,58,105.46875,112.5,7.03125
subject32,59,105.46875,98.4375,-7.03125
subject32,60,105.46875,112.5,7.03125
subject32,61,105.46875,84.375,-21.09375
subject32,62,105.46875,98.4375,-7.03125
subject32,63,105.46875,112.5,7.03125
subject32,64,112.5,84.375,-28.125
subject32,65,112.5,112.5,0.0
subject32,66,112.5,112.5,0.0
subject32,67,112.5,91.40625,-21.09375
subject32,68,112.5,112.5,0.0
subject32,69,112.5,84.375,-28.125
subject32,70,112.5,112.5,0.0
subject32,71,112.5,84.375,-28.125
subject32,72,112.5,112.5,0.0
subject32,73,112.5,112.5,0.0
subject32,74,112.5,112.5,0.0
subject32,75,112.5,91.40625,-21.09375
subject32,76,112.5,98.4375,-14.0625
subject32,77,112.5,91.40625,-21.09375
subject32,78,112.5,84.375,-28.125
subject32,79,112.5,91.40625,-21.09375
subject32,80,112.5,112.5,0.0
subject32,81,112.5,91.40625,-21.09375
subject32,82,119.53125,77.34375,-42.1875
subject32,83,119.53125,112.5,-7.03125
subject32,84,119.53125,77.34375,-42.1875
subject32,85,119.53125,84.375,-35.15625
subject32,86,119.53125,112.5,-7.03125
subject32,87,119.53125,98.4375,-21.09375
subject32,88,119.53125,84.375,-35.15625
subject32,89,119.53125,91.40625,-28.125
subject32,90,119.53125,112.5,-7.03125
subject32,91,119.53125,84.375,-35.15625
subject32,92,119.53125,112.5,-7.03125
subject32,93,119.53125,84.375,-35.15625
subject32,94,119.53125,112.5,-7.03125
subject32,95,119.53125,84.375,-35.15625
subject32,96,119.53125,84.375,-35.15625
subject32,97,119.53125,112.5,-7.03125
subject32,98,119.53125,112.5,-7.03125
subject32,99,119.53125,84.375,-35.15625
subject32,100,119.53125,112.5,-7.03125
subject32,101,119.53125,84.375,-35.15625
subject32,102,112.5,84.375,-28.125
subject32,103,112.5,98.4375,-14.0625
subject32,104,112.5,112.5,0.0
subject32,105,112.5,112.5,0.0
subject32,106,112.5,112.5,0.0
subject32,107,112.5,112.5,0.0
subject32,108,112.5,112.5,0.0
subject32,109,112.5,91.40625,-21.09375
subject32,110,112.5,77.34375,-35.15625
subject32,111,112.5,112.5,0.0
subject32,112,112.5,77.34375,-35.15625
subject32,113,112.5,77.34375,-35.15625
subject32,114,112.5,112.5,0.0
subject32,115,119.53125,112.5,-7.03125
subject32,116,119.53125,91.40625,-28.125
subject32,117,119.53125,112.5,-7.03125
subject32,118,119.53125,112.5,-7.03125
subject32,119,119.53125,91.40625,-28.125
subject32,120,119.53125,112.5,-7.03125
subject32,121,119.53125,84.375,-35.15625
subject32,122,119.53125,112.5,-7.03125
subject32,123,119.53125,112.5,-7.03125
subject32,124,119.53125,112.5,-7.03125
subject32,125,119.53125,112.5,-7.03125
subject32,126,119.53125,112.5,-7.03125
subject32,127,119.53125,77.34375,-42.1875
subject32,128,119.53125,112.5,-7.03125
subject32,129,119.53125,84.375,-35.15625
subject32,130,119.53125,84.375,-35.15625
subject32,131,119.53125,98.4375,-21.09375
subject32,132,119.53125,84.375,-35.15625
subject32,133,119.53125,98.4375,-21.09375
subject32,134,119.53125,91.40625,-28.125
subject32,135,112.5,84.375,-28.125
subject32,136,112.5,112.5,0.0
subject32,137,112.5,91.40625,-21.09375
subject32,138,112.5,112.5,0.0
subject32,139,112.5,112.5,0.0
subject32,140,112.5,84.375,-28.125
subject32,141,112.5,112.5,0.0
subject32,142,112.5,112.5,0.0
subject32,143,112.5,112.5,0.0
subject32,144,112.5,84.375,-28.125
subject32,145,112.5,112.5,0.0
subject32,146,112.5,112.5,0.0
subject32,147,112.5,84.375,-28.125
subject32,148,112.5,91.40625,-21.09375
subject32,149,112.5,112.5,0.0
subject32,150,112.5,84.375,-28.125
subject32,151,112.5,112.5,0.0
subject32,152,112.5,112.5,0.0
subject32,153,112.5,112.5,0.0
subject32,154,105.46875,112.5,7.03125
subject32,155,105.46875,112.5,7.03125
subject32,156,105.46875,84.375,-21.09375
subject32,157,105.46875,105.46875,0.0
subject32,158,105.46875,112.5,7.03125
subject32,159,105.46875,112.5,7.03125
subject32,160,105.46875,105.46875,0.0
subject32,161,105.46875,98.4375,-7.03125
subject32,162,105.46875,112.5,7.03125
subject32,163,105.46875,91.40625,-14.0625
subject32,164,105.46875,98.4375,-7.03125
subject32,165,105.46875,105.46875,0.0
subject32,166,105.46875,98.4375,-7.03125
subject32,167,105.46875,112.5,7.03125
subject32,168,105.46875,98.4375,-7.03125
subject32,169,105.46875,91.40625,-14.0625
subject32,170,105.46875,112.5,7.03125
subject32,171,105.46875,98.4375,-7.03125
subject32,172,98.4375,91.40625,-7.03125
subject32,173,98.4375,112.5,14.0625
subject32,174,98.4375,91.40625,-7.03125
subject32,175,98.4375,112.5,14.0625
subject32,176,98.4375,112.5,14.0625
subject33,0,119.53125,84.375,-35.15625
subject33,1,119.53125,98.4375,-21.09375
subject33,2,119.53125,84.375,-35.15625
subject33,3,119.53125,112.5,-7.03125
subject33,4,119.53125,112.5,-7.03125
subject33,5,112.5,112.5,0.0
subject33,6,112.5,112.5,0.0
subject33,7,112.5,112.5,0.0
subject33,8,112.5,112.5,0.0
subject33,9,112.5,91.40625,-21.09375
subject33,10,112.5,112.5,0.0
subject33,11,112.5,112.5,0.0
subject33,12,112.5,112.5,0.0
subject33,13,112.5,112.5,0.0
subject33,14,112.5,112.5,0.0
subject33,15,112.5,91.40625,-21.09375
subject33,16,112.5,77.34375,-35.15625
subject33,17,112.5,112.5,0.0
subject33,18,112.5,112.5,0.0
subject33,19,112.5,112.5,0.0
subject33,20,112.5,112.5,0.0
subject33,21,112.5,112.5,0.0
subject33,22,112.5,112.5,0.0
subject33,23,112.5,84.375,-28.125
subject33,24,112.5,105.46875,-7.03125
subject33,25,112.5,112.5,0.0
subject33,26,112.5,105.46875,-7.03125
subject33,27,112.5,112.5,0.0
subject33,28,112.5,112.5,0.0
subject33,29,112.5,112.5,0.0
subject33,30,112.5,84.375,-28.125
subject33,31,112.5,84.375,-28.125
subject33,32,112.5,112.5,0.0
subject33,33,112.5,112.5,0.0
subject33,34,112.5,77.34375,-35.15625
subject33,35,119.53125,84.375,-35.15625
subject33,36,119.53125,112.5,-7.03125
subject33,37,119.53125,84.375,-35.15625
subject33,38,119.53125,112.5,-7.03125
subject33,39,119.53125,112.5,-7.03125
subject33,40,119.53125,84.375,-35.15625
subject33,41,119.53125,112.5,-7.03125
subject33,42,119.53125,84.375,-35.15625
subject33,43,119.53125,84.375,-35.15625
subject33,44,119.53125,112.5,-7.03125
subject33,45,119.53125,84.375,-35.15625
subject33,46,119.53125,112.5,-7.03125
subject33,47,119.53125,91.40625,-28.125
subject33,48,119.53125,84.375,-35.15625
subject33,49,119.53125,112.5,-7.03125
subject33,50,119.53125,91.40625,-28.125
subject33,51,119.53125,84.375,-35.15625
subject33,52,119.53125,91.40625,-28.125
subject33,53,119.53125,84.375,-35.15625
subject33,54,119.53125,112.5,-7.03125
subject33,55,119.53125,98.4375,-21.09375
subject33,56,119.53125,84.375,-35.15625
subject33,57,119.53125,91.40625,-28.125
subject33,58,119.53125,91.40625,-28.125
subject33,59,119.53125,112.5,-7.03125
subject33,60,119.53125,91.40625,-28.125
subject33,61,119.53125,91.40625,-28.125
subject33,62,119.53125,91.40625,-28.125
subject33,63,119.53125,91.40625,-28.125
subject33,64,119.53125,112.5,-7.03125
subject33,65,119.53125,91.40625,-28.125
subject33,66,119.53125,112.5,-7.03125
subject33,67,119.53125,112.5,-7.03125
subject33,68,119.53125,84.375,-35.15625
subject33,69,119.53125,112.5,-7.03125
subject33,70,119.53125,112.5,-7.03125
subject33,71,119.53125,112.5,-7.03125
subject33,72,119.53125,112.5,-7.03125
subject33,73,119.53125,77.34375,-42.1875
subject33,74,119.53125,84.375,-35.15625
subject33,75,119.53125,77.34375,-42.1875
subject33,76,119.53125,112.5,-7.03125
subject33,77,119.53125,84.375,-35.15625
subject33,78,119.53125,112.5,-7.03125
subject33,79,119.53125,84.375,-35.15625
subject33,80,119.53125,84.375,-35.15625
subject33,81,119.53125,112.5,-7.03125
subject33,82,126.5625,84.375,-42.1875
subject33,83,112.5,112.5,0.0
subject33,84,112.5,84.375,-28.125
subject33,85,112.5,112.5,0.0
subject33,86,112.5,84.375,-28.125
subject33,87,112.5,112.5,0.0
subject33,88,112.5,84.375,-28.125
subject33,89,112.5,112.5,0.0
subject33,90,112.5,112.5,0.0
subject33,91,112.5,84.375,-28.125
subject33,92,112.5,112.5,0.0
subject33,93,112.5,112.5,0.0
subject33,94,112.5,112.5,0.0
subject33,95,112.5,98.4375,-14.0625
subject33,96,112.5,91.40625,-21.09375
subject33,97,112.5,91.40625,-21.09375
subject33,98,112.5,98.4375,-14.0625
subject33,99,112.5,84.375,-28.125
subject33,100,112.5,112.5,0.0
subject33,101,119.53125,84.375,-35.15625
subject33,102,119.53125,112.5,-7.03125
subject33,103,119.53125,98.4375,-21.09375
subject33,104,119.53125,112.5,-7.03125
subject33,105,119.53125,98.4375,-21.09375
subject33,106,119.53125,112.5,-7.03125
subject33,107,119.53125,112.5,-7.03125
subject33,108,119.53125,98.4375,-21.09375
subject33,109,119.53125,112.5,-7.03125
subject33,110,119.53125,112.5,-7.03125
subject33,111,119.53125,112.5,-7.03125
subject33,112,119.53125,112.5,-7.03125
subject33,113,119.53125,112.5,-7.03125
subject33,114,119.53125,112.5,-7.03125
subject33,115,119.53125,84.375,-35.15625
subject33,116,119.53125,112.5,-7.03125
subject33,117,119.53125,112.5,-7.03125
subject33,118,119.53125,84.375,-35.15625
subject33,119,119.53125,98.4375,-21.09375
subject33,120,119.53125,112.5,-7.03125
subject33,121,119.53125,112.5,-7.03125
subject33,122,119.53125,112.5,-7.03125
subject33,123,119.53125,112.5,-7.03125
subject33,124,119.53125,98.4375,-21.09375
subject33,125,119.53125,112.5,-7.03125
subject33,126,112.5,112.5,0.0
subject33,127,112.5,98.4375,-14.0625
subject33,128,112.5,98.4375,-14.0625
subject33,129,112.5,91.40625,-21.09375
subject33,130,112.5,98.4375,-14.0625
subject33,131,112.5,91.40625,-21.09375
subject33,132,112.5,98.4375,-14.0625
subject33,133,112.5,112.5,0.0
subject33,134,112.5,112.5,0.0
subject33,135,112.5,112.5,0.0
subject33,136,112.5,77.34375,-35.15625
subject33,137,112.5,112.5,0.0
subject33,138,112.5,112.5,0.0
subject33,139,112.5,112.5,0.0
subject33,140,112.5,112.5,0.0
subject33,141,112.5,112.5,0.0
subject33,142,112.5,112.5,0.0
subject33,143,112.5,112.5,0.0
subject33,144,112.5,112.5,0.0
subject33,145,112.5,112.5,0.0
subject33,146,112.5,112.5,0.0
subject33,147,112.5,112.5,0.0
subject33,148,112.5,112.5,0.0
subject33,149,112.5,112.5,0.0
subject33,150,112.5,112.5,0.0
subject33,151,112.5,112.5,0.0
subject33,152,112.5,112.5,0.0
subject33,153,112.5,112.5,0.0
subject33,154,112.5,112.5,0.0
subject33,155,112.5,112.5,0.0
subject33,156,112.5,112.5,0.0
subject33,157,112.5,112.5,0.0
subject33,158,112.5,112.5,0.0
subject33,159,112.5,112.5,0.0
subject33,160,112.5,112.5,0.0
subject33,161,112.5,112.5,0.0
subject33,162,112.5,112.5,0.0
subject33,163,112.5,112.5,0.0
subject33,164,112.5,112.5,0.0
subject33,165,119.53125,112.5,-7.03125
subject33,166,119.53125,112.5,-7.03125
subject33,167,119.53125,112.5,-7.03125
subject33,168,119.53125,112.5,-7.03125
subject33,169,119.53125,112.5,-7.03125
subject33,170,119.53125,84.375,-35.15625
subject33,171,105.46875,112.5,7.03125
subject33,172,105.46875,112.5,7.03125
subject33,173,105.46875,112.5,7.03125
subject34,0,119.53125,105.46875,-14.0625
subject34,1,119.53125,98.4375,-21.09375
subject34,2,119.53125,112.5,-7.03125
subject34,3,119.53125,105.46875,-14.0625
subject34,4,119.53125,112.5,-7.03125
subject34,5,119.53125,112.5,-7.03125
subject34,6,119.53125,91.40625,-28.125
subject34,7,119.53125,112.5,-7.03125
subject34,8,119.53125,112.5,-7.03125
subject34,9,119.53125,105.46875,-14.0625
subject34,10,119.53125,105.46875,-14.0625
subject34,11,119.53125,105.46875,-14.0625
subject34,12,119.53125,105.46875,-14.0625
subject34,13,119.53125,112.5,-7.03125
subject34,14,119.53125,112.5,-7.03125
subject34,15,119.53125,112.5,-7.03125
subject34,16,119.53125,112.5,-7.03125
subject34,17,119.53125,112.5,-7.03125
subject34,18,119.53125,112.5,-7.03125
subject34,19,119.53125,112.5,-7.03125
subject34,20,119.53125,112.5,-7.03125
subject34,21,119.53125,112.5,-7.03125
subject34,22,119.53125,91.40625,-28.125
subject34,23,119.53125,112.5,-7.03125
subject34,24,119.53125,105.46875,-14.0625
subject34,25,119.53125,112.5,-7.03125
subject34,26,119.53125,112.5,-7.03125
subject34,27,119.53125,105.46875,-14.0625
subject34,28,119.53125,105.46875,-14.0625
subject34,29,119.53125,112.5,-7.03125
subject34,30,119.53125,112.5,-7.03125
subject34,31,119.53125,112.5,-7.03125
subject34,32,112.5,98.4375,-14.0625
subject34,33,112.5,98.4375,-14.0625
subject34,34,112.5,112.5,0.0
subject34,35,112.5,98.4375,-14.0625
subject34,36,112.5,98.4375,-14.0625
subject34,37,112.5,98.4375,-14.0625
subject34,38,119.53125,91.40625,-28.125
subject34,39,119.53125,112.5,-7.03125
subject34,40,119.53125,91.40625,-28.125
subject34,41,119.53125,77.34375,-42.1875
subject34,42,119.53125,112.5,-7.03125
subject34,43,119.53125,91.40625,-28.125
subject34,44,119.53125,112.5,-7.03125
subject34,45,119.53125,112.5,-7.03125
subject34,46,119.53125,91.40625,-28.125
subject34,47,119.53125,98.4375,-21.09375
subject34,48,119.53125,91.40625,-28.125
subject34,49,119.53125,112.5,-7.03125
subject34,50,119.53125,91.40625,-28.125
subject34,51,119.53125,112.5,-7.03125
subject34,52,119.53125,91.40625,-28.125
subject34,53,119.53125,84.375,-35.15625
subject34,54,119.53125,112.5,-7.03125
subject34,55,119.53125,91.40625,-28.125
subject34,56,119.53125,77.34375,-42.1875
subject34,57,119.53125,98.4375,-21.09375
subject34,58,119.53125,105.46875,-14.0625
subject34,59,119.53125,98.4375,-21.09375
subject34,60,119.53125,91.40625,-28.125
subject34,61,112.5,91.40625,-21.09375
subject34,62,112.5,112.5,0.0
subject34,63,112.5,91.40625,-21.09375
subject34,64,119.53125,112.5,-7.03125
subject34,65,119.53125,112.5,-7.03125
subject34,66,119.53125,91.40625,-28.125
subject34,67,119.53125,84.375,-35.15625
subject34,68,119.53125,91.40625,-28.125
subject34,69,119.53125,84.375,-35.15625
subject34,70,119.53125,112.5,-7.03125
subject34,71,119.53125,98.4375,-21.09375
subject34,72,119.53125,112.5,-7.03125
subject34,73,119.53125,105.46875,-14.0625
subject34,74,119.53125,98.4375,-21.09375
subject34,75,119.53125,112.5,-7.03125
subject34,76,119.53125,98.4375,-21.09375
subject34,77,119.53125,112.5,-7.03125
subject34,78,119.53125,112.5,-7.03125
subject34,79,119.53125,91.40625,-28.125
subject34,80,119.53125,91.40625,-28.125
subject34,81,119.53125,98.4375,-21.09375
subject34,82,119.53125,91.40625,-28.125
subject34,83,119.53125,98.4375,-21.09375
subject34,84,119.53125,91.40625,-28.125
subject34,85,119.53125,91.40625,-28.125
subject34,86,119.53125,105.46875,-14.0625
subject34,87,112.5,91.40625,-21.09375
subject34,88,112.5,105.46875,-7.03125
subject34,89,112.5,105.46875,-7.03125
subject34,90,112.5,105.46875,-7.03125
subject34,91,112.5,112.5,0.0
subject34,92,112.5,112.5,0.0
subject34,93,112.5,112.5,0.0
subject34,94,112.5,112.5,0.0
subject34,95,112.5,112.5,0.0
subject34,96,112.5,98.4375,-14.0625
subject34,97,112.5,98.4375,-14.0625
subject34,98,112.5,112.5,0.0
subject34,99,112.5,112.5,0.0
subject34,100,112.5,112.5,0.0
subject34,101,112.5,91.40625,-21.09375
subject34,102,112.5,91.40625,-21.09375
subject34,103,112.5,91.40625,-21.09375
subject34,104,112.5,91.40625,-21.09375
subject34,105,112.5,91.40625,-21.09375
subject34,106,112.5,91.40625,-21.09375
subject34,107,112.5,112.5,0.0
subject34,108,112.5,91.40625,-21.09375
subject34,109,112.5,98.4375,-14.0625
subject34,110,112.5,91.40625,-21.09375
subject34,111,112.5,112.5,0.0
subject34,112,112.5,98.4375,-14.0625
subject34,113,112.5,84.375,-28.125
subject34,114,112.5,98.4375,-14.0625
subject34,115,112.5,98.4375,-14.0625
subject34,116,112.5,112.5,0.0
subject34,117,112.5,112.5,0.0
subject34,118,112.5,98.4375,-14.0625
subject34,119,112.5,112.5,0.0
subject34,120,112.5,112.5,0.0
subject34,121,112.5,112.5,0.0
subject34,122,112.5,112.5,0.0
subject34,123,112.5,98.4375,-14.0625
subject34,124,112.5,84.375,-28.125
subject34,125,112.5,112.5,0.0
subject34,126,112.5,112.5,0.0
subject34,127,112.5,112.5,0.0
subject34,128,112.5,112.5,0.0
subject34,129,112.5,112.5,0.0
subject34,130,112.5,112.5,0.0
subject34,131,112.5,112.5,0.0
subject34,132,112.5,91.40625,-21.09375
subject34,133,119.53125,112.5,-7.03125
subject34,134,119.53125,112.5,-7.03125
subject34,135,119.53125,112.5,-7.03125
subject34,136,119.53125,112.5,-7.03125
subject34,137,119.53125,112.5,-7.03125
subject34,138,119.53125,84.375,-35.15625
subject34,139,119.53125,84.375,-35.15625
subject34,140,119.53125,112.5,-7.03125
subject34,141,119.53125,84.375,-35.15625
subject34,142,119.53125,98.4375,-21.09375
subject34,143,119.53125,112.5,-7.03125
subject34,144,119.53125,112.5,-7.03125
subject34,145,119.53125,105.46875,-14.0625
subject34,146,112.5,84.375,-28.125
subject34,147,112.5,98.4375,-14.0625
subject34,148,112.5,84.375,-28.125
subject34,149,112.5,112.5,0.0
subject34,150,112.5,98.4375,-14.0625
subject34,151,112.5,84.375,-28.125
subject34,152,112.5,112.5,0.0
subject34,153,112.5,98.4375,-14.0625
subject34,154,112.5,77.34375,-35.15625
subject34,155,112.5,112.5,0.0
subject34,156,112.5,91.40625,-21.09375
subject34,157,112.5,112.5,0.0
subject34,158,112.5,112.5,0.0
subject34,159,112.5,84.375,-28.125
subject34,160,112.5,112.5,0.0
subject34,161,112.5,91.40625,-21.09375
subject34,162,112.5,112.5,0.0
subject34,163,112.5,112.5,0.0
subject34,164,112.5,105.46875,-7.03125
subject34,165,112.5,112.5,0.0
subject34,166,112.5,98.4375,-14.0625
subject34,167,112.5,105.46875,-7.03125
subject34,168,112.5,98.4375,-14.0625
subject34,169,112.5,112.5,0.0
subject34,170,112.5,112.5,0.0
subject34,171,112.5,98.4375,-14.0625
subject34,172,112.5,112.5,0.0
subject34,173,112.5,98.4375,-14.0625
subject34,174,112.5,112.5,0.0
subject34,175,112.5,84.375,-28.125
subject34,176,112.5,112.5,0.0
subject35,0,77.34375,98.4375,21.09375
subject35,1,77.34375,112.5,35.15625
subject35,2,77.34375,91.40625,14.0625
subject35,3,77.34375,112.5,35.15625
subject35,4,84.375,112.5,28.125
subject35,5,84.375,112.5,28.125
subject35,6,84.375,112.5,28.125
subject35,7,84.375,84.375,0.0
subject35,8,84.375,84.375,0.0
subject35,9,84.375,84.375,0.0
subject35,10,84.375,84.375,0.0
subject35,11,84.375,84.375,0.0
subject35,12,84.375,84.375,0.0
subject35,13,84.375,84.375,0.0
subject35,14,84.375,84.375,0.0
subject35,15,84.375,84.375,0.0
subject35,16,84.375,84.375,0.0
subject35,17,84.375,84.375,0.0
subject35,18,84.375,84.375,0.0
subject35,19,84.375,112.5,28.125
subject35,20,84.375,84.375,0.0
subject35,21,84.375,84.375,0.0
subject35,22,84.375,84.375,0.0
subject35,23,84.375,84.375,0.0
subject35,24,84.375,84.375,0.0
subject35,25,84.375,112.5,28.125
subject35,26,84.375,84.375,0.0
subject35,27,84.375,112.5,28.125
subject35,28,84.375,112.5,28.125
subject35,29,91.40625,77.34375,-14.0625
subject35,30,91.40625,112.5,21.09375
subject35,31,91.40625,91.40625,0.0
subject35,32,91.40625,112.5,21.09375
subject35,33,91.40625,112.5,21.09375
subject35,34,98.4375,112.5,14.0625
subject35,35,98.4375,98.4375,0.0
subject35,36,98.4375,112.5,14.0625
subject35,37,98.4375,98.4375,0.0
subject35,38,98.4375,112.5,14.0625
subject35,39,98.4375,112.5,14.0625
subject35,40,98.4375,112.5,14.0625
subject35,41,98.4375,91.40625,-7.03125
subject35,42,98.4375,112.5,14.0625
subject35,43,98.4375,91.40625,-7.03125
subject35,44,98.4375,91.40625,-7.03125
subject35,45,98.4375,105.46875,7.03125
subject35,46,98.4375,91.40625,-7.03125
subject35,47,98.4375,112.5,14.0625
subject35,48,98.4375,112.5,14.0625
subject35,49,98.4375,112.5,14.0625
subject35,50,98.4375,112.5,14.0625
subject35,51,98.4375,112.5,14.0625
subject35,52,98.4375,98.4375,0.0
subject35,53,98.4375,112.5,14.0625
subject35,54,98.4375,98.4375,0.0
subject35,55,98.4375,98.4375,0.0
subject35,56,98.4375,112.5,14.0625
subject35,57,98.4375,98.4375,0.0
subject35,58,98.4375,91.40625,-7.03125
subject35,59,98.4375,98.4375,0.0
subject35,60,98.4375,98.4375,0.0
subject35,61,98.4375,98.4375,0.0
subject35,62,98.4375,91.40625,-7.03125
subject35,63,98.4375,98.4375,0.0
subject35,64,98.4375,98.4375,0.0
subject35,65,98.4375,112.5,14.0625
subject35,66,105.46875,91.40625,-14.0625
subject35,67,105.46875,112.5,7.03125
subject35,68,105.46875,91.40625,-14.0625
subject35,69,105.46875,91.40625,-14.0625
subject35,70,105.46875,112.5,7.03125
subject35,71,105.46875,98.4375,-7.03125
subject35,72,105.46875,91.40625,-14.0625
subject35,73,105.46875,112.5,7.03125
subject35,74,105.46875,91.40625,-14.0625
subject35,75,105.46875,112.5,7.03125
subject35,76,105.46875,112.5,7.03125
subject35,77,112.5,112.5,0.0
subject35,78,112.5,112.5,0.0
subject35,79,112.5,112.5,0.0
subject35,80,112.5,84.375,-28.125
subject35,81,112.5,98.4375,-14.0625
subject35,82,112.5,105.46875,-7.03125
subject35,83,112.5,84.375,-28.125
subject35,84,112.5,91.40625,-21.09375
subject35,85,112.5,112.5,0.0
subject35,86,112.5,84.375,-28.125
subject35,87,112.5,105.46875,-7.03125
subject35,88,112.5,84.375,-28.125
subject35,89,112.5,105.46875,-7.03125
subject35,90,112.5,112.5,0.0
subject35,91,112.5,112.5,0.0
subject35,92,112.5,112.5,0.0
subject35,93,112.5,112.5,0.0
subject35,94,112.5,91.40625,-21.09375
subject35,95,112.5,105.46875,-7.03125
subject35,96,112.5,105.46875,-7.03125
subject35,97,112.5,105.46875,-7.03125
subject35,98,112.5,98.4375,-14.0625
subject35,99,112.5,112.5,0.0
subject35,100,112.5,112.5,0.0
subject35,101,112.5,84.375,-28.125
subject35,102,112.5,91.40625,-21.09375
subject35,103,112.5,84.375,-28.125
subject35,104,119.53125,91.40625,-28.125
subject35,105,119.53125,84.375,-35.15625
subject35,106,119.53125,112.5,-7.03125
subject35,107,119.53125,98.4375,-21.09375
subject35,108,119.53125,112.5,-7.03125
subject35,109,119.53125,112.5,-7.03125
subject35,110,119.53125,98.4375,-21.09375
subject35,111,119.53125,112.5,-7.03125
subject35,112,119.53125,112.5,-7.03125
subject35,113,119.53125,98.4375,-21.09375
subject35,114,119.53125,112.5,-7.03125
subject35,115,119.53125,112.5,-7.03125
subject35,116,119.53125,112.5,-7.03125
subject35,117,119.53125,112.5,-7.03125
subject35,118,119.53125,98.4375,-21.09375
subject35,119,119.53125,112.5,-7.03125
subject35,120,119.53125,112.5,-7.03125
subject35,121,119.53125,98.4375,-21.09375
subject35,122,119.53125,112.5,-7.03125
subject35,123,119.53125,98.4375,-21.09375
subject35,124,119.53125,98.4375,-21.09375
subject35,125,119.53125,98.4375,-21.09375
subject35,126,119.53125,98.4375,-21.09375
subject35,127,119.53125,105.46875,-14.0625
subject35,128,119.53125,91.40625,-28.125
subject35,129,119.53125,98.4375,-21.09375
subject35,130,119.53125,112.5,-7.03125
subject35,131,119.53125,98.4375,-21.09375
subject35,132,119.53125,112.5,-7.03125
subject35,133,119.53125,98.4375,-21.09375
subject35,134,119.53125,98.4375,-21.09375
subject35,135,119.53125,105.46875,-14.0625
subject35,136,112.5,84.375,-28.125
subject35,137,112.5,91.40625,-21.09375
subject35,138,112.5,84.375,-28.125
subject35,139,112.5,91.40625,-21.09375
subject35,140,112.5,84.375,-28.125
subject35,141,112.5,91.40625,-21.09375
subject35,142,112.5,105.46875,-7.03125
subject35,143,112.5,112.5,0.0
subject35,144,112.5,112.5,0.0
subject35,145,112.5,112.5,0.0
subject35,146,112.5,112.5,0.0
subject35,147,112.5,112.5,0.0
subject35,148,112.5,91.40625,-21.09375
subject35,149,112.5,91.40625,-21.09375
subject35,150,112.5,105.46875,-7.03125
subject35,151,112.5,105.46875,-7.03125
subject35,152,112.5,105.46875,-7.03125
subject35,153,112.5,105.46875,-7.03125
subject35,154,112.5,112.5,0.0
subject35,155,112.5,105.46875,-7.03125
subject35,156,112.5,105.46875,-7.03125
subject35,157,112.5,84.375,-28.125
subject35,158,112.5,105.46875,-7.03125
subject35,159,112.5,105.46875,-7.03125
subject35,160,112.5,105.46875,-7.03125
subject35,161,112.5,91.40625,-21.09375
subject35,162,112.5,112.5,0.0
subject35,163,112.5,112.5,0.0
subject35,164,112.5,112.5,0.0
subject35,165,112.5,112.5,0.0
subject35,166,119.53125,112.5,-7.03125
subject35,167,105.46875,112.5,7.03125
subject35,168,105.46875,84.375,-21.09375
subject35,169,105.46875,77.34375,-28.125
subject35,170,105.46875,84.375,-21.09375
subject35,171,105.46875,91.40625,-14.0625
subject35,172,105.46875,112.5,7.03125
subject35,173,105.46875,91.40625,-14.0625
subject35,174,105.46875,91.40625,-14.0625
subject35,175,105.46875,84.375,-21.09375
subject35,176,105.46875,112.5,7.03125
subject35,177,105.46875,112.5,7.03125
subject35,178,105.46875,84.375,-21.09375
subject36,0,98.4375,105.46875,7.03125
subject36,1,98.4375,105.46875,7.03125
subject36,2,98.4375,105.46875,7.03125
subject36,3,98.4375,105.46875,7.03125
subject36,4,98.4375,105.46875,7.03125
subject36,5,98.4375,91.40625,-7.03125
subject36,6,98.4375,91.40625,-7.03125
subject36,7,98.4375,91.40625,-7.03125
subject36,8,98.4375,98.4375,0.0
subject36,9,105.46875,112.5,7.03125
subject36,10,105.46875,98.4375,-7.03125
subject36,11,105.46875,112.5,7.03125
subject36,12,105.46875,98.4375,-7.03125
subject36,13,105.46875,112.5,7.03125
subject36,14,112.5,98.4375,-14.0625
subject36,15,112.5,98.4375,-14.0625
subject36,16,112.5,112.5,0.0
subject36,17,112.5,112.5,0.0
subject36,18,112.5,112.5,0.0
subject36,19,112.5,112.5,0.0
subject36,20,112.5,91.40625,-21.09375
subject36,21,112.5,112.5,0.0
subject36,22,112.5,112.5,0.0
subject36,23,112.5,112.5,0.0
subject36,24,112.5,112.5,0.0
subject36,25,112.5,112.5,0.0
subject36,26,112.5,112.5,0.0
subject36,27,112.5,112.5,0.0
subject36,28,112.5,112.5,0.0
subject36,29,112.5,112.5,0.0
subject36,30,112.5,112.5,0.0
subject36,31,119.53125,112.5,-7.03125
subject36,32,119.53125,112.5,-7.03125
subject36,33,119.53125,98.4375,-21.09375
subject36,34,119.53125,91.40625,-28.125
subject36,35,119.53125,112.5,-7.03125
subject36,36,119.53125,112.5,-7.03125
subject36,37,119.53125,112.5,-7.03125
subject36,38,119.53125,112.5,-7.03125
subject36,39,119.53125,112.5,-7.03125
subject36,40,119.53125,112.5,-7.03125
subject36,41,119.53125,112.5,-7.03125
subject36,42,119.53125,112.5,-7.03125
subject36,43,119.53125,112.5,-7.03125
subject36,44,119.53125,112.5,-7.03125
subject36,45,119.53125,105.46875,-14.0625
subject36,46,119.53125,91.40625,-28.125
subject36,47,119.53125,84.375,-35.15625
subject36,48,119.53125,91.40625,-28.125
subject36,49,119.53125,112.5,-7.03125
subject36,50,119.53125,91.40625,-28.125
subject36,51,119.53125,70.3125,-49.21875
subject36,52,119.53125,84.375,-35.15625
subject36,53,119.53125,91.40625,-28.125
subject36,54,119.53125,112.5,-7.03125
subject36,55,119.53125,84.375,-35.15625
subject36,56,119.53125,91.40625,-28.125
subject36,57,119.53125,112.5,-7.03125
subject36,58,119.53125,98.4375,-21.09375
subject36,59,119.53125,105.46875,-14.0625
subject36,60,119.53125,112.5,-7.03125
subject36,61,119.53125,98.4375,-21.09375
subject36,62,119.53125,98.4375,-21.09375
subject36,63,119.53125,112.5,-7.03125
subject36,64,119.53125,98.4375,-21.09375
subject36,65,119.53125,84.375,-35.15625
subject36,66,119.53125,91.40625,-28.125
subject36,67,119.53125,84.375,-35.15625
subject36,68,119.53125,91.40625,-28.125
subject36,69,119.53125,91.40625,-28.125
subject36,70,119.53125,112.5,-7.03125
subject36,71,119.53125,77.34375,-42.1875
subject36,72,119.53125,112.5,-7.03125
subject36,73,119.53125,112.5,-7.03125
subject36,74,119.53125,112.5,-7.03125
subject36,75,119.53125,112.5,-7.03125
subject36,76,119.53125,112.5,-7.03125
subject36,77,119.53125,112.5,-7.03125
subject36,78,119.53125,112.5,-7.03125
subject36,79,119.53125,112.5,-7.03125
subject36,80,119.53125,112.5,-7.03125
subject36,81,119.53125,112.5,-7.03125
subject36,82,126.5625,105.46875,-21.09375
subject36,83,119.53125,112.5,-7.03125
subject36,84,119.53125,112.5,-7.03125
subject36,85,119.53125,112.5,-7.03125
subject36,86,119.53125,84.375,-35.15625
subject36,87,119.53125,112.5,-7.03125
subject36,88,119.53125,91.40625,-28.125
subject36,89,119.53125,84.375,-35.15625
subject36,90,119.53125,112.5,-7.03125
subject36,91,119.53125,91.40625,-28.125
subject36,92,119.53125,112.5,-7.03125
subject36,93,119.53125,91.40625,-28.125
subject36,94,119.53125,84.375,-35.15625
subject36,95,119.53125,91.40625,-28.125
subject36,96,126.5625,91.40625,-35.15625
subject36,97,126.5625,91.40625,-35.15625
subject36,98,126.5625,84.375,-42.1875
subject36,99,126.5625,91.40625,-35.15625
subject36,100,126.5625,91.40625,-35.15625
subject36,101,126.5625,91.40625,-35.15625
subject36,102,126.5625,91.40625,-35.15625
subject36,103,126.5625,91.40625,-35.15625
subject36,104,126.5625,77.34375,-49.21875
subject36,105,126.5625,91.40625,-35.15625
subject36,106,126.5625,91.40625,-35.15625
subject36,107,126.5625,112.5,-14.0625
subject36,108,126.5625,112.5,-14.0625
subject36,109,126.5625,105.46875,-21.09375
subject36,110,126.5625,84.375,-42.1875
subject36,111,126.5625,91.40625,-35.15625
subject36,112,126.5625,112.5,-14.0625
subject36,113,126.5625,98.4375,-28.125
subject36,114,126.5625,91.40625,-35.15625
subject36,115,126.5625,98.4375,-28.125
subject36,116,126.5625,112.5,-14.0625
subject36,117,119.53125,98.4375,-21.09375
subject36,118,119.53125,105.46875,-14.0625
subject36,119,119.53125,112.5,-7.03125
subject36,120,119.53125,105.46875,-14.0625
subject36,121,119.53125,112.5,-7.03125
subject36,122,119.53125,84.375,-35.15625
subject36,123,119.53125,105.46875,-14.0625
subject36,124,119.53125,112.5,-7.03125
subject36,125,119.53125,105.46875,-14.0625
subject36,126,119.53125,112.5,-7.03125
subject36,127,119.53125,112.5,-7.03125
subject36,128,119.53125,112.5,-7.03125
subject36,129,119.53125,91.40625,-28.125
subject36,130,119.53125,77.34375,-42.1875
subject36,131,119.53125,91.40625,-28.125
subject36,132,119.53125,77.34375,-42.1875
subject36,133,119.53125,112.5,-7.03125
subject36,134,119.53125,91.40625,-28.125
subject36,135,119.53125,98.4375,-21.09375
subject36,136,119.53125,84.375,-35.15625
subject36,137,119.53125,91.40625,-28.125
subject36,138,119.53125,91.40625,-28.125
subject36,139,119.53125,91.40625,-28.125
subject36,140,119.53125,91.40625,-28.125
subject36,141,119.53125,91.40625,-28.125
subject36,142,119.53125,91.40625,-28.125
subject36,143,119.53125,91.40625,-28.125
subject36,144,119.53125,91.40625,-28.125
subject36,145,119.53125,91.40625,-28.125
subject36,146,119.53125,112.5,-7.03125
subject36,147,119.53125,91.40625,-28.125
subject36,148,119.53125,84.375,-35.15625
subject36,149,119.53125,112.5,-7.03125
subject36,150,119.53125,112.5,-7.03125
subject36,151,119.53125,84.375,-35.15625
subject36,152,119.53125,84.375,-35.15625
subject36,153,119.53125,112.5,-7.03125
subject36,154,119.53125,84.375,-35.15625
subject36,155,119.53125,84.375,-35.15625
subject36,156,119.53125,84.375,-35.15625
subject36,157,119.53125,84.375,-35.15625
subject36,158,119.53125,84.375,-35.15625
subject36,159,119.53125,84.375,-35.15625
subject36,160,119.53125,84.375,-35.15625
subject36,161,119.53125,84.375,-35.15625
subject36,162,119.53125,84.375,-35.15625
subject36,163,119.53125,112.5,-7.03125
subject36,164,119.53125,112.5,-7.03125
subject36,165,119.53125,98.4375,-21.09375
subject36,166,119.53125,84.375,-35.15625
subject36,167,126.5625,84.375,-42.1875
subject36,168,126.5625,91.40625,-35.15625
subject36,169,126.5625,91.40625,-35.15625
subject36,170,126.5625,91.40625,-35.15625
subject36,171,126.5625,91.40625,-35.15625
subject36,172,126.5625,112.5,-14.0625
subject36,173,126.5625,91.40625,-35.15625
subject36,174,126.5625,91.40625,-35.15625
subject36,175,126.5625,112.5,-14.0625
subject36,176,126.5625,105.46875,-21.09375
subject36,177,126.5625,112.5,-14.0625
subject36,178,126.5625,91.40625,-35.15625
subject37,0,70.3125,98.4375,28.125
subject37,1,70.3125,84.375,14.0625
subject37,2,70.3125,105.46875,35.15625
subject37,3,70.3125,98.4375,28.125
subject37,4,70.3125,112.5,42.1875
subject37,5,70.3125,112.5,42.1875
subject37,6,70.3125,84.375,14.0625
subject37,7,70.3125,112.5,42.1875
subject37,8,70.3125,112.5,42.1875
subject37,9,70.3125,98.4375,28.125
subject37,10,70.3125,91.40625,21.09375
subject37,11,70.3125,91.40625,21.09375
subject37,12,70.3125,84.375,14.0625
subject37,13,70.3125,98.4375,28.125
subject37,14,63.28125,91.40625,28.125
subject37,15,63.28125,91.40625,28.125
subject37,16,63.28125,91.40625,28.125
subject37,17,63.28125,112.5,49.21875
subject37,18,63.28125,91.40625,28.125
subject37,19,63.28125,91.40625,28.125
subject37,20,63.28125,98.4375,35.15625
subject37,21,63.28125,91.40625,28.125
subject37,22,63.28125,112.5,49.21875
subject37,23,63.28125,98.4375,35.15625
subject37,24,63.28125,91.40625,28.125
subject37,25,63.28125,98.4375,35.15625
subject37,26,63.28125,98.4375,35.15625
subject37,27,63.28125,91.40625,28.125
subject37,28,63.28125,98.4375,35.15625
subject37,29,63.28125,98.4375,35.15625
subject37,30,63.28125,112.5,49.21875
subject37,31,63.28125,98.4375,35.15625
subject37,32,63.28125,112.5,49.21875
subject37,33,63.28125,98.4375,35.15625
subject37,34,63.28125,98.4375,35.15625
subject37,35,63.28125,112.5,49.21875
subject37,36,63.28125,98.4375,35.15625
subject37,37,63.28125,84.375,21.09375
subject37,38,63.28125,105.46875,42.1875
subject37,39,63.28125,77.34375,14.0625
subject37,40,63.28125,98.4375,35.15625
subject37,41,63.28125,112.5,49.21875
subject37,42,63.28125,91.40625,28.125
subject37,43,63.28125,91.40625,28.125
subject37,44,63.28125,98.4375,35.15625
subject37,45,63.28125,91.40625,28.125
subject37,46,63.28125,91.40625,28.125
subject37,47,63.28125,91.40625,28.125
subject37,48,119.53125,91.40625,-28.125
subject37,49,119.53125,112.5,-7.03125
subject37,50,119.53125,91.40625,-28.125
subject37,51,119.53125,84.375,-35.15625
subject37,52,119.53125,91.40625,-28.125
subject37,53,119.53125,98.4375,-21.09375
subject37,54,63.28125,84.375,21.09375
subject37,55,63.28125,84.375,21.09375
subject37,56,63.28125,98.4375,35.15625
subject37,57,63.28125,84.375,21.09375
subject37,58,63.28125,84.375,21.09375
subject37,59,63.28125,91.40625,28.125
subject37,60,63.28125,91.40625,28.125
subject37,61,63.28125,98.4375,35.15625
subject37,62,63.28125,91.40625,28.125
subject37,63,63.28125,112.5,49.21875
subject37,64,63.28125,91.40625,28.125
subject37,65,63.28125,91.40625,28.125
subject37,66,63.28125,112.5,49.21875
subject37,67,63.28125,91.40625,28.125
subject37,68,70.3125,112.5,42.1875
subject37,69,112.5,112.5,0.0
subject37,70,112.5,112.5,0.0
subject37,71,70.3125,84.375,14.0625
subject37,72,70.3125,112.5,42.1875
subject37,73,56.25,98.4375,42.1875
subject37,74,56.25,84.375,28.125
subject37,75,56.25,112.5,56.25
subject37,76,56.25,84.375,28.125
subject37,77,56.25,112.5,56.25
subject37,78,56.25,98.4375,42.1875
subject37,79,56.25,84.375,28.125
subject37,80,56.25,112.5,56.25
subject37,81,56.25,84.375,28.125
subject37,82,56.25,84.375,28.125
subject37,83,56.25,98.4375,42.1875
subject37,84,56.25,98.4375,42.1875
subject37,85,56.25,84.375,28.125
subject37,86,56.25,98.4375,42.1875
subject37,87,56.25,98.4375,42.1875
subject37,88,56.25,112.5,56.25
subject37,89,56.25,98.4375,42.1875
subject37,90,56.25,112.5,56.25
subject37,91,56.25,98.4375,42.1875
subject37,92,56.25,112.5,56.25
subject37,93,56.25,98.4375,42.1875
subject37,94,56.25,98.4375,42.1875
subject37,95,56.25,105.46875,49.21875
subject37,96,56.25,84.375,28.125
subject37,97,56.25,91.40625,35.15625
subject37,98,56.25,84.375,28.125
subject37,99,56.25,98.4375,42.1875
subject37,100,56.25,105.46875,49.21875
subject37,101,56.25,84.375,28.125
subject37,102,56.25,112.5,56.25
subject37,103,56.25,98.4375,42.1875
subject37,104,56.25,112.5,56.25
subject37,105,56.25,112.5,56.25
subject37,106,56.25,91.40625,35.15625
subject37,107,56.25,84.375,28.125
subject37,108,56.25,91.40625,35.15625
subject37,109,56.25,98.4375,42.1875
subject37,110,56.25,84.375,28.125
subject37,111,56.25,84.375,28.125
subject37,112,56.25,84.375,28.125
subject37,113,56.25,84.375,28.125
subject37,114,56.25,84.375,28.125
subject37,115,56.25,84.375,28.125
subject37,116,56.25,84.375,28.125
subject37,117,56.25,98.4375,42.1875
subject37,118,56.25,105.46875,49.21875
subject37,119,56.25,112.5,56.25
subject37,120,56.25,105.46875,49.21875
subject37,121,56.25,98.4375,42.1875
subject37,122,56.25,84.375,28.125
subject37,123,56.25,98.4375,42.1875
subject37,124,56.25,84.375,28.125
subject37,125,56.25,84.375,28.125
subject37,126,56.25,98.4375,42.1875
subject37,127,56.25,112.5,56.25
subject37,128,56.25,98.4375,42.1875
subject37,129,56.25,112.5,56.25
subject37,130,56.25,98.4375,42.1875
subject37,131,56.25,91.40625,35.15625
subject37,132,56.25,112.5,56.25
subject37,133,56.25,98.4375,42.1875
subject37,134,56.25,98.4375,42.1875
subject37,135,56.25,98.4375,42.1875
subject37,136,56.25,98.4375,42.1875
subject37,137,56.25,84.375,28.125
subject37,138,56.25,98.4375,42.1875
subject37,139,56.25,98.4375,42.1875
subject37,140,56.25,112.5,56.25
subject37,141,56.25,98.4375,42.1875
subject37,142,56.25,98.4375,42.1875
subject37,143,56.25,91.40625,35.15625
subject37,144,56.25,98.4375,42.1875
subject37,145,56.25,84.375,28.125
subject37,146,56.25,91.40625,35.15625
subject37,147,56.25,105.46875,49.21875
subject37,148,56.25,91.40625,35.15625
subject37,149,56.25,91.40625,35.15625
subject37,150,56.25,91.40625,35.15625
subject37,151,56.25,91.40625,35.15625
subject37,152,56.25,91.40625,35.15625
subject37,153,56.25,91.40625,35.15625
subject37,154,56.25,98.4375,42.1875
subject37,155,56.25,112.5,56.25
subject37,156,56.25,98.4375,42.1875
subject37,157,56.25,105.46875,49.21875
subject37,158,56.25,105.46875,49.21875
subject37,159,56.25,84.375,28.125
subject37,160,56.25,112.5,56.25
subject37,161,56.25,84.375,28.125
subject37,162,56.25,105.46875,49.21875
subject37,163,56.25,98.4375,42.1875
subject37,164,56.25,105.46875,49.21875
subject37,165,56.25,98.4375,42.1875
subject37,166,56.25,84.375,28.125
subject37,167,56.25,98.4375,42.1875
subject37,168,56.25,98.4375,42.1875
subject37,169,56.25,112.5,56.25
subject37,170,56.25,98.4375,42.1875
subject37,171,56.25,91.40625,35.15625
subject37,172,56.25,98.4375,42.1875
subject37,173,56.25,91.40625,35.15625
subject37,174,56.25,112.5,56.25
subject37,175,56.25,98.4375,42.1875
subject37,176,56.25,77.34375,21.09375
subject38,0,112.5,84.375,-28.125
subject38,1,112.5,84.375,-28.125
subject38,2,112.5,84.375,-28.125
subject38,3,112.5,112.5,0.0
subject38,4,112.5,112.5,0.0
subject38,5,112.5,91.40625,-21.09375
subject38,6,112.5,112.5,0.0
subject38,7,112.5,91.40625,-21.09375
subject38,8,112.5,112.5,0.0
subject38,9,112.5,112.5,0.0
subject38,10,112.5,91.40625,-21.09375
subject38,11,112.5,112.5,0.0
subject38,12,112.5,112.5,0.0
subject38,13,112.5,91.40625,-21.09375
subject38,14,112.5,112.5,0.0
subject38,15,112.5,91.40625,-21.09375
subject38,16,112.5,112.5,0.0
subject38,17,112.5,112.5,0.0
subject38,18,112.5,98.4375,-14.0625
subject38,19,112.5,91.40625,-21.09375
subject38,20,112.5,98.4375,-14.0625
subject38,21,112.5,98.4375,-14.0625
subject38,22,112.5,112.5,0.0
subject38,23,112.5,112.5,0.0
subject38,24,112.5,112.5,0.0
subject38,25,112.5,112.5,0.0
subject38,26,112.5,112.5,0.0
subject38,27,112.5,112.5,0.0
subject38,28,112.5,112.5,0.0
subject38,29,112.5,112.5,0.0
subject38,30,112.5,112.5,0.0
subject38,31,112.5,112.5,0.0
subject38,32,112.5,112.5,0.0
subject38,33,112.5,112.5,0.0
subject38,34,112.5,112.5,0.0
subject38,35,112.5,112.5,0.0
subject38,36,112.5,112.5,0.0
subject38,37,112.5,98.4375,-14.0625
subject38,38,112.5,84.375,-28.125
subject38,39,112.5,98.4375,-14.0625
subject38,40,112.5,91.40625,-21.09375
subject38,41,112.5,84.375,-28.125
subject38,42,112.5,105.46875,-7.03125
subject38,43,112.5,84.375,-28.125
subject38,44,112.5,84.375,-28.125
subject38,45,112.5,84.375,-28.125
subject38,46,112.5,84.375,-28.125
subject38,47,112.5,112.5,0.0
subject38,48,112.5,84.375,-28.125
subject38,49,112.5,112.5,0.0
subject38,50,112.5,112.5,0.0
subject38,51,112.5,112.5,0.0
subject38,52,112.5,112.5,0.0
subject38,53,112.5,112.5,0.0
subject38,54,112.5,112.5,0.0
subject38,55,112.5,112.5,0.0
subject38,56,112.5,112.5,0.0
subject38,57,112.5,112.5,0.0
subject38,58,112.5,91.40625,-21.09375
subject38,59,112.5,112.5,0.0
subject38,60,112.5,98.4375,-14.0625
subject38,61,112.5,91.40625,-21.09375
subject38,62,112.5,112.5,0.0
subject38,63,112.5,98.4375,-14.0625
subject38,64,112.5,112.5,0.0
subject38,65,112.5,112.5,0.0
subject38,66,112.5,98.4375,-14.0625
subject38,67,112.5,112.5,0.0
subject38,68,112.5,112.5,0.0
subject38,69,112.5,98.4375,-14.0625
subject38,70,112.5,84.375,-28.125
subject38,71,112.5,112.5,0.0
subject38,72,112.5,112.5,0.0
subject38,73,112.5,84.375,-28.125
subject38,74,112.5,91.40625,-21.09375
subject38,75,112.5,112.5,0.0
subject38,76,112.5,84.375,-28.125
subject38,77,112.5,112.5,0.0
subject38,78,112.5,98.4375,-14.0625
subject38,79,112.5,91.40625,-21.09375
subject38,80,112.5,112.5,0.0
subject38,81,112.5,112.5,0.0
subject38,82,112.5,91.40625,-21.09375
subject38,83,112.5,112.5,0.0
subject38,84,112.5,112.5,0.0
subject38,85,112.5,112.5,0.0
subject38,86,112.5,112.5,0.0
subject38,87,112.5,112.5,0.0
subject38,88,112.5,112.5,0.0
subject38,89,112.5,91.40625,-21.09375
subject38,90,112.5,91.40625,-21.09375
subject38,91,112.5,91.40625,-21.09375
subject38,92,112.5,112.5,0.0
subject38,93,112.5,112.5,0.0
subject38,94,112.5,98.4375,-14.0625
subject38,95,112.5,98.4375,-14.0625
subject38,96,105.46875,98.4375,-7.03125
subject38,97,105.46875,98.4375,-7.03125
subject38,98,105.46875,91.40625,-14.0625
subject38,99,105.46875,91.40625,-14.0625
subject38,100,105.46875,98.4375,-7.03125
subject38,101,105.46875,91.40625,-14.0625
subject38,102,105.46875,112.5,7.03125
subject38,103,105.46875,112.5,7.03125
subject38,104,105.46875,91.40625,-14.0625
subject38,105,105.46875,112.5,7.03125
subject38,106,105.46875,105.46875,0.0
subject38,107,105.46875,91.40625,-14.0625
subject38,108,105.46875,112.5,7.03125
subject38,109,105.46875,91.40625,-14.0625
subject38,110,105.46875,91.40625,-14.0625
subject38,111,105.46875,98.4375,-7.03125
subject38,112,105.46875,112.5,7.03125
subject38,113,105.46875,98.4375,-7.03125
subject38,114,105.46875,98.4375,-7.03125
subject38,115,105.46875,91.40625,-14.0625
subject38,116,105.46875,98.4375,-7.03125
subject38,117,105.46875,112.5,7.03125
subject38,118,105.46875,98.4375,-7.03125
subject38,119,105.46875,98.4375,-7.03125
subject38,120,105.46875,98.4375,-7.03125
subject38,121,105.46875,112.5,7.03125
subject38,122,105.46875,112.5,7.03125
subject38,123,105.46875,112.5,7.03125
subject38,124,105.46875,112.5,7.03125
subject38,125,105.46875,112.5,7.03125
subject38,126,105.46875,112.5,7.03125
subject38,127,105.46875,112.5,7.03125
subject38,128,105.46875,112.5,7.03125
subject38,129,105.46875,112.5,7.03125
subject38,130,105.46875,112.5,7.03125
subject38,131,105.46875,112.5,7.03125
subject38,132,105.46875,112.5,7.03125
subject38,133,105.46875,112.5,7.03125
subject38,134,105.46875,112.5,7.03125
subject38,135,105.46875,112.5,7.03125
subject38,136,105.46875,112.5,7.03125
subject38,137,105.46875,112.5,7.03125
subject38,138,105.46875,112.5,7.03125
subject38,139,105.46875,77.34375,-28.125
subject38,140,105.46875,91.40625,-14.0625
subject38,141,105.46875,112.5,7.03125
subject38,142,105.46875,112.5,7.03125
subject38,143,105.46875,112.5,7.03125
subject38,144,105.46875,112.5,7.03125
subject38,145,105.46875,112.5,7.03125
subject38,146,105.46875,112.5,7.03125
subject38,147,105.46875,112.5,7.03125
subject38,148,105.46875,91.40625,-14.0625
subject38,149,105.46875,98.4375,-7.03125
subject38,150,105.46875,91.40625,-14.0625
subject38,151,105.46875,91.40625,-14.0625
subject38,152,105.46875,112.5,7.03125
subject38,153,105.46875,91.40625,-14.0625
subject38,154,105.46875,112.5,7.03125
subject38,155,105.46875,112.5,7.03125
subject38,156,105.46875,91.40625,-14.0625
subject38,157,105.46875,112.5,7.03125
subject38,158,105.46875,91.40625,-14.0625
subject38,159,105.46875,91.40625,-14.0625
subject38,160,105.46875,112.5,7.03125
subject38,161,105.46875,91.40625,-14.0625
subject38,162,105.46875,112.5,7.03125
subject38,163,105.46875,112.5,7.03125
subject38,164,105.46875,112.5,7.03125
subject38,165,105.46875,112.5,7.03125
subject38,166,105.46875,112.5,7.03125
subject38,167,112.5,91.40625,-21.09375
subject38,168,112.5,112.5,0.0
subject38,169,112.5,112.5,0.0
subject38,170,112.5,77.34375,-35.15625
subject38,171,112.5,112.5,0.0
subject38,172,112.5,91.40625,-21.09375
subject38,173,112.5,112.5,0.0
subject38,174,112.5,112.5,0.0
subject38,175,112.5,112.5,0.0
subject38,176,112.5,112.5,0.0
subject38,177,112.5,112.5,0.0
subject38,178,112.5,84.375,-28.125
subject39,0,84.375,105.46875,21.09375
subject39,1,84.375,112.5,28.125
subject39,2,84.375,112.5,28.125
subject39,3,84.375,112.5,28.125
subject39,4,84.375,112.5,28.125
subject39,5,84.375,91.40625,7.03125
subject39,6,84.375,112.5,28.125
subject39,7,84.375,112.5,28.125
subject39,8,84.375,98.4375,14.0625
subject39,9,84.375,84.375,0.0
subject39,10,84.375,112.5,28.125
subject39,11,84.375,112.5,28.125
subject39,12,84.375,112.5,28.125
subject39,13,84.375,112.5,28.125
subject39,14,84.375,98.4375,14.0625
subject39,15,84.375,112.5,28.125
subject39,16,84.375,84.375,0.0
subject39,17,84.375,84.375,0.0
subject39,18,84.375,84.375,0.0
subject39,19,84.375,91.40625,7.03125
subject39,20,84.375,84.375,0.0
subject39,21,84.375,84.375,0.0
subject39,22,84.375,91.40625,7.03125
subject39,23,84.375,84.375,0.0
subject39,24,84.375,91.40625,7.03125
subject39,25,84.375,84.375,0.0
subject39,26,84.375,91.40625,7.03125
subject39,27,91.40625,84.375,-7.03125
subject39,28,91.40625,84.375,-7.03125
subject39,29,91.40625,84.375,-7.03125
subject39,30,91.40625,84.375,-7.03125
subject39,31,91.40625,91.40625,0.0
subject39,32,91.40625,84.375,-7.03125
subject39,33,91.40625,91.40625,0.0
subject39,34,91.40625,112.5,21.09375
subject39,35,91.40625,112.5,21.09375
subject39,36,91.40625,112.5,21.09375
subject39,37,91.40625,84.375,-7.03125
subject39,38,91.40625,84.375,-7.03125
subject39,39,84.375,84.375,0.0
subject39,40,84.375,84.375,0.0
subject39,41,84.375,84.375,0.0
subject39,42,84.375,84.375,0.0
subject39,43,84.375,84.375,0.0
subject39,44,84.375,84.375,0.0
subject39,45,84.375,84.375,0.0
subject39,46,84.375,84.375,0.0
subject39,47,84.375,112.5,28.125
subject39,48,84.375,84.375,0.0
subject39,49,84.375,91.40625,7.03125
subject39,50,84.375,112.5,28.125
subject39,51,84.375,84.375,0.0
subject39,52,84.375,84.375,0.0
subject39,53,84.375,84.375,0.0
subject39,54,84.375,84.375,0.0
subject39,55,84.375,112.5,28.125
subject39,56,84.375,84.375,0.0
subject39,57,84.375,84.375,0.0
subject39,58,84.375,77.34375,-7.03125
subject39,59,84.375,112.5,28.125
subject39,60,84.375,112.5,28.125
subject39,61,84.375,112.5,28.125
subject39,62,84.375,91.40625,7.03125
subject39,63,84.375,112.5,28.125
subject39,64,84.375,84.375,0.0
subject39,65,84.375,112.5,28.125
subject39,66,84.375,91.40625,7.03125
subject39,67,84.375,84.375,0.0
subject39,68,84.375,112.5,28.125
subject39,69,84.375,112.5,28.125
subject39,70,84.375,77.34375,-7.03125
subject39,71,84.375,91.40625,7.03125
subject39,72,84.375,77.34375,-7.03125
subject39,73,84.375,112.5,28.125
subject39,74,84.375,91.40625,7.03125
subject39,75,84.375,112.5,28.125
subject39,76,84.375,91.40625,7.03125
subject39,77,84.375,112.5,28.125
subject39,78,84.375,112.5,28.125
subject39,79,84.375,91.40625,7.03125
subject39,80,84.375,98.4375,14.0625
subject39,81,84.375,112.5,28.125
subject39,82,84.375,98.4375,14.0625
subject39,83,84.375,112.5,28.125
subject39,84,84.375,112.5,28.125
subject39,85,84.375,112.5,28.125
subject39,86,84.375,77.34375,-7.03125
subject39,87,84.375,105.46875,21.09375
subject39,88,84.375,112.5,28.125
subject39,89,77.34375,105.46875,28.125
subject39,90,77.34375,112.5,35.15625
subject39,91,77.34375,112.5,35.15625
subject39,92,77.34375,112.5,35.15625
subject39,93,77.34375,112.5,35.15625
subject39,94,77.34375,105.46875,28.125
subject39,95,77.34375,105.46875,28.125
subject39,96,77.34375,112.5,35.15625
subject39,97,77.34375,112.5,35.15625
subject39,98,77.34375,105.46875,28.125
subject39,99,77.34375,91.40625,14.0625
subject39,100,77.34375,112.5,35.15625
subject39,101,77.34375,112.5,35.15625
subject39,102,77.34375,112.5,35.15625
subject39,103,84.375,112.5,28.125
subject39,104,84.375,98.4375,14.0625
subject39,105,84.375,112.5,28.125
subject39,106,84.375,91.40625,7.03125
subject39,107,84.375,91.40625,7.03125
subject39,108,84.375,98.4375,14.0625
subject39,109,84.375,112.5,28.125
subject39,110,84.375,98.4375,14.0625
subject39,111,84.375,84.375,0.0
subject39,112,84.375,98.4375,14.0625
subject39,113,84.375,98.4375,14.0625
subject39,114,84.375,112.5,28.125
subject39,115,84.375,112.5,28.125
subject39,116,84.375,112.5,28.125
subject39,117,84.375,112.5,28.125
subject39,118,84.375,112.5,28.125
subject39,119,84.375,84.375,0.0
subject39,120,84.375,98.4375,14.0625
subject39,121,84.375,98.4375,14.0625
subject39,122,84.375,112.5,28.125
subject39,123,84.375,105.46875,21.09375
subject39,124,84.375,112.5,28.125
subject39,125,84.375,105.46875,21.09375
subject39,126,84.375,112.5,28.125
subject39,127,84.375,84.375,0.0
subject39,128,84.375,112.5,28.125
subject39,129,84.375,112.5,28.125
subject39,130,84.375,91.40625,7.03125
subject39,131,84.375,84.375,0.0
subject39,132,84.375,91.40625,7.03125
subject39,133,84.375,91.40625,7.03125
subject39,134,84.375,112.5,28.125
subject39,135,84.375,84.375,0.0
subject39,136,84.375,84.375,0.0
subject39,137,84.375,112.5,28.125
subject39,138,84.375,84.375,0.0
subject39,139,84.375,98.4375,14.0625
subject39,140,84.375,112.5,28.125
subject39,141,84.375,98.4375,14.0625
subject39,142,84.375,112.5,28.125
subject39,143,84.375,84.375,0.0
subject39,144,84.375,112.5,28.125
subject39,145,84.375,112.5,28.125
subject39,146,84.375,84.375,0.0
subject39,147,84.375,112.5,28.125
subject39,148,84.375,112.5,28.125
subject39,149,84.375,84.375,0.0
subject39,150,84.375,84.375,0.0
subject39,151,84.375,112.5,28.125
subject39,152,84.375,112.5,28.125
subject39,153,84.375,91.40625,7.03125
subject39,154,84.375,91.40625,7.03125
subject39,155,84.375,112.5,28.125
subject39,156,84.375,112.5,28.125
subject39,157,84.375,112.5,28.125
subject39,158,84.375,112.5,28.125
subject39,159,84.375,91.40625,7.03125
subject39,160,84.375,91.40625,7.03125
subject39,161,84.375,98.4375,14.0625
subject39,162,84.375,91.40625,7.03125
subject39,163,84.375,112.5,28.125
subject39,164,84.375,112.5,28.125
subject39,165,84.375,112.5,28.125
subject39,166,84.375,91.40625,7.03125
subject39,167,84.375,112.5,28.125
subject39,168,84.375,91.40625,7.03125
subject39,169,84.375,112.5,28.125
subject39,170,84.375,84.375,0.0
subject39,171,84.375,112.5,28.125
subject39,172,84.375,112.5,28.125
subject39,173,84.375,112.5,28.125
subject39,174,84.375,98.4375,14.0625
subject39,175,84.375,112.5,28.125
subject39,176,84.375,112.5,28.125
subject39,177,84.375,112.5,28.125
subject4,0,112.5,84.375,-28.125
subject4,1,112.5,84.375,-28.125
subject4,2,112.5,112.5,0.0
subject4,3,112.5,84.375,-28.125
subject4,4,112.5,112.5,0.0
subject4,5,112.5,112.5,0.0
subject4,6,112.5,84.375,-28.125
subject4,7,112.5,112.5,0.0
subject4,8,112.5,112.5,0.0
subject4,9,112.5,112.5,0.0
subject4,10,112.5,112.5,0.0
subject4,11,112.5,112.5,0.0
subject4,12,112.5,112.5,0.0
subject4,13,112.5,112.5,0.0
subject4,14,112.5,112.5,0.0
subject4,15,112.5,112.5,0.0
subject4,16,112.5,112.5,0.0
subject4,17,112.5,91.40625,-21.09375
subject4,18,112.5,98.4375,-14.0625
subject4,19,112.5,112.5,0.0
subject4,20,112.5,98.4375,-14.0625
subject4,21,112.5,112.5,0.0
subject4,22,98.4375,112.5,14.0625
subject4,23,98.4375,91.40625,-7.03125
subject4,24,98.4375,112.5,14.0625
subject4,25,112.5,91.40625,-21.09375
subject4,26,112.5,77.34375,-35.15625
subject4,27,112.5,112.5,0.0
subject4,28,112.5,98.4375,-14.0625
subject4,29,112.5,77.34375,-35.15625
subject4,30,112.5,112.5,0.0
subject4,31,112.5,77.34375,-35.15625
subject4,32,112.5,77.34375,-35.15625
subject4,33,112.5,112.5,0.0
subject4,34,112.5,77.34375,-35.15625
subject4,35,112.5,112.5,0.0
subject4,36,112.5,112.5,0.0
subject4,37,112.5,112.5,0.0
subject4,38,112.5,98.4375,-14.0625
subject4,39,112.5,112.5,0.0
subject4,40,112.5,112.5,0.0
subject4,41,112.5,105.46875,-7.03125
subject4,42,112.5,84.375,-28.125
subject4,43,112.5,112.5,0.0
subject4,44,112.5,105.46875,-7.03125
subject4,45,112.5,84.375,-28.125
subject4,46,112.5,112.5,0.0
subject4,47,112.5,105.46875,-7.03125
subject4,48,112.5,98.4375,-14.0625
subject4,49,98.4375,112.5,14.0625
subject4,50,98.4375,91.40625,-7.03125
subject4,51,98.4375,112.5,14.0625
subject4,52,105.46875,91.40625,-14.0625
subject4,53,105.46875,112.5,7.03125
subject4,54,105.46875,91.40625,-14.0625
subject4,55,105.46875,112.5,7.03125
subject4,56,105.46875,112.5,7.03125
subject4,57,105.46875,112.5,7.03125
subject4,58,105.46875,112.5,7.03125
subject4,59,105.46875,112.5,7.03125
subject4,60,105.46875,112.5,7.03125
subject4,61,119.53125,112.5,-7.03125
subject4,62,98.4375,112.5,14.0625
subject4,63,98.4375,112.5,14.0625
subject4,64,112.5,112.5,0.0
subject4,65,112.5,112.5,0.0
subject4,66,112.5,112.5,0.0
subject4,67,112.5,84.375,-28.125
subject4,68,112.5,112.5,0.0
subject4,69,112.5,77.34375,-35.15625
subject4,70,112.5,84.375,-28.125
subject4,71,112.5,112.5,0.0
subject4,72,112.5,84.375,-28.125
subject4,73,112.5,84.375,-28.125
subject4,74,112.5,77.34375,-35.15625
subject4,75,112.5,84.375,-28.125
subject4,76,112.5,112.5,0.0
subject4,77,112.5,77.34375,-35.15625
subject4,78,112.5,84.375,-28.125
subject4,79,112.5,112.5,0.0
subject4,80,112.5,84.375,-28.125
subject4,81,112.5,84.375,-28.125
subject4,82,112.5,84.375,-28.125
subject4,83,112.5,84.375,-28.125
subject4,84,112.5,84.375,-28.125
subject4,85,112.5,112.5,0.0
subject4,86,112.5,84.375,-28.125
subject4,87,112.5,91.40625,-21.09375
subject4,88,112.5,112.5,0.0
subject4,89,91.40625,112.5,21.09375
subject4,90,91.40625,84.375,-7.03125
subject4,91,91.40625,84.375,-7.03125
subject4,92,91.40625,112.5,21.09375
subject4,93,119.53125,98.4375,-21.09375
subject4,94,98.4375,112.5,14.0625
subject4,95,105.46875,112.5,7.03125
subject4,96,98.4375,77.34375,-21.09375
subject4,97,98.4375,112.5,14.0625
subject4,98,105.46875,112.5,7.03125
subject4,99,105.46875,98.4375,-7.03125
subject4,100,105.46875,112.5,7.03125
subject4,101,105.46875,98.4375,-7.03125
subject4,102,105.46875,112.5,7.03125
subject4,103,105.46875,98.4375,-7.03125
subject4,104,105.46875,84.375,-21.09375
subject4,105,105.46875,112.5,7.03125
subject4,106,105.46875,84.375,-21.09375
subject4,107,105.46875,84.375,-21.09375
subject4,108,105.46875,112.5,7.03125
subject4,109,105.46875,77.34375,-28.125
subject4,110,105.46875,112.5,7.03125
subject40,0,84.375,112.5,28.125
subject40,1,84.375,84.375,0.0
subject40,2,84.375,84.375,0.0
subject40,3,84.375,84.375,0.0
subject40,4,84.375,84.375,0.0
subject40,5,84.375,84.375,0.0
subject40,6,84.375,84.375,0.0
subject40,7,84.375,105.46875,21.09375
subject40,8,84.375,112.5,28.125
subject40,9,84.375,84.375,0.0
subject40,10,84.375,91.40625,7.03125
subject40,11,84.375,84.375,0.0
subject40,12,84.375,112.5,28.125
subject40,13,84.375,112.5,28.125
subject40,14,84.375,84.375,0.0
subject40,15,84.375,91.40625,7.03125
subject40,16,84.375,112.5,28.125
subject40,17,84.375,112.5,28.125
subject40,18,84.375,91.40625,7.03125
subject40,19,84.375,84.375,0.0
subject40,20,84.375,112.5,28.125
subject40,21,84.375,84.375,0.0
subject40,22,84.375,84.375,0.0
subject40,23,84.375,98.4375,14.0625
subject40,24,91.40625,112.5,21.09375
subject40,25,91.40625,112.5,21.09375
subject40,26,91.40625,112.5,21.09375
subject40,27,91.40625,112.5,21.09375
subject40,28,91.40625,112.5,21.09375
subject40,29,91.40625,112.5,21.09375
subject40,30,91.40625,91.40625,0.0
subject40,31,91.40625,112.5,21.09375
subject40,32,91.40625,91.40625,0.0
subject40,33,91.40625,98.4375,7.03125
subject40,34,91.40625,84.375,-7.03125
subject40,35,91.40625,98.4375,7.03125
subject40,36,91.40625,112.5,21.09375
subject40,37,91.40625,112.5,21.09375
subject40,38,91.40625,98.4375,7.03125
subject40,39,91.40625,112.5,21.09375
subject40,40,91.40625,112.5,21.09375
subject40,41,91.40625,112.5,21.09375
subject40,42,91.40625,84.375,-7.03125
subject40,43,91.40625,112.5,21.09375
subject40,44,84.375,98.4375,14.0625
subject40,45,84.375,84.375,0.0
subject40,46,84.375,98.4375,14.0625
subject40,47,84.375,84.375,0.0
subject40,48,84.375,98.4375,14.0625
subject40,49,84.375,84.375,0.0
subject40,50,84.375,84.375,0.0
subject40,51,84.375,84.375,0.0
subject40,52,84.375,84.375,0.0
subject40,53,84.375,84.375,0.0
subject40,54,84.375,84.375,0.0
subject40,55,84.375,84.375,0.0
subject40,56,84.375,84.375,0.0
subject40,57,84.375,84.375,0.0
subject40,58,84.375,84.375,0.0
subject40,59,91.40625,84.375,-7.03125
subject40,60,91.40625,112.5,21.09375
subject40,61,91.40625,84.375,-7.03125
subject40,62,91.40625,84.375,-7.03125
subject40,63,91.40625,112.5,21.09375
subject40,64,91.40625,84.375,-7.03125
subject40,65,91.40625,112.5,21.09375
subject40,66,91.40625,112.5,21.09375
subject40,67,91.40625,112.5,21.09375
subject40,68,91.40625,112.5,21.09375
subject40,69,91.40625,91.40625,0.0
subject40,70,91.40625,91.40625,0.0
subject40,71,91.40625,112.5,21.09375
subject40,72,91.40625,91.40625,0.0
subject40,73,91.40625,91.40625,0.0
subject40,74,91.40625,112.5,21.09375
subject40,75,91.40625,91.40625,0.0
subject40,76,91.40625,84.375,-7.03125
subject40,77,91.40625,112.5,21.09375
subject40,78,91.40625,84.375,-7.03125
subject40,79,84.375,112.5,28.125
subject40,80,84.375,112.5,28.125
subject40,81,84.375,84.375,0.0
subject40,82,84.375,112.5,28.125
subject40,83,84.375,91.40625,7.03125
subject40,84,84.375,84.375,0.0
subject40,85,84.375,112.5,28.125
subject40,86,84.375,84.375,0.0
subject40,87,84.375,112.5,28.125
subject40,88,84.375,84.375,0.0
subject40,89,84.375,84.375,0.0
subject40,90,84.375,112.5,28.125
subject40,91,84.375,84.375,0.0
subject40,92,84.375,112.5,28.125
subject40,93,84.375,112.5,28.125
subject40,94,84.375,112.5,28.125
subject40,95,84.375,112.5,28.125
subject40,96,84.375,112.5,28.125
subject40,97,84.375,91.40625,7.03125
subject40,98,91.40625,112.5,21.09375
subject40,99,91.40625,91.40625,0.0
subject40,100,91.40625,112.5,21.09375
subject40,101,91.40625,84.375,-7.03125
subject40,102,91.40625,112.5,21.09375
subject40,103,91.40625,112.5,21.09375
subject40,104,91.40625,91.40625,0.0
subject40,105,91.40625,91.40625,0.0
subject40,106,91.40625,105.46875,14.0625
subject40,107,84.375,84.375,0.0
subject40,108,91.40625,84.375,-7.03125
subject40,109,91.40625,98.4375,7.03125
subject40,110,91.40625,84.375,-7.03125
subject40,111,91.40625,98.4375,7.03125
subject40,112,91.40625,84.375,-7.03125
subject40,113,91.40625,84.375,-7.03125
subject40,114,91.40625,98.4375,7.03125
subject40,115,91.40625,84.375,-7.03125
subject40,116,91.40625,98.4375,7.03125
subject40,117,91.40625,112.5,21.09375
subject40,118,91.40625,84.375,-7.03125
subject40,119,91.40625,84.375,-7.03125
subject40,120,91.40625,84.375,-7.03125
subject40,121,91.40625,84.375,-7.03125
subject40,122,91.40625,105.46875,14.0625
subject40,123,91.40625,91.40625,0.0
subject40,124,91.40625,112.5,21.09375
subject40,125,91.40625,91.40625,0.0
subject40,126,91.40625,91.40625,0.0
subject40,127,91.40625,112.5,21.09375
subject40,128,91.40625,91.40625,0.0
subject40,129,91.40625,91.40625,0.0
subject40,130,84.375,112.5,28.125
subject40,131,84.375,91.40625,7.03125
subject40,132,84.375,91.40625,7.03125
subject40,133,84.375,91.40625,7.03125
subject40,134,84.375,91.40625,7.03125
subject40,135,84.375,91.40625,7.03125
subject40,136,84.375,91.40625,7.03125
subject40,137,84.375,91.40625,7.03125
subject40,138,84.375,91.40625,7.03125
subject40,139,84.375,91.40625,7.03125
subject40,140,84.375,91.40625,7.03125
subject40,141,84.375,91.40625,7.03125
subject40,142,84.375,91.40625,7.03125
subject40,143,84.375,112.5,28.125
subject40,144,84.375,112.5,28.125
subject40,145,84.375,112.5,28.125
subject40,146,84.375,112.5,28.125
subject40,147,84.375,112.5,28.125
subject40,148,84.375,112.5,28.125
subject40,149,84.375,84.375,0.0
subject40,150,84.375,84.375,0.0
subject40,151,84.375,112.5,28.125
subject40,152,84.375,112.5,28.125
subject40,153,84.375,112.5,28.125
subject40,154,84.375,98.4375,14.0625
subject40,155,84.375,77.34375,-7.03125
subject40,156,84.375,112.5,28.125
subject40,157,84.375,112.5,28.125
subject40,158,84.375,77.34375,-7.03125
subject40,159,84.375,112.5,28.125
subject40,160,84.375,112.5,28.125
subject40,161,84.375,112.5,28.125
subject40,162,84.375,112.5,28.125
subject40,163,84.375,77.34375,-7.03125
subject40,164,84.375,112.5,28.125
subject40,165,84.375,98.4375,14.0625
subject40,166,84.375,77.34375,-7.03125
subject40,167,84.375,112.5,28.125
subject40,168,84.375,112.5,28.125
subject40,169,84.375,112.5,28.125
subject40,170,84.375,84.375,0.0
subject40,171,84.375,84.375,0.0
subject40,172,84.375,112.5,28.125
subject40,173,84.375,84.375,0.0
subject40,174,77.34375,84.375,7.03125
subject40,175,77.34375,84.375,7.03125
subject40,176,77.34375,112.5,35.15625
subject41,0,105.46875,105.46875,0.0
subject41,1,105.46875,91.40625,-14.0625
subject41,2,105.46875,105.46875,0.0
subject41,3,105.46875,105.46875,0.0
subject41,4,105.46875,98.4375,-7.03125
subject41,5,105.46875,105.46875,0.0
subject41,6,105.46875,112.5,7.03125
subject41,7,105.46875,105.46875,0.0
subject41,8,105.46875,98.4375,-7.03125
subject41,9,105.46875,112.5,7.03125
subject41,10,105.46875,91.40625,-14.0625
subject41,11,105.46875,91.40625,-14.0625
subject41,12,105.46875,105.46875,0.0
subject41,13,105.46875,91.40625,-14.0625
subject41,14,105.46875,84.375,-21.09375
subject41,15,105.46875,91.40625,-14.0625
subject41,16,105.46875,84.375,-21.09375
subject41,17,105.46875,84.375,-21.09375
subject41,18,105.46875,84.375,-21.09375
subject41,19,105.46875,84.375,-21.09375
subject41,20,98.4375,84.375,-14.0625
subject41,21,98.4375,91.40625,-7.03125
subject41,22,98.4375,84.375,-14.0625
subject41,23,98.4375,91.40625,-7.03125
subject41,24,98.4375,91.40625,-7.03125
subject41,25,98.4375,112.5,14.0625
subject41,26,98.4375,112.5,14.0625
subject41,27,98.4375,112.5,14.0625
subject41,28,98.4375,112.5,14.0625
subject41,29,98.4375,112.5,14.0625
subject41,30,98.4375,112.5,14.0625
subject41,31,98.4375,112.5,14.0625
subject41,32,98.4375,112.5,14.0625
subject41,33,98.4375,112.5,14.0625
subject41,34,98.4375,112.5,14.0625
subject41,35,98.4375,112.5,14.0625
subject41,36,98.4375,91.40625,-7.03125
subject41,37,98.4375,91.40625,-7.03125
subject41,38,98.4375,91.40625,-7.03125
subject41,39,98.4375,91.40625,-7.03125
subject41,40,98.4375,112.5,14.0625
subject41,41,98.4375,112.5,14.0625
subject41,42,98.4375,112.5,14.0625
subject41,43,98.4375,112.5,14.0625
subject41,44,98.4375,84.375,-14.0625
subject41,45,98.4375,112.5,14.0625
subject41,46,98.4375,91.40625,-7.03125
subject41,47,98.4375,84.375,-14.0625
subject41,48,98.4375,91.40625,-7.03125
subject41,49,98.4375,84.375,-14.0625
subject41,50,98.4375,112.5,14.0625
subject41,51,98.4375,112.5,14.0625
subject41,52,98.4375,91.40625,-7.03125
subject41,53,98.4375,91.40625,-7.03125
subject41,54,98.4375,112.5,14.0625
subject41,55,98.4375,112.5,14.0625
subject41,56,105.46875,112.5,7.03125
subject41,57,105.46875,112.5,7.03125
subject41,58,105.46875,112.5,7.03125
subject41,59,105.46875,91.40625,-14.0625
subject41,60,105.46875,112.5,7.03125
subject41,61,105.46875,84.375,-21.09375
subject41,62,98.4375,91.40625,-7.03125
subject41,63,98.4375,112.5,14.0625
subject41,64,98.4375,91.40625,-7.03125
subject41,65,98.4375,112.5,14.0625
subject41,66,98.4375,77.34375,-21.09375
subject41,67,98.4375,84.375,-14.0625
subject41,68,112.5,112.5,0.0
subject41,69,112.5,84.375,-28.125
subject41,70,112.5,112.5,0.0
subject41,71,112.5,112.5,0.0
subject41,72,112.5,84.375,-28.125
subject41,73,112.5,112.5,0.0
subject41,74,112.5,112.5,0.0
subject41,75,112.5,112.5,0.0
subject41,76,112.5,112.5,0.0
subject41,77,112.5,112.5,0.0
subject41,78,112.5,112.5,0.0
subject41,79,105.46875,112.5,7.03125
subject41,80,105.46875,112.5,7.03125
subject41,81,105.46875,112.5,7.03125
subject41,82,105.46875,112.5,7.03125
subject41,83,105.46875,84.375,-21.09375
subject41,84,105.46875,98.4375,-7.03125
subject41,85,105.46875,91.40625,-14.0625
subject41,86,105.46875,98.4375,-7.03125
subject41,87,105.46875,84.375,-21.09375
subject41,88,105.46875,84.375,-21.09375
subject41,89,105.46875,84.375,-21.09375
subject41,90,105.46875,91.40625,-14.0625
subject41,91,105.46875,84.375,-21.09375
subject41,92,105.46875,91.40625,-14.0625
subject41,93,105.46875,112.5,7.03125
subject41,94,105.46875,91.40625,-14.0625
subject41,95,105.46875,112.5,7.03125
subject41,96,105.46875,84.375,-21.09375
subject41,97,105.46875,112.5,7.03125
subject41,98,105.46875,91.40625,-14.0625
subject41,99,105.46875,91.40625,-14.0625
subject41,100,105.46875,91.40625,-14.0625
subject41,101,105.46875,91.40625,-14.0625
subject41,102,105.46875,91.40625,-14.0625
subject41,103,98.4375,77.34375,-21.09375
subject41,104,98.4375,91.40625,-7.03125
subject41,105,98.4375,112.5,14.0625
subject41,106,98.4375,91.40625,-7.03125
subject41,107,98.4375,112.5,14.0625
subject41,108,98.4375,91.40625,-7.03125
subject41,109,98.4375,91.40625,-7.03125
subject41,110,98.4375,112.5,14.0625
subject41,111,98.4375,112.5,14.0625
subject41,112,98.4375,98.4375,0.0
subject41,113,98.4375,112.5,14.0625
subject41,114,98.4375,91.40625,-7.03125
subject41,115,98.4375,112.5,14.0625
subject41,116,98.4375,112.5,14.0625
subject41,117,98.4375,112.5,14.0625
subject41,118,98.4375,112.5,14.0625
subject41,119,98.4375,112.5,14.0625
subject41,120,98.4375,105.46875,7.03125
subject41,121,98.4375,112.5,14.0625
subject41,122,98.4375,84.375,-14.0625
subject41,123,98.4375,98.4375,0.0
subject41,124,98.4375,112.5,14.0625
subject41,125,98.4375,98.4375,0.0
subject41,126,98.4375,112.5,14.0625
subject41,127,98.4375,112.5,14.0625
subject41,128,98.4375,112.5,14.0625
subject41,129,98.4375,91.40625,-7.03125
subject41,130,98.4375,112.5,14.0625
subject41,131,98.4375,91.40625,-7.03125
subject41,132,98.4375,98.4375,0.0
subject41,133,98.4375,84.375,-14.0625
subject41,134,98.4375,112.5,14.0625
subject41,135,98.4375,112.5,14.0625
subject41,136,98.4375,84.375,-14.0625
subject41,137,98.4375,112.5,14.0625
subject41,138,98.4375,84.375,-14.0625
subject41,139,98.4375,112.5,14.0625
subject41,140,98.4375,84.375,-14.0625
subject41,141,98.4375,112.5,14.0625
subject41,142,98.4375,112.5,14.0625
subject41,143,98.4375,112.5,14.0625
subject41,144,98.4375,112.5,14.0625
subject41,145,98.4375,112.5,14.0625
subject41,146,98.4375,112.5,14.0625
subject41,147,98.4375,91.40625,-7.03125
subject41,148,98.4375,77.34375,-21.09375
subject41,149,98.4375,112.5,14.0625
subject41,150,98.4375,105.46875,7.03125
subject41,151,98.4375,112.5,14.0625
subject41,152,98.4375,112.5,14.0625
subject41,153,98.4375,105.46875,7.03125
subject41,154,98.4375,105.46875,7.03125
subject41,155,98.4375,105.46875,7.03125
subject41,156,98.4375,105.46875,7.03125
subject41,157,98.4375,98.4375,0.0
subject41,158,98.4375,91.40625,-7.03125
subject41,159,98.4375,84.375,-14.0625
subject41,160,91.40625,84.375,-7.03125
subject41,161,91.40625,112.5,21.09375
subject41,162,105.46875,84.375,-21.09375
subject41,163,105.46875,112.5,7.03125
subject41,164,105.46875,112.5,7.03125
subject41,165,105.46875,84.375,-21.09375
subject41,166,105.46875,84.375,-21.09375
subject41,167,105.46875,84.375,-21.09375
subject41,168,105.46875,112.5,7.03125
subject41,169,105.46875,84.375,-21.09375
subject41,170,105.46875,84.375,-21.09375
subject41,171,105.46875,112.5,7.03125
subject41,172,105.46875,84.375,-21.09375
subject41,173,105.46875,112.5,7.03125
subject41,174,98.4375,112.5,14.0625
subject41,175,98.4375,112.5,14.0625
subject41,176,98.4375,112.5,14.0625
subject41,177,98.4375,112.5,14.0625
subject42,0,77.34375,84.375,7.03125
subject42,1,84.375,84.375,0.0
subject42,2,84.375,84.375,0.0
subject42,3,84.375,84.375,0.0
subject42,4,84.375,84.375,0.0
subject42,5,84.375,84.375,0.0
subject42,6,84.375,84.375,0.0
subject42,7,84.375,84.375,0.0
subject42,8,84.375,84.375,0.0
subject42,9,84.375,84.375,0.0
subject42,10,84.375,84.375,0.0
subject42,11,84.375,84.375,0.0
subject42,12,84.375,91.40625,7.03125
subject42,13,84.375,84.375,0.0
subject42,14,84.375,91.40625,7.03125
subject42,15,91.40625,84.375,-7.03125
subject42,16,91.40625,91.40625,0.0
subject42,17,91.40625,84.375,-7.03125
subject42,18,91.40625,91.40625,0.0
subject42,19,91.40625,91.40625,0.0
subject42,20,91.40625,84.375,-7.03125
subject42,21,91.40625,91.40625,0.0
subject42,22,91.40625,98.4375,7.03125
subject42,23,91.40625,112.5,21.09375
subject42,24,91.40625,91.40625,0.0
subject42,25,91.40625,91.40625,0.0
subject42,26,91.40625,84.375,-7.03125
subject42,27,91.40625,77.34375,-14.0625
subject42,28,91.40625,84.375,-7.03125
subject42,29,91.40625,112.5,21.09375
subject42,30,91.40625,98.4375,7.03125
subject42,31,91.40625,84.375,-7.03125
subject42,32,91.40625,112.5,21.09375
subject42,33,91.40625,91.40625,0.0
subject42,34,91.40625,84.375,-7.03125
subject42,35,91.40625,91.40625,0.0
subject42,36,91.40625,112.5,21.09375
subject42,37,91.40625,112.5,21.09375
subject42,38,91.40625,98.4375,7.03125
subject42,39,91.40625,84.375,-7.03125
subject42,40,98.4375,112.5,14.0625
subject42,41,98.4375,112.5,14.0625
subject42,42,98.4375,84.375,-14.0625
subject42,43,98.4375,112.5,14.0625
subject42,44,98.4375,112.5,14.0625
subject42,45,98.4375,112.5,14.0625
subject42,46,98.4375,77.34375,-21.09375
subject42,47,98.4375,84.375,-14.0625
subject42,48,98.4375,77.34375,-21.09375
subject42,49,98.4375,84.375,-14.0625
subject42,50,98.4375,84.375,-14.0625
subject42,51,98.4375,112.5,14.0625
subject42,52,98.4375,84.375,-14.0625
subject42,53,98.4375,112.5,14.0625
subject42,54,98.4375,84.375,-14.0625
subject42,55,98.4375,84.375,-14.0625
subject42,56,98.4375,84.375,-14.0625
subject42,57,98.4375,84.375,-14.0625
subject42,58,98.4375,98.4375,0.0
subject42,59,98.4375,84.375,-14.0625
subject42,60,98.4375,84.375,-14.0625
subject42,61,98.4375,91.40625,-7.03125
subject42,62,98.4375,91.40625,-7.03125
subject42,63,98.4375,91.40625,-7.03125
subject42,64,98.4375,84.375,-14.0625
subject42,65,98.4375,91.40625,-7.03125
subject42,66,98.4375,84.375,-14.0625
subject42,67,98.4375,91.40625,-7.03125
subject42,68,98.4375,91.40625,-7.03125
subject42,69,98.4375,77.34375,-21.09375
subject42,70,98.4375,77.34375,-21.09375
subject42,71,98.4375,91.40625,-7.03125
subject42,72,98.4375,112.5,14.0625
subject42,73,98.4375,91.40625,-7.03125
subject42,74,98.4375,84.375,-14.0625
subject42,75,98.4375,77.34375,-21.09375
subject42,76,98.4375,91.40625,-7.03125
subject42,77,98.4375,112.5,14.0625
subject42,78,98.4375,84.375,-14.0625
subject42,79,98.4375,84.375,-14.0625
subject42,80,98.4375,84.375,-14.0625
subject42,81,98.4375,91.40625,-7.03125
subject42,82,98.4375,77.34375,-21.09375
subject42,83,98.4375,112.5,14.0625
subject42,84,98.4375,91.40625,-7.03125
subject42,85,98.4375,91.40625,-7.03125
subject42,86,98.4375,77.34375,-21.09375
subject42,87,98.4375,91.40625,-7.03125
subject42,88,98.4375,91.40625,-7.03125
subject42,89,98.4375,77.34375,-21.09375
subject42,90,98.4375,91.40625,-7.03125
subject42,91,98.4375,77.34375,-21.09375
subject42,92,98.4375,84.375,-14.0625
subject42,93,98.4375,91.40625,-7.03125
subject42,94,98.4375,91.40625,-7.03125
subject42,95,98.4375,84.375,-14.0625
subject42,96,98.4375,91.40625,-7.03125
subject42,97,98.4375,112.5,14.0625
subject42,98,98.4375,112.5,14.0625
subject42,99,98.4375,77.34375,-21.09375
subject42,100,98.4375,112.5,14.0625
subject42,101,98.4375,112.5,14.0625
subject42,102,98.4375,112.5,14.0625
subject42,103,98.4375,112.5,14.0625
subject42,104,98.4375,112.5,14.0625
subject42,105,98.4375,91.40625,-7.03125
subject42,106,98.4375,112.5,14.0625
subject42,107,98.4375,77.34375,-21.09375
subject42,108,98.4375,112.5,14.0625
subject42,109,98.4375,112.5,14.0625
subject42,110,98.4375,112.5,14.0625
subject42,111,98.4375,84.375,-14.0625
subject42,112,98.4375,112.5,14.0625
subject42,113,98.4375,112.5,14.0625
subject42,114,98.4375,98.4375,0.0
subject42,115,98.4375,112.5,14.0625
subject42,116,98.4375,105.46875,7.03125
subject42,117,98.4375,112.5,14.0625
subject42,118,98.4375,112.5,14.0625
subject42,119,98.4375,91.40625,-7.03125
subject42,120,98.4375,98.4375,0.0
subject42,121,98.4375,91.40625,-7.03125
subject42,122,98.4375,91.40625,-7.03125
subject42,123,98.4375,91.40625,-7.03125
subject42,124,98.4375,98.4375,0.0
subject42,125,98.4375,91.40625,-7.03125
subject42,126,98.4375,98.4375,0.0
subject42,127,98.4375,98.4375,0.0
subject42,128,98.4375,98.4375,0.0
subject42,129,98.4375,112.5,14.0625
subject42,130,98.4375,84.375,-14.0625
subject42,131,98.4375,91.40625,-7.03125
subject42,132,98.4375,112.5,14.0625
subject42,133,98.4375,91.40625,-7.03125
subject42,134,98.4375,98.4375,0.0
subject42,135,98.4375,98.4375,0.0
subject42,136,98.4375,98.4375,0.0
subject42,137,98.4375,98.4375,0.0
subject42,138,98.4375,84.375,-14.0625
subject42,139,98.4375,98.4375,0.0
subject42,140,98.4375,98.4375,0.0
subject42,141,98.4375,91.40625,-7.03125
subject42,142,98.4375,98.4375,0.0
subject42,143,98.4375,84.375,-14.0625
subject42,144,98.4375,112.5,14.0625
subject42,145,98.4375,84.375,-14.0625
subject42,146,98.4375,112.5,14.0625
subject42,147,98.4375,112.5,14.0625
subject42,148,98.4375,98.4375,0.0
subject42,149,98.4375,84.375,-14.0625
subject42,150,98.4375,84.375,-14.0625
subject42,151,98.4375,84.375,-14.0625
subject42,152,98.4375,112.5,14.0625
subject42,153,98.4375,98.4375,0.0
subject42,154,98.4375,112.5,14.0625
subject42,155,98.4375,112.5,14.0625
subject42,156,98.4375,98.4375,0.0
subject42,157,98.4375,112.5,14.0625
subject42,158,98.4375,112.5,14.0625
subject42,159,98.4375,91.40625,-7.03125
subject42,160,98.4375,91.40625,-7.03125
subject42,161,98.4375,112.5,14.0625
subject42,162,98.4375,112.5,14.0625
subject42,163,98.4375,84.375,-14.0625
subject42,164,98.4375,77.34375,-21.09375
subject42,165,98.4375,112.5,14.0625
subject42,166,98.4375,98.4375,0.0
subject42,167,98.4375,77.34375,-21.09375
subject42,168,98.4375,91.40625,-7.03125
subject42,169,98.4375,105.46875,7.03125
subject42,170,98.4375,112.5,14.0625
subject42,171,98.4375,112.5,14.0625
subject42,172,98.4375,112.5,14.0625
subject42,173,98.4375,98.4375,0.0
subject42,174,98.4375,98.4375,0.0
subject42,175,98.4375,112.5,14.0625
subject42,176,98.4375,98.4375,0.0
subject42,177,98.4375,98.4375,0.0
subject43,0,98.4375,105.46875,7.03125
subject43,1,98.4375,98.4375,0.0
subject43,2,98.4375,98.4375,0.0
subject43,3,98.4375,105.46875,7.03125
subject43,4,91.40625,119.53125,28.125
subject43,5,91.40625,105.46875,14.0625
subject43,6,91.40625,119.53125,28.125
subject43,7,91.40625,105.46875,14.0625
subject43,8,91.40625,112.5,21.09375
subject43,9,91.40625,105.46875,14.0625
subject43,10,91.40625,112.5,21.09375
subject43,11,91.40625,112.5,21.09375
subject43,12,91.40625,112.5,21.09375
subject43,13,91.40625,112.5,21.09375
subject43,14,91.40625,112.5,21.09375
subject43,15,91.40625,105.46875,14.0625
subject43,16,98.4375,105.46875,7.03125
subject43,17,98.4375,105.46875,7.03125
subject43,18,98.4375,105.46875,7.03125
subject43,19,98.4375,105.46875,7.03125
subject43,20,98.4375,105.46875,7.03125
subject43,21,98.4375,105.46875,7.03125
subject43,22,98.4375,105.46875,7.03125
subject43,23,105.46875,112.5,7.03125
subject43,24,105.46875,112.5,7.03125
subject43,25,105.46875,105.46875,0.0
subject43,26,105.46875,112.5,7.03125
subject43,27,105.46875,112.5,7.03125
subject43,28,105.46875,112.5,7.03125
subject43,29,105.46875,112.5,7.03125
subject43,30,105.46875,112.5,7.03125
subject43,31,105.46875,112.5,7.03125
subject43,32,105.46875,105.46875,0.0
subject43,33,105.46875,84.375,-21.09375
subject43,34,105.46875,112.5,7.03125
subject43,35,105.46875,84.375,-21.09375
subject43,36,105.46875,84.375,-21.09375
subject43,37,98.4375,112.5,14.0625
subject43,38,98.4375,84.375,-14.0625
subject43,39,98.4375,91.40625,-7.03125
subject43,40,98.4375,105.46875,7.03125
subject43,41,98.4375,84.375,-14.0625
subject43,42,98.4375,91.40625,-7.03125
subject43,43,98.4375,105.46875,7.03125
subject43,44,98.4375,91.40625,-7.03125
subject43,45,98.4375,112.5,14.0625
subject43,46,98.4375,112.5,14.0625
subject43,47,98.4375,112.5,14.0625
subject43,48,98.4375,91.40625,-7.03125
subject43,49,98.4375,84.375,-14.0625
subject43,50,98.4375,112.5,14.0625
subject43,51,98.4375,112.5,14.0625
subject43,52,98.4375,112.5,14.0625
subject43,53,98.4375,91.40625,-7.03125
subject43,54,98.4375,112.5,14.0625
subject43,55,98.4375,112.5,14.0625
subject43,56,98.4375,112.5,14.0625
subject43,57,98.4375,112.5,14.0625
subject43,58,98.4375,84.375,-14.0625
subject43,59,91.40625,112.5,21.09375
subject43,60,91.40625,112.5,21.09375
subject43,61,91.40625,98.4375,7.03125
subject43,62,91.40625,91.40625,0.0
subject43,63,91.40625,112.5,21.09375
subject43,64,91.40625,112.5,21.09375
subject43,65,91.40625,112.5,21.09375
subject43,66,91.40625,91.40625,0.0
subject43,67,91.40625,91.40625,0.0
subject43,68,91.40625,91.40625,0.0
subject43,69,91.40625,112.5,21.09375
subject43,70,91.40625,91.40625,0.0
subject43,71,91.40625,91.40625,0.0
subject43,72,91.40625,91.40625,0.0
subject43,73,91.40625,91.40625,0.0
subject43,74,91.40625,112.5,21.09375
subject43,75,98.4375,91.40625,-7.03125
subject43,76,98.4375,91.40625,-7.03125
subject43,77,98.4375,91.40625,-7.03125
subject43,78,98.4375,91.40625,-7.03125
subject43,79,98.4375,98.4375,0.0
subject43,80,98.4375,98.4375,0.0
subject43,81,98.4375,84.375,-14.0625
subject43,82,98.4375,98.4375,0.0
subject43,83,98.4375,84.375,-14.0625
subject43,84,98.4375,84.375,-14.0625
subject43,85,98.4375,98.4375,0.0
subject43,86,98.4375,84.375,-14.0625
subject43,87,98.4375,98.4375,0.0
subject43,88,98.4375,112.5,14.0625
subject43,89,98.4375,91.40625,-7.03125
subject43,90,98.4375,91.40625,-7.03125
subject43,91,98.4375,91.40625,-7.03125
subject43,92,98.4375,98.4375,0.0
subject43,93,98.4375,91.40625,-7.03125
subject43,94,98.4375,91.40625,-7.03125
subject43,95,98.4375,112.5,14.0625
subject43,96,98.4375,91.40625,-7.03125
subject43,97,98.4375,98.4375,0.0
subject43,98,98.4375,91.40625,-7.03125
subject43,99,98.4375,98.4375,0.0
subject43,100,98.4375,98.4375,0.0
subject43,101,98.4375,98.4375,0.0
subject43,102,98.4375,91.40625,-7.03125
subject43,103,98.4375,91.40625,-7.03125
subject43,104,98.4375,91.40625,-7.03125
subject43,105,98.4375,91.40625,-7.03125
subject43,106,98.4375,91.40625,-7.03125
subject43,107,98.4375,112.5,14.0625
subject43,108,98.4375,98.4375,0.0
subject43,109,98.4375,91.40625,-7.03125
subject43,110,98.4375,98.4375,0.0
subject43,111,98.4375,112.5,14.0625
subject43,112,98.4375,91.40625,-7.03125
subject43,113,98.4375,84.375,-14.0625
subject43,114,98.4375,98.4375,0.0
subject43,115,98.4375,105.46875,7.03125
subject43,116,98.4375,98.4375,0.0
subject43,117,98.4375,91.40625,-7.03125
subject43,118,98.4375,98.4375,0.0
subject43,119,98.4375,98.4375,0.0
subject43,120,98.4375,98.4375,0.0
subject43,121,98.4375,98.4375,0.0
subject43,122,98.4375,84.375,-14.0625
subject43,123,98.4375,98.4375,0.0
subject43,124,98.4375,98.4375,0.0
subject43,125,98.4375,98.4375,0.0
subject43,126,98.4375,98.4375,0.0
subject43,127,98.4375,98.4375,0.0
subject43,128,98.4375,98.4375,0.0
subject43,129,98.4375,98.4375,0.0
subject43,130,98.4375,112.5,14.0625
subject43,131,98.4375,98.4375,0.0
subject43,132,98.4375,98.4375,0.0
subject43,133,98.4375,98.4375,0.0
subject43,134,98.4375,98.4375,0.0
subject43,135,98.4375,98.4375,0.0
subject43,136,98.4375,98.4375,0.0
subject43,137,98.4375,98.4375,0.0
subject43,138,98.4375,84.375,-14.0625
subject43,139,98.4375,98.4375,0.0
subject43,140,98.4375,112.5,14.0625
subject43,141,105.46875,84.375,-21.09375
subject43,142,105.46875,112.5,7.03125
subject43,143,105.46875,84.375,-21.09375
subject43,144,105.46875,91.40625,-14.0625
subject43,145,105.46875,112.5,7.03125
subject43,146,105.46875,91.40625,-14.0625
subject43,147,105.46875,91.40625,-14.0625
subject43,148,105.46875,105.46875,0.0
subject43,149,105.46875,105.46875,0.0
subject43,150,105.46875,105.46875,0.0
subject43,151,105.46875,112.5,7.03125
subject43,152,105.46875,105.46875,0.0
subject43,153,105.46875,105.46875,0.0
subject43,154,105.46875,112.5,7.03125
subject43,155,105.46875,105.46875,0.0
subject43,156,105.46875,98.4375,-7.03125
subject43,157,105.46875,112.5,7.03125
subject43,158,105.46875,98.4375,-7.03125
subject43,159,98.4375,112.5,14.0625
subject43,160,98.4375,105.46875,7.03125
subject43,161,98.4375,98.4375,0.0
subject43,162,98.4375,112.5,14.0625
subject43,163,98.4375,112.5,14.0625
subject43,164,98.4375,112.5,14.0625
subject43,165,98.4375,98.4375,0.0
subject43,166,98.4375,98.4375,0.0
subject43,167,105.46875,91.40625,-14.0625
subject43,168,105.46875,84.375,-21.09375
subject43,169,105.46875,98.4375,-7.03125
subject43,170,105.46875,112.5,7.03125
subject43,171,105.46875,112.5,7.03125
subject43,172,105.46875,98.4375,-7.03125
subject43,173,105.46875,112.5,7.03125
subject43,174,105.46875,91.40625,-14.0625
subject44,0,84.375,112.5,28.125
subject44,1,84.375,112.5,28.125
subject44,2,77.34375,112.5,35.15625
subject44,3,77.34375,112.5,35.15625
subject44,4,77.34375,98.4375,21.09375
subject44,5,77.34375,112.5,35.15625
subject44,6,77.34375,112.5,35.15625
subject44,7,77.34375,112.5,35.15625
subject44,8,77.34375,112.5,35.15625
subject44,9,77.34375,112.5,35.15625
subject44,10,77.34375,112.5,35.15625
subject44,11,77.34375,112.5,35.15625
subject44,12,77.34375,112.5,35.15625
subject44,13,77.34375,98.4375,21.09375
subject44,14,77.34375,112.5,35.15625
subject44,15,77.34375,98.4375,21.09375
subject44,16,77.34375,112.5,35.15625
subject44,17,77.34375,112.5,35.15625
subject44,18,77.34375,77.34375,0.0
subject44,19,77.34375,112.5,35.15625
subject44,20,77.34375,91.40625,14.0625
subject44,21,77.34375,112.5,35.15625
subject44,22,77.34375,112.5,35.15625
subject44,23,77.34375,91.40625,14.0625
subject44,24,77.34375,112.5,35.15625
subject44,25,77.34375,112.5,35.15625
subject44,26,77.34375,77.34375,0.0
subject44,27,77.34375,77.34375,0.0
subject44,28,77.34375,77.34375,0.0
subject44,29,77.34375,84.375,7.03125
subject44,30,77.34375,112.5,35.15625
subject44,31,77.34375,77.34375,0.0
subject44,32,77.34375,112.5,35.15625
subject44,33,77.34375,112.5,35.15625
subject44,34,77.34375,84.375,7.03125
subject44,35,77.34375,112.5,35.15625
subject44,36,77.34375,84.375,7.03125
subject44,37,77.34375,84.375,7.03125
subject44,38,77.34375,77.34375,0.0
subject44,39,77.34375,84.375,7.03125
subject44,40,77.34375,77.34375,0.0
subject44,41,77.34375,112.5,35.15625
subject44,42,77.34375,77.34375,0.0
subject44,43,77.34375,112.5,35.15625
subject44,44,77.34375,77.34375,0.0
subject44,45,77.34375,91.40625,14.0625
subject44,46,77.34375,84.375,7.03125
subject44,47,77.34375,91.40625,14.0625
subject44,48,77.34375,112.5,35.15625
subject44,49,77.34375,112.5,35.15625
subject44,50,84.375,84.375,0.0
subject44,51,84.375,84.375,0.0
subject44,52,84.375,84.375,0.0
subject44,53,84.375,84.375,0.0
subject44,54,84.375,84.375,0.0
subject44,55,84.375,105.46875,21.09375
subject44,56,84.375,84.375,0.0
subject44,57,84.375,84.375,0.0
subject44,58,84.375,112.5,28.125
subject44,59,91.40625,84.375,-7.03125
subject44,60,91.40625,91.40625,0.0
subject44,61,91.40625,84.375,-7.03125
subject44,62,91.40625,91.40625,0.0
subject44,63,91.40625,91.40625,0.0
subject44,64,91.40625,91.40625,0.0
subject44,65,91.40625,91.40625,0.0
subject44,66,91.40625,91.40625,0.0
subject44,67,91.40625,84.375,-7.03125
subject44,68,91.40625,112.5,21.09375
subject44,69,91.40625,112.5,21.09375
subject44,70,91.40625,112.5,21.09375
subject44,71,91.40625,84.375,-7.03125
subject44,72,91.40625,112.5,21.09375
subject44,73,91.40625,84.375,-7.03125
subject44,74,91.40625,112.5,21.09375
subject44,75,91.40625,112.5,21.09375
subject44,76,91.40625,77.34375,-14.0625
subject44,77,91.40625,112.5,21.09375
subject44,78,91.40625,112.5,21.09375
subject44,79,91.40625,112.5,21.09375
subject44,80,91.40625,112.5,21.09375
subject44,81,91.40625,105.46875,14.0625
subject44,82,91.40625,105.46875,14.0625
subject44,83,91.40625,105.46875,14.0625
subject44,84,91.40625,91.40625,0.0
subject44,85,91.40625,105.46875,14.0625
subject44,86,91.40625,91.40625,0.0
subject44,87,91.40625,84.375,-7.03125
subject44,88,91.40625,105.46875,14.0625
subject44,89,91.40625,119.53125,28.125
subject44,90,91.40625,77.34375,-14.0625
subject44,91,91.40625,84.375,-7.03125
subject44,92,91.40625,98.4375,7.03125
subject44,93,84.375,84.375,0.0
subject44,94,84.375,98.4375,14.0625
subject44,95,84.375,112.5,28.125
subject44,96,84.375,98.4375,14.0625
subject44,97,84.375,112.5,28.125
subject44,98,84.375,98.4375,14.0625
subject44,99,84.375,112.5,28.125
subject44,100,84.375,112.5,28.125
subject44,101,84.375,91.40625,7.03125
subject44,102,84.375,112.5,28.125
subject44,103,84.375,112.5,28.125
subject44,104,84.375,84.375,0.0
subject44,105,84.375,84.375,0.0
subject44,106,84.375,112.5,28.125
subject44,107,84.375,84.375,0.0
subject44,108,84.375,84.375,0.0
subject44,109,84.375,84.375,0.0
subject44,110,84.375,84.375,0.0
subject44,111,84.375,84.375,0.0
subject44,112,84.375,84.375,0.0
subject44,113,84.375,84.375,0.0
subject44,114,84.375,112.5,28.125
subject44,115,84.375,84.375,0.0
subject44,116,84.375,84.375,0.0
subject44,117,84.375,112.5,28.125
subject44,118,84.375,91.40625,7.03125
subject44,119,84.375,112.5,28.125
subject44,120,84.375,77.34375,-7.03125
subject44,121,77.34375,112.5,35.15625
subject44,122,77.34375,112.5,35.15625
subject44,123,77.34375,112.5,35.15625
subject44,124,77.34375,91.40625,14.0625
subject44,125,77.34375,77.34375,0.0
subject44,126,77.34375,77.34375,0.0
subject44,127,77.34375,105.46875,28.125
subject44,128,77.34375,77.34375,0.0
subject44,129,77.34375,98.4375,21.09375
subject44,130,77.34375,112.5,35.15625
subject44,131,77.34375,77.34375,0.0
subject44,132,77.34375,77.34375,0.0
subject44,133,77.34375,77.34375,0.0
subject44,134,77.34375,77.34375,0.0
subject44,135,77.34375,77.34375,0.0
subject44,136,77.34375,91.40625,14.0625
subject44,137,77.34375,112.5,35.15625
subject44,138,77.34375,91.40625,14.0625
subject44,139,77.34375,91.40625,14.0625
subject44,140,77.34375,112.5,35.15625
subject44,141,77.34375,91.40625,14.0625
subject44,142,77.34375,112.5,35.15625
subject44,143,77.34375,84.375,7.03125
subject44,144,77.34375,84.375,7.03125
subject44,145,77.34375,112.5,35.15625
subject44,146,77.34375,112.5,35.15625
subject44,147,77.34375,84.375,7.03125
subject44,148,77.34375,91.40625,14.0625
subject44,149,77.34375,84.375,7.03125
subject44,150,77.34375,91.40625,14.0625
subject44,151,77.34375,91.40625,14.0625
subject44,152,77.34375,91.40625,14.0625
subject44,153,77.34375,91.40625,14.0625
subject44,154,84.375,91.40625,7.03125
subject44,155,84.375,91.40625,7.03125
subject44,156,84.375,91.40625,7.03125
subject44,157,84.375,91.40625,7.03125
subject44,158,84.375,91.40625,7.03125
subject44,159,84.375,91.40625,7.03125
subject44,160,84.375,91.40625,7.03125
subject44,161,84.375,112.5,28.125
subject44,162,84.375,112.5,28.125
subject44,163,84.375,112.5,28.125
subject44,164,84.375,112.5,28.125
subject44,165,84.375,112.5,28.125
subject44,166,84.375,98.4375,14.0625
subject44,167,84.375,84.375,0.0
subject44,168,84.375,112.5,28.125
subject44,169,84.375,112.5,28.125
subject44,170,84.375,84.375,0.0
subject44,171,84.375,112.5,28.125
subject44,172,84.375,112.5,28.125
subject44,173,84.375,91.40625,7.03125
subject44,174,84.375,105.46875,21.09375
subject44,175,84.375,112.5,28.125
subject45,0,112.5,84.375,-28.125
subject45,1,112.5,91.40625,-21.09375
subject45,2,112.5,91.40625,-21.09375
subject45,3,112.5,112.5,0.0
subject45,4,112.5,91.40625,-21.09375
subject45,5,112.5,91.40625,-21.09375
subject45,6,112.5,91.40625,-21.09375
subject45,7,112.5,98.4375,-14.0625
subject45,8,112.5,84.375,-28.125
subject45,9,112.5,112.5,0.0
subject45,10,112.5,84.375,-28.125
subject45,11,112.5,91.40625,-21.09375
subject45,12,112.5,84.375,-28.125
subject45,13,112.5,112.5,0.0
subject45,14,112.5,91.40625,-21.09375
subject45,15,112.5,112.5,0.0
subject45,16,112.5,112.5,0.0
subject45,17,112.5,91.40625,-21.09375
subject45,18,112.5,112.5,0.0
subject45,19,112.5,84.375,-28.125
subject45,20,112.5,84.375,-28.125
subject45,21,112.5,112.5,0.0
subject45,22,112.5,84.375,-28.125
subject45,23,112.5,84.375,-28.125
subject45,24,112.5,112.5,0.0
subject45,25,119.53125,84.375,-35.15625
subject45,26,119.53125,91.40625,-28.125
subject45,27,112.5,112.5,0.0
subject45,28,112.5,91.40625,-21.09375
subject45,29,112.5,112.5,0.0
subject45,30,112.5,91.40625,-21.09375
subject45,31,112.5,112.5,0.0
subject45,32,112.5,112.5,0.0
subject45,33,112.5,84.375,-28.125
subject45,34,112.5,112.5,0.0
subject45,35,112.5,112.5,0.0
subject45,36,112.5,112.5,0.0
subject45,37,112.5,112.5,0.0
subject45,38,112.5,112.5,0.0
subject45,39,112.5,112.5,0.0
subject45,40,112.5,91.40625,-21.09375
subject45,41,112.5,112.5,0.0
subject45,42,112.5,112.5,0.0
subject45,43,112.5,112.5,0.0
subject45,44,112.5,112.5,0.0
subject45,45,112.5,112.5,0.0
subject45,46,112.5,84.375,-28.125
subject45,47,112.5,112.5,0.0
subject45,48,112.5,84.375,-28.125
subject45,49,112.5,112.5,0.0
subject45,50,112.5,112.5,0.0
subject45,51,112.5,84.375,-28.125
subject45,52,112.5,112.5,0.0
subject45,53,112.5,98.4375,-14.0625
subject45,54,112.5,112.5,0.0
subject45,55,112.5,112.5,0.0
subject45,56,112.5,84.375,-28.125
subject45,57,119.53125,112.5,-7.03125
subject45,58,119.53125,84.375,-35.15625
subject45,59,119.53125,112.5,-7.03125
subject45,60,119.53125,112.5,-7.03125
subject45,61,119.53125,84.375,-35.15625
subject45,62,119.53125,91.40625,-28.125
subject45,63,119.53125,112.5,-7.03125
subject45,64,119.53125,91.40625,-28.125
subject45,65,119.53125,112.5,-7.03125
subject45,66,119.53125,98.4375,-21.09375
subject45,67,119.53125,77.34375,-42.1875
subject45,68,119.53125,98.4375,-21.09375
subject45,69,119.53125,112.5,-7.03125
subject45,70,119.53125,98.4375,-21.09375
subject45,71,119.53125,112.5,-7.03125
subject45,72,119.53125,91.40625,-28.125
subject45,73,119.53125,91.40625,-28.125
subject45,74,119.53125,91.40625,-28.125
subject45,75,119.53125,112.5,-7.03125
subject45,76,112.5,91.40625,-21.09375
subject45,77,112.5,98.4375,-14.0625
subject45,78,112.5,112.5,0.0
subject45,79,112.5,98.4375,-14.0625
subject45,80,112.5,98.4375,-14.0625
subject45,81,112.5,105.46875,-7.03125
subject45,82,112.5,98.4375,-14.0625
subject45,83,112.5,105.46875,-7.03125
subject45,84,112.5,112.5,0.0
subject45,85,112.5,98.4375,-14.0625
subject45,86,112.5,112.5,0.0
subject45,87,112.5,84.375,-28.125
subject45,88,112.5,98.4375,-14.0625
subject45,89,112.5,98.4375,-14.0625
subject45,90,112.5,84.375,-28.125
subject45,91,112.5,98.4375,-14.0625
subject45,92,112.5,91.40625,-21.09375
subject45,93,112.5,112.5,0.0
subject45,94,112.5,91.40625,-21.09375
subject45,95,112.5,91.40625,-21.09375
subject45,96,112.5,112.5,0.0
subject45,97,112.5,112.5,0.0
subject45,98,112.5,84.375,-28.125
subject45,99,112.5,112.5,0.0
subject45,100,112.5,77.34375,-35.15625
subject45,101,112.5,84.375,-28.125
subject45,102,112.5,91.40625,-21.09375
subject45,103,112.5,77.34375,-35.15625
subject45,104,112.5,98.4375,-14.0625
subject45,105,112.5,77.34375,-35.15625
subject45,106,112.5,98.4375,-14.0625
subject45,107,112.5,112.5,0.0
subject45,108,112.5,112.5,0.0
subject45,109,112.5,98.4375,-14.0625
subject45,110,112.5,91.40625,-21.09375
subject45,111,112.5,112.5,0.0
subject45,112,112.5,91.40625,-21.09375
subject45,113,112.5,112.5,0.0
subject45,114,112.5,91.40625,-21.09375
subject45,115,112.5,105.46875,-7.03125
subject45,116,112.5,91.40625,-21.09375
subject45,117,112.5,91.40625,-21.09375
subject45,118,112.5,112.5,0.0
subject45,119,112.5,112.5,0.0
subject45,120,112.5,91.40625,-21.09375
subject45,121,105.46875,84.375,-21.09375
subject45,122,105.46875,91.40625,-14.0625
subject45,123,105.46875,112.5,7.03125
subject45,124,105.46875,84.375,-21.09375
subject45,125,105.46875,112.5,7.03125
subject45,126,112.5,112.5,0.0
subject45,127,112.5,105.46875,-7.03125
subject45,128,112.5,98.4375,-14.0625
subject45,129,112.5,105.46875,-7.03125
subject45,130,112.5,84.375,-28.125
subject45,131,112.5,112.5,0.0
subject45,132,112.5,91.40625,-21.09375
subject45,133,112.5,112.5,0.0
subject45,134,112.5,91.40625,-21.09375
subject45,135,112.5,77.34375,-35.15625
subject45,136,112.5,112.5,0.0
subject45,137,112.5,91.40625,-21.09375
subject45,138,112.5,91.40625,-21.09375
subject45,139,112.5,84.375,-28.125
subject45,140,112.5,91.40625,-21.09375
subject45,141,112.5,84.375,-28.125
subject45,142,112.5,84.375,-28.125
subject45,143,112.5,77.34375,-35.15625
subject45,144,112.5,112.5,0.0
subject45,145,112.5,112.5,0.0
subject45,146,112.5,98.4375,-14.0625
subject45,147,112.5,112.5,0.0
subject45,148,112.5,77.34375,-35.15625
subject45,149,112.5,98.4375,-14.0625
subject45,150,112.5,91.40625,-21.09375
subject45,151,91.40625,98.4375,7.03125
subject45,152,91.40625,112.5,21.09375
subject45,153,98.4375,98.4375,0.0
subject45,154,98.4375,91.40625,-7.03125
subject45,155,98.4375,84.375,-14.0625
subject45,156,98.4375,91.40625,-7.03125
subject45,157,98.4375,84.375,-14.0625
subject45,158,98.4375,91.40625,-7.03125
subject45,159,98.4375,112.5,14.0625
subject45,160,98.4375,112.5,14.0625
subject45,161,98.4375,112.5,14.0625
subject45,162,98.4375,112.5,14.0625
subject45,163,98.4375,112.5,14.0625
subject45,164,98.4375,91.40625,-7.03125
subject45,165,98.4375,112.5,14.0625
subject45,166,98.4375,98.4375,0.0
subject45,167,98.4375,112.5,14.0625
subject45,168,98.4375,98.4375,0.0
subject45,169,98.4375,105.46875,7.03125
subject45,170,105.46875,112.5,7.03125
subject45,171,105.46875,91.40625,-14.0625
subject45,172,105.46875,98.4375,-7.03125
subject45,173,105.46875,91.40625,-14.0625
subject45,174,105.46875,98.4375,-7.03125
subject45,175,105.46875,105.46875,0.0
subject45,176,105.46875,91.40625,-14.0625
subject46,0,105.46875,91.40625,-14.0625
subject46,1,105.46875,84.375,-21.09375
subject46,2,105.46875,91.40625,-14.0625
subject46,3,105.46875,91.40625,-14.0625
subject46,4,105.46875,98.4375,-7.03125
subject46,5,105.46875,91.40625,-14.0625
subject46,6,105.46875,91.40625,-14.0625
subject46,7,105.46875,98.4375,-7.03125
subject46,8,105.46875,91.40625,-14.0625
subject46,9,105.46875,91.40625,-14.0625
subject46,10,105.46875,112.5,7.03125
subject46,11,105.46875,112.5,7.03125
subject46,12,105.46875,91.40625,-14.0625
subject46,13,105.46875,105.46875,0.0
subject46,14,105.46875,91.40625,-14.0625
subject46,15,105.46875,105.46875,0.0
subject46,16,105.46875,91.40625,-14.0625
subject46,17,105.46875,84.375,-21.09375
subject46,18,105.46875,98.4375,-7.03125
subject46,19,105.46875,84.375,-21.09375
subject46,20,105.46875,98.4375,-7.03125
subject46,21,105.46875,84.375,-21.09375
subject46,22,105.46875,84.375,-21.09375
subject46,23,105.46875,91.40625,-14.0625
subject46,24,105.46875,84.375,-21.09375
subject46,25,105.46875,112.5,7.03125
subject46,26,105.46875,98.4375,-7.03125
subject46,27,105.46875,112.5,7.03125
subject46,28,105.46875,98.4375,-7.03125
subject46,29,105.46875,112.5,7.03125
subject46,30,105.46875,112.5,7.03125
subject46,31,105.46875,112.5,7.03125
subject46,32,105.46875,112.5,7.03125
subject46,33,105.46875,91.40625,-14.0625
subject46,34,105.46875,91.40625,-14.0625
subject46,35,105.46875,91.40625,-14.0625
subject46,36,105.46875,91.40625,-14.0625
subject46,37,98.4375,112.5,14.0625
subject46,38,98.4375,91.40625,-7.03125
subject46,39,98.4375,84.375,-14.0625
subject46,40,98.4375,91.40625,-7.03125
subject46,41,98.4375,91.40625,-7.03125
subject46,42,98.4375,91.40625,-7.03125
subject46,43,98.4375,91.40625,-7.03125
subject46,44,98.4375,112.5,14.0625
subject46,45,98.4375,112.5,14.0625
subject46,46,98.4375,112.5,14.0625
subject46,47,98.4375,84.375,-14.0625
subject46,48,98.4375,112.5,14.0625
subject46,49,98.4375,112.5,14.0625
subject46,50,98.4375,91.40625,-7.03125
subject46,51,98.4375,112.5,14.0625
subject46,52,98.4375,84.375,-14.0625
subject46,53,98.4375,112.5,14.0625
subject46,54,98.4375,98.4375,0.0
subject46,55,98.4375,112.5,14.0625
subject46,56,98.4375,112.5,14.0625
subject46,57,98.4375,112.5,14.0625
subject46,58,98.4375,112.5,14.0625
subject46,59,98.4375,98.4375,0.0
subject46,60,98.4375,112.5,14.0625
subject46,61,98.4375,98.4375,0.0
subject46,62,98.4375,91.40625,-7.03125
subject46,63,98.4375,112.5,14.0625
subject46,64,98.4375,112.5,14.0625
subject46,65,98.4375,91.40625,-7.03125
subject46,66,98.4375,84.375,-14.0625
subject46,67,98.4375,112.5,14.0625
subject46,68,98.4375,91.40625,-7.03125
subject46,69,98.4375,84.375,-14.0625
subject46,70,98.4375,112.5,14.0625
subject46,71,98.4375,91.40625,-7.03125
subject46,72,98.4375,84.375,-14.0625
subject46,73,98.4375,91.40625,-7.03125
subject46,74,91.40625,91.40625,0.0
subject46,75,91.40625,112.5,21.09375
subject46,76,91.40625,112.5,21.09375
subject46,77,91.40625,91.40625,0.0
subject46,78,91.40625,112.5,21.09375
subject46,79,91.40625,91.40625,0.0
subject46,80,91.40625,84.375,-7.03125
subject46,81,91.40625,91.40625,0.0
subject46,82,91.40625,98.4375,7.03125
subject46,83,91.40625,112.5,21.09375
subject46,84,91.40625,84.375,-7.03125
subject46,85,91.40625,98.4375,7.03125
subject46,86,91.40625,84.375,-7.03125
subject46,87,91.40625,84.375,-7.03125
subject46,88,91.40625,84.375,-7.03125
subject46,89,91.40625,98.4375,7.03125
subject46,90,91.40625,84.375,-7.03125
subject46,91,91.40625,112.5,21.09375
subject46,92,91.40625,84.375,-7.03125
subject46,93,91.40625,112.5,21.09375
subject46,94,91.40625,112.5,21.09375
subject46,95,91.40625,91.40625,0.0
subject46,96,91.40625,84.375,-7.03125
subject46,97,91.40625,91.40625,0.0
subject46,98,91.40625,91.40625,0.0
subject46,99,91.40625,91.40625,0.0
subject46,100,91.40625,112.5,21.09375
subject46,101,91.40625,112.5,21.09375
subject46,102,91.40625,112.5,21.09375
subject46,103,91.40625,91.40625,0.0
subject46,104,91.40625,112.5,21.09375
subject46,105,91.40625,91.40625,0.0
subject46,106,91.40625,112.5,21.09375
subject46,107,91.40625,112.5,21.09375
subject46,108,91.40625,112.5,21.09375
subject46,109,91.40625,91.40625,0.0
subject46,110,91.40625,91.40625,0.0
subject46,111,91.40625,91.40625,0.0
subject46,112,91.40625,91.40625,0.0
subject46,113,91.40625,98.4375,7.03125
subject46,114,91.40625,91.40625,0.0
subject46,115,91.40625,112.5,21.09375
subject46,116,91.40625,91.40625,0.0
subject46,117,91.40625,112.5,21.09375
subject46,118,91.40625,112.5,21.09375
subject46,119,91.40625,112.5,21.09375
subject46,120,91.40625,112.5,21.09375
subject46,121,91.40625,112.5,21.09375
subject46,122,91.40625,84.375,-7.03125
subject46,123,91.40625,98.4375,7.03125
subject46,124,91.40625,98.4375,7.03125
subject46,125,91.40625,112.5,21.09375
subject46,126,91.40625,98.4375,7.03125
subject46,127,91.40625,112.5,21.09375
subject46,128,91.40625,98.4375,7.03125
subject46,129,91.40625,112.5,21.09375
subject46,130,91.40625,112.5,21.09375
subject46,131,91.40625,98.4375,7.03125
subject46,132,91.40625,112.5,21.09375
subject46,133,91.40625,112.5,21.09375
subject46,134,91.40625,91.40625,0.0
subject46,135,91.40625,112.5,21.09375
subject46,136,91.40625,112.5,21.09375
subject46,137,91.40625,91.40625,0.0
subject46,138,91.40625,112.5,21.09375
subject46,139,91.40625,91.40625,0.0
subject46,140,91.40625,112.5,21.09375
subject46,141,91.40625,112.5,21.09375
subject46,142,91.40625,84.375,-7.03125
subject46,143,91.40625,112.5,21.09375
subject46,144,91.40625,84.375,-7.03125
subject46,145,91.40625,112.5,21.09375
subject46,146,91.40625,91.40625,0.0
subject46,147,91.40625,91.40625,0.0
subject46,148,91.40625,112.5,21.09375
subject46,149,91.40625,112.5,21.09375
subject46,150,91.40625,112.5,21.09375
subject46,151,91.40625,105.46875,14.0625
subject46,152,91.40625,112.5,21.09375
subject46,153,91.40625,105.46875,14.0625
subject46,154,91.40625,91.40625,0.0
subject46,155,91.40625,105.46875,14.0625
subject46,156,91.40625,91.40625,0.0
subject46,157,91.40625,84.375,-7.03125
subject46,158,91.40625,91.40625,0.0
subject46,159,91.40625,98.4375,7.03125
subject46,160,105.46875,91.40625,-14.0625
subject46,161,105.46875,98.4375,-7.03125
subject46,162,98.4375,91.40625,-7.03125
subject46,163,98.4375,98.4375,0.0
subject46,164,98.4375,91.40625,-7.03125
subject46,165,98.4375,105.46875,7.03125
subject46,166,98.4375,91.40625,-7.03125
subject46,167,98.4375,105.46875,7.03125
subject46,168,98.4375,105.46875,7.03125
subject46,169,98.4375,105.46875,7.03125
subject46,170,105.46875,112.5,7.03125
subject46,171,98.4375,105.46875,7.03125
subject46,172,105.46875,105.46875,0.0
subject47,0,105.46875,112.5,7.03125
subject47,1,105.46875,105.46875,0.0
subject47,2,105.46875,112.5,7.03125
subject47,3,105.46875,112.5,7.03125
subject47,4,105.46875,112.5,7.03125
subject47,5,105.46875,84.375,-21.09375
subject47,6,105.46875,112.5,7.03125
subject47,7,105.46875,84.375,-21.09375
subject47,8,105.46875,105.46875,0.0
subject47,9,105.46875,112.5,7.03125
subject47,10,105.46875,105.46875,0.0
subject47,11,105.46875,105.46875,0.0
subject47,12,105.46875,112.5,7.03125
subject47,13,105.46875,112.5,7.03125
subject47,14,105.46875,112.5,7.03125
subject47,15,105.46875,112.5,7.03125
subject47,16,105.46875,105.46875,0.0
subject47,17,105.46875,112.5,7.03125
subject47,18,112.5,112.5,0.0
subject47,19,112.5,98.4375,-14.0625
subject47,20,112.5,112.5,0.0
subject47,21,112.5,112.5,0.0
subject47,22,112.5,112.5,0.0
subject47,23,112.5,112.5,0.0
subject47,24,112.5,91.40625,-21.09375
subject47,25,112.5,77.34375,-35.15625
subject47,26,112.5,98.4375,-14.0625
subject47,27,112.5,112.5,0.0
subject47,28,112.5,84.375,-28.125
subject47,29,112.5,98.4375,-14.0625
subject47,30,112.5,112.5,0.0
subject47,31,112.5,98.4375,-14.0625
subject47,32,112.5,112.5,0.0
subject47,33,112.5,98.4375,-14.0625
subject47,34,112.5,91.40625,-21.09375
subject47,35,112.5,91.40625,-21.09375
subject47,36,112.5,112.5,0.0
subject47,37,112.5,91.40625,-21.09375
subject47,38,112.5,91.40625,-21.09375
subject47,39,112.5,112.5,0.0
subject47,40,112.5,91.40625,-21.09375
subject47,41,112.5,112.5,0.0
subject47,42,112.5,91.40625,-21.09375
subject47,43,112.5,91.40625,-21.09375
subject47,44,112.5,112.5,0.0
subject47,45,112.5,112.5,0.0
subject47,46,112.5,77.34375,-35.15625
subject47,47,112.5,112.5,0.0
subject47,48,112.5,91.40625,-21.09375
subject47,49,112.5,112.5,0.0
subject47,50,112.5,91.40625,-21.09375
subject47,51,112.5,112.5,0.0
subject47,52,112.5,84.375,-28.125
subject47,53,112.5,112.5,0.0
subject47,54,112.5,84.375,-28.125
subject47,55,112.5,112.5,0.0
subject47,56,112.5,112.5,0.0
subject47,57,112.5,84.375,-28.125
subject47,58,112.5,112.5,0.0
subject47,59,112.5,84.375,-28.125
subject47,60,112.5,112.5,0.0
subject47,61,119.53125,112.5,-7.03125
subject47,62,119.53125,84.375,-35.15625
subject47,63,119.53125,112.5,-7.03125
subject47,64,119.53125,112.5,-7.03125
subject47,65,119.53125,112.5,-7.03125
subject47,66,119.53125,112.5,-7.03125
subject47,67,119.53125,91.40625,-28.125
subject47,68,119.53125,112.5,-7.03125
subject47,69,119.53125,112.5,-7.03125
subject47,70,119.53125,112.5,-7.03125
subject47,71,119.53125,112.5,-7.03125
subject47,72,119.53125,77.34375,-42.1875
subject47,73,119.53125,112.5,-7.03125
subject47,74,119.53125,77.34375,-42.1875
subject47,75,119.53125,77.34375,-42.1875
subject47,76,119.53125,112.5,-7.03125
subject47,77,119.53125,112.5,-7.03125
subject47,78,119.53125,112.5,-7.03125
subject47,79,119.53125,112.5,-7.03125
subject47,80,119.53125,112.5,-7.03125
subject47,81,119.53125,84.375,-35.15625
subject47,82,105.46875,112.5,7.03125
subject47,83,119.53125,112.5,-7.03125
subject47,84,119.53125,84.375,-35.15625
subject47,85,119.53125,84.375,-35.15625
subject47,86,119.53125,84.375,-35.15625
subject47,87,119.53125,84.375,-35.15625
subject47,88,119.53125,91.40625,-28.125
subject47,89,119.53125,112.5,-7.03125
subject47,90,119.53125,84.375,-35.15625
subject47,91,119.53125,112.5,-7.03125
subject47,92,119.53125,84.375,-35.15625
subject47,93,119.53125,84.375,-35.15625
subject47,94,119.53125,112.5,-7.03125
subject47,95,119.53125,112.5,-7.03125
subject47,96,119.53125,112.5,-7.03125
subject47,97,119.53125,112.5,-7.03125
subject47,98,105.46875,112.5,7.03125
subject47,99,105.46875,112.5,7.03125
subject47,100,105.46875,91.40625,-14.0625
subject47,101,119.53125,84.375,-35.15625
subject47,102,119.53125,112.5,-7.03125
subject47,103,119.53125,112.5,-7.03125
subject47,104,119.53125,84.375,-35.15625
subject47,105,91.40625,112.5,21.09375
subject47,106,91.40625,84.375,-7.03125
subject47,107,98.4375,112.5,14.0625
subject47,108,98.4375,91.40625,-7.03125
subject47,109,98.4375,112.5,14.0625
subject47,110,91.40625,112.5,21.09375
subject47,111,91.40625,84.375,-7.03125
subject47,112,91.40625,112.5,21.09375
subject47,113,98.4375,77.34375,-21.09375
subject47,114,98.4375,98.4375,0.0
subject47,115,98.4375,112.5,14.0625
subject47,116,98.4375,91.40625,-7.03125
subject47,117,98.4375,98.4375,0.0
subject47,118,98.4375,91.40625,-7.03125
subject47,119,98.4375,105.46875,7.03125
subject47,120,98.4375,98.4375,0.0
subject47,121,98.4375,98.4375,0.0
subject47,122,98.4375,84.375,-14.0625
subject47,123,98.4375,98.4375,0.0
subject47,124,98.4375,98.4375,0.0
subject47,125,98.4375,112.5,14.0625
subject47,126,98.4375,91.40625,-7.03125
subject47,127,98.4375,91.40625,-7.03125
subject47,128,98.4375,112.5,14.0625
subject47,129,98.4375,91.40625,-7.03125
subject47,130,105.46875,91.40625,-14.0625
subject47,131,105.46875,91.40625,-14.0625
subject47,132,105.46875,91.40625,-14.0625
subject47,133,105.46875,91.40625,-14.0625
subject47,134,105.46875,91.40625,-14.0625
subject47,135,105.46875,91.40625,-14.0625
subject47,136,105.46875,91.40625,-14.0625
subject47,137,105.46875,91.40625,-14.0625
subject47,138,105.46875,77.34375,-28.125
subject47,139,105.46875,91.40625,-14.0625
subject47,140,105.46875,105.46875,0.0
subject47,141,105.46875,112.5,7.03125
subject47,142,105.46875,91.40625,-14.0625
subject47,143,105.46875,105.46875,0.0
subject47,144,105.46875,112.5,7.03125
subject47,145,105.46875,112.5,7.03125
subject47,146,105.46875,112.5,7.03125
subject47,147,105.46875,112.5,7.03125
subject47,148,105.46875,112.5,7.03125
subject47,149,105.46875,112.5,7.03125
subject47,150,105.46875,112.5,7.03125
subject47,151,105.46875,112.5,7.03125
subject47,152,105.46875,112.5,7.03125
subject47,153,105.46875,98.4375,-7.03125
subject47,154,105.46875,112.5,7.03125
subject47,155,105.46875,98.4375,-7.03125
subject47,156,105.46875,91.40625,-14.0625
subject47,157,105.46875,98.4375,-7.03125
subject47,158,105.46875,112.5,7.03125
subject47,159,105.46875,91.40625,-14.0625
subject47,160,112.5,84.375,-28.125
subject47,161,112.5,84.375,-28.125
subject47,162,112.5,84.375,-28.125
subject47,163,112.5,84.375,-28.125
subject47,164,112.5,91.40625,-21.09375
subject47,165,112.5,84.375,-28.125
subject47,166,112.5,112.5,0.0
subject47,167,112.5,91.40625,-21.09375
subject47,168,112.5,84.375,-28.125
subject47,169,112.5,84.375,-28.125
subject47,170,112.5,91.40625,-21.09375
subject47,171,112.5,84.375,-28.125
subject47,172,112.5,84.375,-28.125
subject47,173,112.5,112.5,0.0
subject47,174,112.5,77.34375,-35.15625
subject47,175,112.5,84.375,-28.125
subject48,0,91.40625,91.40625,0.0
subject48,1,91.40625,112.5,21.09375
subject48,2,91.40625,91.40625,0.0
subject48,3,91.40625,112.5,21.09375
subject48,4,91.40625,112.5,21.09375
subject48,5,91.40625,91.40625,0.0
subject48,6,91.40625,77.34375,-14.0625
subject48,7,91.40625,112.5,21.09375
subject48,8,91.40625,70.3125,-21.09375
subject48,9,91.40625,112.5,21.09375
subject48,10,91.40625,91.40625,0.0
subject48,11,91.40625,112.5,21.09375
subject48,12,91.40625,112.5,21.09375
subject48,13,91.40625,91.40625,0.0
subject48,14,91.40625,112.5,21.09375
subject48,15,91.40625,112.5,21.09375
subject48,16,91.40625,112.5,21.09375
subject48,17,91.40625,84.375,-7.03125
subject48,18,91.40625,91.40625,0.0
subject48,19,91.40625,112.5,21.09375
subject48,20,91.40625,84.375,-7.03125
subject48,21,91.40625,112.5,21.09375
subject48,22,91.40625,105.46875,14.0625
subject48,23,91.40625,91.40625,0.0
subject48,24,91.40625,91.40625,0.0
subject48,25,91.40625,91.40625,0.0
subject48,26,91.40625,91.40625,0.0
subject48,27,91.40625,84.375,-7.03125
subject48,28,91.40625,112.5,21.09375
subject48,29,91.40625,77.34375,-14.0625
subject48,30,91.40625,84.375,-7.03125
subject48,31,91.40625,84.375,-7.03125
subject48,32,91.40625,84.375,-7.03125
subject48,33,91.40625,84.375,-7.03125
subject48,34,91.40625,91.40625,0.0
subject48,35,91.40625,91.40625,0.0
subject48,36,91.40625,84.375,-7.03125
subject48,37,91.40625,112.5,21.09375
subject48,38,91.40625,84.375,-7.03125
subject48,39,91.40625,112.5,21.09375
subject48,40,91.40625,91.40625,0.0
subject48,41,91.40625,112.5,21.09375
subject48,42,91.40625,77.34375,-14.0625
subject48,43,91.40625,112.5,21.09375
subject48,44,91.40625,112.5,21.09375
subject48,45,91.40625,112.5,21.09375
subject48,46,91.40625,112.5,21.09375
subject48,47,91.40625,91.40625,0.0
subject48,48,91.40625,112.5,21.09375
subject48,49,91.40625,112.5,21.09375
subject48,50,91.40625,98.4375,7.03125
subject48,51,91.40625,112.5,21.09375
subject48,52,91.40625,112.5,21.09375
subject48,53,91.40625,91.40625,0.0
subject48,54,91.40625,98.4375,7.03125
subject48,55,91.40625,112.5,21.09375
subject48,56,91.40625,91.40625,0.0
subject48,57,91.40625,98.4375,7.03125
subject48,58,91.40625,77.34375,-14.0625
subject48,59,91.40625,98.4375,7.03125
subject48,60,91.40625,98.4375,7.03125
subject48,61,91.40625,112.5,21.09375
subject48,62,91.40625,112.5,21.09375
subject48,63,91.40625,98.4375,7.03125
subject48,64,91.40625,91.40625,0.0
subject48,65,91.40625,105.46875,14.0625
subject48,66,91.40625,112.5,21.09375
subject48,67,91.40625,77.34375,-14.0625
subject48,68,91.40625,98.4375,7.03125
subject48,69,91.40625,98.4375,7.03125
subject48,70,91.40625,77.34375,-14.0625
subject48,71,91.40625,98.4375,7.03125
subject48,72,91.40625,112.5,21.09375
subject48,73,91.40625,98.4375,7.03125
subject48,74,91.40625,98.4375,7.03125
subject48,75,91.40625,98.4375,7.03125
subject48,76,91.40625,98.4375,7.03125
subject48,77,91.40625,84.375,-7.03125
subject48,78,91.40625,84.375,-7.03125
subject48,79,91.40625,91.40625,0.0
subject48,80,91.40625,98.4375,7.03125
subject48,81,91.40625,91.40625,0.0
subject48,82,91.40625,91.40625,0.0
subject48,83,91.40625,91.40625,0.0
subject48,84,91.40625,91.40625,0.0
subject48,85,91.40625,98.4375,7.03125
subject48,86,91.40625,91.40625,0.0
subject48,87,91.40625,98.4375,7.03125
subject48,88,91.40625,91.40625,0.0
subject48,89,91.40625,112.5,21.09375
subject48,90,91.40625,98.4375,7.03125
subject48,91,91.40625,112.5,21.09375
subject48,92,91.40625,91.40625,0.0
subject48,93,91.40625,84.375,-7.03125
subject48,94,91.40625,112.5,21.09375
subject48,95,91.40625,91.40625,0.0
subject48,96,91.40625,84.375,-7.03125
subject48,97,91.40625,112.5,21.09375
subject48,98,91.40625,112.5,21.09375
subject48,99,91.40625,77.34375,-14.0625
subject48,100,91.40625,112.5,21.09375
subject48,101,91.40625,112.5,21.09375
subject48,102,91.40625,77.34375,-14.0625
subject48,103,91.40625,112.5,21.09375
subject48,104,91.40625,84.375,-7.03125
subject48,105,91.40625,91.40625,0.0
subject48,106,91.40625,98.4375,7.03125
subject48,107,91.40625,91.40625,0.0
subject48,108,91.40625,77.34375,-14.0625
subject48,109,91.40625,98.4375,7.03125
subject48,110,91.40625,119.53125,28.125
subject48,111,91.40625,84.375,-7.03125
subject48,112,91.40625,84.375,-7.03125
subject48,113,91.40625,112.5,21.09375
subject48,114,91.40625,84.375,-7.03125
subject48,115,91.40625,70.3125,-21.09375
subject48,116,91.40625,112.5,21.09375
subject48,117,91.40625,98.4375,7.03125
subject48,118,91.40625,84.375,-7.03125
subject48,119,91.40625,84.375,-7.03125
subject48,120,91.40625,98.4375,7.03125
subject48,121,91.40625,84.375,-7.03125
subject48,122,91.40625,84.375,-7.03125
subject48,123,91.40625,84.375,-7.03125
subject48,124,91.40625,84.375,-7.03125
subject48,125,91.40625,98.4375,7.03125
subject48,126,91.40625,84.375,-7.03125
subject48,127,91.40625,112.5,21.09375
subject48,128,91.40625,98.4375,7.03125
subject48,129,91.40625,98.4375,7.03125
subject48,130,91.40625,91.40625,0.0
subject48,131,91.40625,98.4375,7.03125
subject48,132,91.40625,105.46875,14.0625
subject48,133,91.40625,91.40625,0.0
subject48,134,91.40625,91.40625,0.0
subject48,135,91.40625,91.40625,0.0
subject48,136,91.40625,105.46875,14.0625
subject48,137,91.40625,105.46875,14.0625
subject48,138,91.40625,84.375,-7.03125
subject48,139,91.40625,84.375,-7.03125
subject48,140,91.40625,105.46875,14.0625
subject48,141,91.40625,77.34375,-14.0625
subject48,142,91.40625,112.5,21.09375
subject48,143,91.40625,98.4375,7.03125
subject48,144,91.40625,112.5,21.09375
subject48,145,91.40625,98.4375,7.03125
subject48,146,91.40625,98.4375,7.03125
subject48,147,91.40625,84.375,-7.03125
subject48,148,91.40625,98.4375,7.03125
subject48,149,91.40625,98.4375,7.03125
subject48,150,91.40625,112.5,21.09375
subject48,151,91.40625,98.4375,7.03125
subject48,152,91.40625,112.5,21.09375
subject48,153,91.40625,98.4375,7.03125
subject48,154,91.40625,112.5,21.09375
subject48,155,91.40625,105.46875,14.0625
subject48,156,91.40625,91.40625,0.0
subject48,157,91.40625,91.40625,0.0
subject48,158,91.40625,91.40625,0.0
subject48,159,91.40625,91.40625,0.0
subject48,160,91.40625,91.40625,0.0
subject48,161,91.40625,91.40625,0.0
subject48,162,91.40625,91.40625,0.0
subject48,163,91.40625,91.40625,0.0
subject48,164,91.40625,91.40625,0.0
subject48,165,91.40625,91.40625,0.0
subject48,166,91.40625,91.40625,0.0
subject48,167,91.40625,91.40625,0.0
subject48,168,91.40625,112.5,21.09375
subject5,0,98.4375,105.46875,7.03125
subject5,1,98.4375,91.40625,-7.03125
subject5,2,98.4375,98.4375,0.0
subject5,3,98.4375,105.46875,7.03125
subject5,4,98.4375,91.40625,-7.03125
subject5,5,98.4375,91.40625,-7.03125
subject5,6,98.4375,112.5,14.0625
subject5,7,98.4375,98.4375,0.0
subject5,8,98.4375,77.34375,-21.09375
subject5,9,98.4375,98.4375,0.0
subject5,10,98.4375,98.4375,0.0
subject5,11,98.4375,77.34375,-21.09375
subject5,12,98.4375,98.4375,0.0
subject5,13,98.4375,77.34375,-21.09375
subject5,14,98.4375,112.5,14.0625
subject5,15,98.4375,98.4375,0.0
subject5,16,98.4375,112.5,14.0625
subject5,17,98.4375,112.5,14.0625
subject5,18,98.4375,112.5,14.0625
subject5,19,98.4375,77.34375,-21.09375
subject5,20,98.4375,112.5,14.0625
subject5,21,98.4375,77.34375,-21.09375
subject5,22,98.4375,112.5,14.0625
subject5,23,98.4375,77.34375,-21.09375
subject5,24,98.4375,77.34375,-21.09375
subject5,25,98.4375,77.34375,-21.09375
subject5,26,98.4375,77.34375,-21.09375
subject5,27,98.4375,77.34375,-21.09375
subject5,28,98.4375,77.34375,-21.09375
subject5,29,98.4375,84.375,-14.0625
subject5,30,98.4375,98.4375,0.0
subject5,31,98.4375,84.375,-14.0625
subject5,32,98.4375,84.375,-14.0625
subject5,33,98.4375,84.375,-14.0625
subject5,34,98.4375,84.375,-14.0625
subject5,35,98.4375,112.5,14.0625
subject5,36,98.4375,84.375,-14.0625
subject5,37,98.4375,91.40625,-7.03125
subject5,38,98.4375,91.40625,-7.03125
subject5,39,98.4375,91.40625,-7.03125
subject5,40,98.4375,91.40625,-7.03125
subject5,41,98.4375,91.40625,-7.03125
subject5,42,98.4375,91.40625,-7.03125
subject5,43,98.4375,91.40625,-7.03125
subject5,44,98.4375,91.40625,-7.03125
subject5,45,98.4375,91.40625,-7.03125
subject5,46,98.4375,91.40625,-7.03125
subject5,47,98.4375,91.40625,-7.03125
subject5,48,98.4375,91.40625,-7.03125
subject5,49,98.4375,98.4375,0.0
subject5,50,98.4375,91.40625,-7.03125
subject5,51,98.4375,91.40625,-7.03125
subject5,52,98.4375,98.4375,0.0
subject5,53,98.4375,105.46875,7.03125
subject5,54,98.4375,91.40625,-7.03125
subject5,55,98.4375,112.5,14.0625
subject5,56,98.4375,98.4375,0.0
subject5,57,98.4375,91.40625,-7.03125
subject5,58,98.4375,112.5,14.0625
subject5,59,98.4375,98.4375,0.0
subject5,60,98.4375,91.40625,-7.03125
subject5,61,98.4375,98.4375,0.0
subject5,62,98.4375,91.40625,-7.03125
subject5,63,98.4375,112.5,14.0625
subject5,64,98.4375,112.5,14.0625
subject5,65,98.4375,91.40625,-7.03125
subject5,66,98.4375,84.375,-14.0625
subject5,67,98.4375,91.40625,-7.03125
subject5,68,98.4375,84.375,-14.0625
subject5,69,98.4375,112.5,14.0625
subject5,70,98.4375,112.5,14.0625
subject5,71,105.46875,112.5,7.03125
subject5,72,105.46875,112.5,7.03125
subject5,73,105.46875,112.5,7.03125
subject5,74,105.46875,112.5,7.03125
subject5,75,105.46875,98.4375,-7.03125
subject5,76,105.46875,91.40625,-14.0625
subject5,77,105.46875,112.5,7.03125
subject5,78,105.46875,112.5,7.03125
subject5,79,105.46875,84.375,-21.09375
subject5,80,105.46875,98.4375,-7.03125
subject5,81,98.4375,91.40625,-7.03125
subject5,82,98.4375,91.40625,-7.03125
subject5,83,98.4375,98.4375,0.0
subject5,84,105.46875,91.40625,-14.0625
subject5,85,105.46875,77.34375,-28.125
subject5,86,105.46875,112.5,7.03125
subject5,87,105.46875,91.40625,-14.0625
subject5,88,98.4375,112.5,14.0625
subject5,89,98.4375,91.40625,-7.03125
subject5,90,98.4375,91.40625,-7.03125
subject5,91,98.4375,112.5,14.0625
subject5,92,98.4375,91.40625,-7.03125
subject5,93,98.4375,84.375,-14.0625
subject5,94,98.4375,91.40625,-7.03125
subject5,95,98.4375,91.40625,-7.03125
subject5,96,98.4375,84.375,-14.0625
subject5,97,98.4375,91.40625,-7.03125
subject5,98,98.4375,84.375,-14.0625
subject5,99,98.4375,98.4375,0.0
subject5,100,98.4375,91.40625,-7.03125
subject5,101,98.4375,112.5,14.0625
subject5,102,98.4375,91.40625,-7.03125
subject5,103,98.4375,112.5,14.0625
subject5,104,98.4375,98.4375,0.0
subject5,105,98.4375,91.40625,-7.03125
subject5,106,98.4375,112.5,14.0625
subject5,107,98.4375,84.375,-14.0625
subject5,108,98.4375,84.375,-14.0625
subject5,109,98.4375,112.5,14.0625
subject5,110,98.4375,84.375,-14.0625
subject5,111,98.4375,112.5,14.0625
subject5,112,98.4375,98.4375,0.0
subject5,113,91.40625,98.4375,7.03125
subject5,114,91.40625,98.4375,7.03125
subject5,115,91.40625,112.5,21.09375
subject5,116,91.40625,98.4375,7.03125
subject5,117,91.40625,91.40625,0.0
subject5,118,91.40625,91.40625,0.0
subject5,119,91.40625,98.4375,7.03125
subject5,120,91.40625,91.40625,0.0
subject5,121,91.40625,91.40625,0.0
subject5,122,91.40625,98.4375,7.03125
subject5,123,91.40625,91.40625,0.0
subject5,124,91.40625,112.5,21.09375
subject5,125,91.40625,112.5,21.09375
subject5,126,98.4375,91.40625,-7.03125
subject5,127,98.4375,98.4375,0.0
subject5,128,98.4375,91.40625,-7.03125
subject8,0,105.46875,98.4375,-7.03125
subject8,1,105.46875,112.5,7.03125
subject8,2,105.46875,98.4375,-7.03125
subject8,3,105.46875,98.4375,-7.03125
subject8,4,105.46875,112.5,7.03125
subject8,5,105.46875,98.4375,-7.03125
subject8,6,105.46875,112.5,7.03125
subject8,7,112.5,112.5,0.0
subject8,8,112.5,91.40625,-21.09375
subject8,9,112.5,112.5,0.0
subject8,10,112.5,91.40625,-21.09375
subject8,11,112.5,112.5,0.0
subject8,12,112.5,84.375,-28.125
subject8,13,112.5,112.5,0.0
subject8,14,112.5,112.5,0.0
subject8,15,112.5,91.40625,-21.09375
subject8,16,112.5,112.5,0.0
subject8,17,112.5,112.5,0.0
subject8,18,112.5,98.4375,-14.0625
subject8,19,112.5,112.5,0.0
subject8,20,112.5,112.5,0.0
subject8,21,112.5,112.5,0.0
subject8,22,112.5,112.5,0.0
subject8,23,119.53125,112.5,-7.03125
subject8,24,119.53125,112.5,-7.03125
subject8,25,119.53125,91.40625,-28.125
subject8,26,119.53125,112.5,-7.03125
subject8,27,119.53125,112.5,-7.03125
subject8,28,119.53125,112.5,-7.03125
subject8,29,119.53125,98.4375,-21.09375
subject8,30,119.53125,112.5,-7.03125
subject8,31,119.53125,98.4375,-21.09375
subject8,32,119.53125,112.5,-7.03125
subject8,33,119.53125,112.5,-7.03125
subject8,34,119.53125,91.40625,-28.125
subject8,35,119.53125,98.4375,-21.09375
subject8,36,112.5,91.40625,-21.09375
subject8,37,112.5,84.375,-28.125
subject8,38,112.5,112.5,0.0
subject8,39,112.5,112.5,0.0
subject8,40,112.5,112.5,0.0
subject8,41,112.5,77.34375,-35.15625
subject8,42,112.5,112.5,0.0
subject8,43,112.5,98.4375,-14.0625
subject8,44,112.5,112.5,0.0
subject8,45,112.5,112.5,0.0
subject8,46,112.5,112.5,0.0
subject8,47,112.5,112.5,0.0
subject8,48,112.5,98.4375,-14.0625
subject8,49,112.5,112.5,0.0
subject8,50,112.5,112.5,0.0
subject8,51,112.5,91.40625,-21.09375
subject8,52,112.5,119.53125,7.03125
subject8,53,112.5,119.53125,7.03125
subject8,54,112.5,119.53125,7.03125
subject8,55,112.5,112.5,0.0
subject8,56,112.5,112.5,0.0
subject8,57,112.5,119.53125,7.03125
subject8,58,112.5,112.5,0.0
subject8,59,112.5,112.5,0.0
subject8,60,112.5,112.5,0.0
subject8,61,112.5,112.5,0.0
subject8,62,112.5,91.40625,-21.09375
subject8,63,112.5,112.5,0.0
subject8,64,112.5,112.5,0.0
subject8,65,112.5,112.5,0.0
subject8,66,112.5,112.5,0.0
subject8,67,112.5,84.375,-28.125
subject8,68,112.5,84.375,-28.125
subject8,69,119.53125,112.5,-7.03125
subject8,70,119.53125,84.375,-35.15625
subject8,71,119.53125,84.375,-35.15625
subject8,72,119.53125,84.375,-35.15625
subject8,73,119.53125,84.375,-35.15625
subject8,74,119.53125,105.46875,-14.0625
subject8,75,119.53125,112.5,-7.03125
subject8,76,119.53125,112.5,-7.03125
subject8,77,105.46875,112.5,7.03125
subject8,78,105.46875,112.5,7.03125
subject8,79,105.46875,112.5,7.03125
subject8,80,105.46875,77.34375,-28.125
subject8,81,105.46875,91.40625,-14.0625
subject8,82,105.46875,91.40625,-14.0625
subject8,83,105.46875,91.40625,-14.0625
subject8,84,105.46875,91.40625,-14.0625
subject8,85,112.5,91.40625,-21.09375
subject8,86,112.5,112.5,0.0
subject8,87,112.5,91.40625,-21.09375
subject8,88,112.5,112.5,0.0
subject8,89,112.5,91.40625,-21.09375
subject8,90,112.5,112.5,0.0
subject8,91,112.5,91.40625,-21.09375
subject8,92,112.5,112.5,0.0
subject8,93,112.5,98.4375,-14.0625
subject8,94,112.5,112.5,0.0
subject8,95,112.5,112.5,0.0
subject8,96,112.5,98.4375,-14.0625
subject8,97,112.5,112.5,0.0
subject8,98,112.5,98.4375,-14.0625
subject8,99,112.5,112.5,0.0
subject8,100,112.5,112.5,0.0
subject8,101,112.5,84.375,-28.125
subject8,102,112.5,112.5,0.0
subject8,103,112.5,112.5,0.0
subject8,104,112.5,112.5,0.0
subject8,105,112.5,112.5,0.0
subject8,106,112.5,112.5,0.0
subject8,107,112.5,112.5,0.0
subject8,108,112.5,91.40625,-21.09375
subject8,109,112.5,112.5,0.0
subject8,110,112.5,84.375,-28.125
subject8,111,112.5,112.5,0.0
subject8,112,112.5,112.5,0.0
subject8,113,112.5,112.5,0.0
subject8,114,112.5,112.5,0.0
subject8,115,112.5,112.5,0.0
subject8,116,112.5,112.5,0.0
subject8,117,112.5,112.5,0.0
subject8,118,112.5,112.5,0.0
subject8,119,112.5,112.5,0.0
subject8,120,112.5,98.4375,-14.0625
subject8,121,112.5,112.5,0.0
subject8,122,112.5,112.5,0.0
subject8,123,112.5,112.5,0.0
subject8,124,112.5,105.46875,-7.03125
subject8,125,112.5,112.5,0.0
subject8,126,112.5,105.46875,-7.03125
subject8,127,112.5,91.40625,-21.09375
subject8,128,112.5,84.375,-28.125
subject8,129,112.5,119.53125,7.03125
subject8,130,112.5,105.46875,-7.03125
subject8,131,112.5,84.375,-28.125
subject8,132,112.5,91.40625,-21.09375
subject8,133,112.5,84.375,-28.125
subject8,134,112.5,77.34375,-35.15625
subject8,135,112.5,84.375,-28.125
subject8,136,112.5,84.375,-28.125
subject8,137,112.5,77.34375,-35.15625
subject8,138,112.5,84.375,-28.125
subject8,139,112.5,77.34375,-35.15625
subject8,140,112.5,77.34375,-35.15625
subject8,141,112.5,77.34375,-35.15625
subject8,142,112.5,105.46875,-7.03125
subject8,143,112.5,77.34375,-35.15625
subject8,144,112.5,105.46875,-7.03125
subject8,145,112.5,77.34375,-35.15625
subject8,146,112.5,112.5,0.0
subject8,147,112.5,105.46875,-7.03125
subject8,148,112.5,98.4375,-14.0625
subject8,149,112.5,105.46875,-7.03125
subject8,150,112.5,98.4375,-14.0625
subject8,151,112.5,91.40625,-21.09375
subject8,152,112.5,91.40625,-21.09375
subject8,153,112.5,84.375,-28.125
subject8,154,112.5,91.40625,-21.09375
subject8,155,112.5,91.40625,-21.09375
subject8,156,112.5,84.375,-28.125
subject8,157,112.5,105.46875,-7.03125
subject8,158,112.5,84.375,-28.125
subject8,159,112.5,91.40625,-21.09375
subject8,160,112.5,98.4375,-14.0625
subject8,161,112.5,91.40625,-21.09375
subject8,162,112.5,98.4375,-14.0625
subject8,163,112.5,91.40625,-21.09375
subject8,164,112.5,91.40625,-21.09375
subject8,165,112.5,98.4375,-14.0625
subject8,166,112.5,91.40625,-21.09375
subject8,167,112.5,91.40625,-21.09375
subject8,168,112.5,77.34375,-35.15625
subject8,169,112.5,112.5,0.0
subject8,170,112.5,84.375,-28.125
subject8,171,112.5,112.5,0.0
subject8,172,112.5,84.375,-28.125
subject8,173,112.5,112.5,0.0
subject8,174,112.5,84.375,-28.125
subject8,175,112.5,105.46875,-7.03125
subject9,0,98.4375,77.34375,-21.09375
subject9,1,98.4375,77.34375,-21.09375
subject9,2,98.4375,112.5,14.0625
subject9,3,98.4375,77.34375,-21.09375
subject9,4,98.4375,112.5,14.0625
subject9,5,98.4375,91.40625,-7.03125
subject9,6,98.4375,105.46875,7.03125
subject9,7,98.4375,112.5,14.0625
subject9,8,98.4375,112.5,14.0625
subject9,9,98.4375,84.375,-14.0625
subject9,10,98.4375,91.40625,-7.03125
subject9,11,98.4375,105.46875,7.03125
subject9,12,98.4375,112.5,14.0625
subject9,13,98.4375,112.5,14.0625
subject9,14,98.4375,112.5,14.0625
subject9,15,98.4375,112.5,14.0625
subject9,16,98.4375,112.5,14.0625
subject9,17,105.46875,112.5,7.03125
subject9,18,105.46875,112.5,7.03125
subject9,19,105.46875,98.4375,-7.03125
subject9,20,105.46875,112.5,7.03125
subject9,21,105.46875,112.5,7.03125
subject9,22,105.46875,112.5,7.03125
subject9,23,105.46875,91.40625,-14.0625
subject9,24,105.46875,91.40625,-14.0625
subject9,25,105.46875,112.5,7.03125
subject9,26,105.46875,112.5,7.03125
subject9,27,112.5,91.40625,-21.09375
subject9,28,112.5,91.40625,-21.09375
subject9,29,112.5,84.375,-28.125
subject9,30,112.5,84.375,-28.125
subject9,31,112.5,91.40625,-21.09375
subject9,32,112.5,112.5,0.0
subject9,33,112.5,84.375,-28.125
subject9,34,112.5,112.5,0.0
subject9,35,112.5,98.4375,-14.0625
subject9,36,112.5,112.5,0.0
subject9,37,112.5,112.5,0.0
subject9,38,119.53125,112.5,-7.03125
subject9,39,119.53125,112.5,-7.03125
subject9,40,119.53125,98.4375,-21.09375
subject9,41,119.53125,98.4375,-21.09375
subject9,42,119.53125,112.5,-7.03125
subject9,43,119.53125,98.4375,-21.09375
subject9,44,119.53125,84.375,-35.15625
subject9,45,119.53125,98.4375,-21.09375
subject9,46,119.53125,105.46875,-14.0625
subject9,47,119.53125,112.5,-7.03125
subject9,48,119.53125,91.40625,-28.125
subject9,49,119.53125,84.375,-35.15625
subject9,50,119.53125,112.5,-7.03125
subject9,51,119.53125,98.4375,-21.09375
subject9,52,119.53125,112.5,-7.03125
subject9,53,119.53125,112.5,-7.03125
subject9,54,119.53125,91.40625,-28.125
subject9,55,119.53125,112.5,-7.03125
subject9,56,119.53125,112.5,-7.03125
subject9,57,119.53125,112.5,-7.03125
subject9,58,119.53125,105.46875,-14.0625
subject9,59,119.53125,112.5,-7.03125
subject9,60,119.53125,112.5,-7.03125
subject9,61,112.5,112.5,0.0
subject9,62,112.5,112.5,0.0
subject9,63,112.5,112.5,0.0
subject9,64,112.5,112.5,0.0
subject9,65,112.5,112.5,0.0
subject9,66,112.5,91.40625,-21.09375
subject9,67,112.5,112.5,0.0
subject9,68,112.5,112.5,0.0
subject9,69,112.5,112.5,0.0
subject9,70,112.5,112.5,0.0
subject9,71,112.5,91.40625,-21.09375
subject9,72,112.5,112.5,0.0
subject9,73,112.5,77.34375,-35.15625
subject9,74,112.5,112.5,0.0
subject9,75,112.5,112.5,0.0
subject9,76,112.5,112.5,0.0
subject9,77,112.5,112.5,0.0
subject9,78,112.5,112.5,0.0
subject9,79,112.5,91.40625,-21.09375
subject9,80,112.5,112.5,0.0
subject9,81,112.5,112.5,0.0
subject9,82,112.5,112.5,0.0
subject9,83,112.5,112.5,0.0
subject9,84,112.5,112.5,0.0
subject9,85,112.5,91.40625,-21.09375
subject9,86,112.5,112.5,0.0
subject9,87,112.5,91.40625,-21.09375
subject9,88,112.5,112.5,0.0
subject9,89,112.5,112.5,0.0
subject9,90,112.5,98.4375,-14.0625
subject9,91,112.5,84.375,-28.125
subject9,92,112.5,98.4375,-14.0625
subject9,93,112.5,98.4375,-14.0625
subject9,94,112.5,112.5,0.0
subject9,95,112.5,98.4375,-14.0625
subject9,96,112.5,112.5,0.0
subject9,97,112.5,98.4375,-14.0625
subject9,98,112.5,98.4375,-14.0625
subject9,99,112.5,112.5,0.0
subject9,100,112.5,98.4375,-14.0625
subject9,101,112.5,84.375,-28.125
subject9,102,112.5,105.46875,-7.03125
subject9,103,112.5,84.375,-28.125
subject9,104,112.5,112.5,0.0
subject9,105,112.5,84.375,-28.125
subject9,106,112.5,105.46875,-7.03125
subject9,107,112.5,112.5,0.0
subject9,108,112.5,105.46875,-7.03125
subject9,109,112.5,112.5,0.0
subject9,110,105.46875,105.46875,0.0
subject9,111,105.46875,105.46875,0.0
subject9,112,105.46875,112.5,7.03125
subject9,113,105.46875,105.46875,0.0
subject9,114,105.46875,112.5,7.03125
subject9,115,105.46875,112.5,7.03125
subject9,116,105.46875,112.5,7.03125
subject9,117,105.46875,98.4375,-7.03125
subject9,118,105.46875,112.5,7.03125
subject9,119,105.46875,112.5,7.03125
subject9,120,105.46875,98.4375,-7.03125
subject9,121,105.46875,112.5,7.03125
subject9,122,105.46875,91.40625,-14.0625
subject9,123,105.46875,112.5,7.03125
subject9,124,105.46875,112.5,7.03125
subject9,125,105.46875,98.4375,-7.03125
subject9,126,105.46875,112.5,7.03125
subject9,127,105.46875,91.40625,-14.0625
subject9,128,105.46875,98.4375,-7.03125
subject9,129,105.46875,91.40625,-14.0625
subject9,130,105.46875,98.4375,-7.03125
subject9,131,105.46875,112.5,7.03125
subject9,132,105.46875,91.40625,-14.0625
subject9,133,105.46875,84.375,-21.09375
subject9,134,105.46875,112.5,7.03125
subject9,135,105.46875,91.40625,-14.0625
subject9,136,105.46875,112.5,7.03125
subject9,137,105.46875,91.40625,-14.0625
subject9,138,105.46875,91.40625,-14.0625
subject9,139,105.46875,91.40625,-14.0625
subject9,140,105.46875,91.40625,-14.0625
subject9,141,105.46875,112.5,7.03125
subject9,142,105.46875,91.40625,-14.0625
subject9,143,105.46875,98.4375,-7.03125
subject9,144,105.46875,98.4375,-7.03125
subject9,145,105.46875,112.5,7.03125
subject9,146,105.46875,105.46875,0.0
subject9,147,105.46875,98.4375,-7.03125
subject9,148,105.46875,112.5,7.03125
subject9,149,105.46875,112.5,7.03125
subject9,150,105.46875,112.5,7.03125
subject9,151,105.46875,112.5,7.03125
subject9,152,105.46875,112.5,7.03125
subject9,153,105.46875,112.5,7.03125
subject9,154,105.46875,112.5,7.03125
subject9,155,105.46875,112.5,7.03125
subject9,156,105.46875,112.5,7.03125
subject9,157,105.46875,112.5,7.03125
subject9,158,105.46875,112.5,7.03125
subject9,159,105.46875,112.5,7.03125
subject9,160,105.46875,112.5,7.03125
subject9,161,105.46875,105.46875,0.0
subject9,162,105.46875,105.46875,0.0
subject9,163,105.46875,105.46875,0.0
subject9,164,105.46875,105.46875,0.0
subject9,165,105.46875,112.5,7.03125
subject9,166,105.46875,105.46875,0.0
subject9,167,105.46875,112.5,7.03125
subject9,168,105.46875,112.5,7.03125
subject9,169,105.46875,112.5,7.03125
subject9,170,105.46875,112.5,7.03125
subject9,171,105.46875,112.5,7.03125
subject9,172,105.46875,112.5,7.03125
subject9,173,105.46875,112.5,7.03125
subject9,174,105.46875,112.5,7.03125
