subject_id,segment_idx,hr_gt_bpm,hr_pr_bpm,err_bpm
Sub_01lux 10.0,0,77.34375,84.375,7.03125
Sub_01lux 10.0,1,70.3125,91.40625,21.09375
Sub_01lux 10.0,2,70.3125,84.375,14.0625
Sub_01lux 10.0,3,70.3125,91.40625,21.09375
Sub_01lux 10.0,4,70.3125,91.40625,21.09375
Sub_01lux 10.0,5,70.3125,91.40625,21.09375
Sub_01lux 10.0,6,77.34375,91.40625,14.0625
Sub_01lux 10.0,7,77.34375,84.375,7.03125
Sub_01lux 10.0,8,77.34375,84.375,7.03125
Sub_01lux 10.0,9,77.34375,84.375,7.03125
Sub_01lux 10.0,10,77.34375,84.375,7.03125
Sub_01lux 10.0,11,77.34375,84.375,7.03125
Sub_01lux 10.0,12,77.34375,84.375,7.03125
Sub_01lux 10.0,13,77.34375,84.375,7.03125
Sub_01lux 10.0,14,77.34375,84.375,7.03125
Sub_01lux 10.0,15,77.34375,98.4375,21.09375
Sub_01lux 10.0,16,84.375,84.375,0.0
Sub_01lux 10.0,17,84.375,98.4375,14.0625
Sub_01lux 10.0,18,84.375,98.4375,14.0625
Sub_01lux 10.0,19,84.375,84.375,0.0
Sub_01lux 10.0,20,84.375,91.40625,7.03125
Sub_01lux 10.0,21,84.375,84.375,0.0
Sub_01lux 10.0,22,84.375,84.375,0.0
Sub_01lux 10.0,23,91.40625,91.40625,0.0
Sub_01lux 10.0,24,91.40625,84.375,-7.03125
Sub_01lux 10.0,25,91.40625,91.40625,0.0
Sub_01lux 10.0,26,91.40625,91.40625,0.0
Sub_01lux 10.0,27,84.375,84.375,0.0
Sub_01lux 10.0,28,84.375,91.40625,7.03125
Sub_01lux 10.0,29,91.40625,91.40625,0.0
Sub_01lux 10.0,30,91.40625,91.40625,0.0
Sub_01lux 10.0,31,91.40625,84.375,-7.03125
Sub_01lux 10.0,32,91.40625,91.40625,0.0
Sub_01lux 10.0,33,91.40625,84.375,-7.03125
Sub_01lux 10.0,34,91.40625,84.375,-7.03125
Sub_01lux 10.0,35,70.3125,84.375,14.0625
Sub_01lux 10.0,36,70.3125,84.375,14.0625
Sub_01lux 10.0,37,70.3125,84.375,14.0625
Sub_01lux 10.0,38,70.3125,84.375,14.0625
Sub_01lux 10.0,39,70.3125,70.3125,0.0
Sub_01lux 10.0,40,70.3125,98.4375,28.125
Sub_01lux 10.0,41,70.3125,70.3125,0.0
Sub_01lux 10.0,42,70.3125,70.3125,0.0
Sub_01lux 10.0,43,70.3125,77.34375,7.03125
Sub_01lux 10.0,44,70.3125,70.3125,0.0
Sub_01lux 10.0,45,70.3125,70.3125,0.0
Sub_01lux 10.0,46,70.3125,70.3125,0.0
Sub_01lux 10.0,47,70.3125,70.3125,0.0
Sub_01lux 10.0,48,70.3125,70.3125,0.0
Sub_01lux 10.0,49,70.3125,70.3125,0.0
Sub_01lux 10.0,50,70.3125,70.3125,0.0
Sub_01lux 10.0,51,70.3125,70.3125,0.0
Sub_01lux 10.0,52,70.3125,70.3125,0.0
Sub_01lux 10.0,53,70.3125,70.3125,0.0
Sub_01lux 10.0,54,70.3125,70.3125,0.0
Sub_01lux 10.0,55,70.3125,70.3125,0.0
Sub_01lux 10.0,56,70.3125,70.3125,0.0
Sub_01lux 10.0,57,70.3125,91.40625,21.09375
Sub_01lux 10.0,58,70.3125,70.3125,0.0
Sub_01lux 10.0,59,77.34375,63.28125,-14.0625
Sub_01lux 10.0,60,77.34375,70.3125,-7.03125
Sub_01lux 10.0,61,77.34375,63.28125,-14.0625
Sub_01lux 10.0,62,77.34375,77.34375,0.0
Sub_01lux 10.0,63,77.34375,70.3125,-7.03125
Sub_01lux 10.0,64,77.34375,84.375,7.03125
Sub_01lux 10.0,65,84.375,77.34375,-7.03125
Sub_01lux 10.0,66,84.375,98.4375,14.0625
Sub_01lux 10.0,67,84.375,84.375,0.0
Sub_01lux 10.0,68,84.375,84.375,0.0
Sub_01lux 10.0,69,84.375,84.375,0.0
Sub_01lux 10.0,70,84.375,84.375,0.0
Sub_01lux 10.0,71,84.375,98.4375,14.0625
Sub_01lux 10.0,72,84.375,84.375,0.0
Sub_01lux 10.0,73,84.375,98.4375,14.0625
Sub_01lux 10.0,74,84.375,84.375,0.0
Sub_01lux 10.0,75,84.375,84.375,0.0
Sub_01lux 10.0,76,84.375,98.4375,14.0625
Sub_01lux 10.0,77,84.375,84.375,0.0
Sub_01lux 10.0,78,84.375,98.4375,14.0625
Sub_01lux 10.0,79,84.375,84.375,0.0
Sub_01lux 10.0,80,84.375,84.375,0.0
Sub_01lux 10.0,81,84.375,84.375,0.0
Sub_01lux 10.0,82,84.375,84.375,0.0
Sub_01lux 10.0,83,84.375,84.375,0.0
Sub_01lux 10.0,84,84.375,84.375,0.0
Sub_01lux 10.0,85,84.375,77.34375,-7.03125
Sub_01lux 10.0,86,84.375,77.34375,-7.03125
Sub_01lux 10.0,87,84.375,77.34375,-7.03125
Sub_01lux 10.0,88,77.34375,77.34375,0.0
Sub_01lux 10.0,89,77.34375,77.34375,0.0
Sub_01lux 10.0,90,77.34375,77.34375,0.0
Sub_01lux 10.0,91,77.34375,77.34375,0.0
Sub_01lux 10.0,92,77.34375,77.34375,0.0
Sub_01lux 10.0,93,77.34375,77.34375,0.0
Sub_01lux 10.0,94,77.34375,77.34375,0.0
Sub_01lux 10.0,95,77.34375,77.34375,0.0
Sub_01lux 10.0,96,77.34375,77.34375,0.0
Sub_01lux 10.0,97,77.34375,77.34375,0.0
Sub_01lux 10.0,98,77.34375,77.34375,0.0
Sub_01lux 10.0,99,77.34375,77.34375,0.0
Sub_01lux 10.0,100,77.34375,77.34375,0.0
Sub_01lux 10.0,101,77.34375,77.34375,0.0
Sub_01lux 10.0,102,77.34375,77.34375,0.0
Sub_01lux 10.0,103,77.34375,77.34375,0.0
Sub_01lux 10.0,104,77.34375,77.34375,0.0
Sub_01lux 10.0,105,77.34375,77.34375,0.0
Sub_01lux 10.0,106,77.34375,77.34375,0.0
Sub_01lux 10.0,107,84.375,77.34375,-7.03125
Sub_01lux 10.0,108,84.375,77.34375,-7.03125
Sub_01lux 10.0,109,84.375,77.34375,-7.03125
Sub_01lux 10.0,110,84.375,77.34375,-7.03125
Sub_01lux 10.0,111,84.375,77.34375,-7.03125
Sub_01lux 10.0,112,84.375,77.34375,-7.03125
Sub_01lux 10.0,113,84.375,84.375,0.0
Sub_01lux 10.0,114,84.375,84.375,0.0
Sub_01lux 10.0,115,84.375,91.40625,7.03125
Sub_01lux 10.0,116,84.375,91.40625,7.03125
Sub_01lux 10.0,117,84.375,91.40625,7.03125
Sub_01lux 10.0,118,84.375,84.375,0.0
Sub_01lux 10.0,119,84.375,63.28125,-21.09375
Sub_01lux 10.0,120,84.375,91.40625,7.03125
Sub_01lux 10.0,121,84.375,84.375,0.0
Sub_01lux 10.0,122,84.375,84.375,0.0
Sub_01lux 10.0,123,84.375,84.375,0.0
Sub_01lux 10.0,124,84.375,84.375,0.0
Sub_01lux 10.0,125,84.375,84.375,0.0
Sub_01lux 10.0,126,84.375,84.375,0.0
Sub_01lux 10.0,127,84.375,77.34375,-7.03125
Sub_01lux 10.0,128,84.375,98.4375,14.0625
Sub_01lux 10.0,129,77.34375,84.375,7.03125
Sub_01lux 10.0,130,77.34375,84.375,7.03125
Sub_01lux 10.0,131,77.34375,70.3125,-7.03125
Sub_01lux 10.0,132,77.34375,77.34375,0.0
Sub_01lux 10.0,133,77.34375,98.4375,21.09375
Sub_01lux 10.0,134,77.34375,98.4375,21.09375
Sub_01lux 10.0,135,77.34375,98.4375,21.09375
Sub_01lux 10.0,136,77.34375,77.34375,0.0
Sub_01lux 10.0,137,77.34375,77.34375,0.0
Sub_01lux 10.0,138,77.34375,91.40625,14.0625
Sub_01lux 10.0,139,77.34375,98.4375,21.09375
Sub_01lux 10.0,140,77.34375,91.40625,14.0625
Sub_01lux 10.0,141,77.34375,91.40625,14.0625
Sub_01lux 10.0,142,77.34375,91.40625,14.0625
Sub_01lux 10.0,143,77.34375,91.40625,14.0625
Sub_01lux 10.0,144,77.34375,70.3125,-7.03125
Sub_01lux 10.0,145,77.34375,91.40625,14.0625
Sub_01lux 10.0,146,77.34375,98.4375,21.09375
Sub_01lux 10.0,147,77.34375,84.375,7.03125
Sub_01lux 10.0,148,77.34375,98.4375,21.09375
Sub_01lux 10.0,149,77.34375,84.375,7.03125
Sub_01lux 10.0,150,77.34375,77.34375,0.0
Sub_01lux 10.0,151,77.34375,84.375,7.03125
Sub_01lux 10.0,152,84.375,77.34375,-7.03125
Sub_01lux 10.0,153,84.375,77.34375,-7.03125
Sub_01lux 100.0,0,84.375,77.34375,-7.03125
Sub_01lux 100.0,1,77.34375,77.34375,0.0
Sub_01lux 100.0,2,77.34375,77.34375,0.0
Sub_01lux 100.0,3,77.34375,77.34375,0.0
Sub_01lux 100.0,4,77.34375,77.34375,0.0
Sub_01lux 100.0,5,77.34375,77.34375,0.0
Sub_01lux 100.0,6,77.34375,77.34375,0.0
Sub_01lux 100.0,7,77.34375,77.34375,0.0
Sub_01lux 100.0,8,77.34375,70.3125,-7.03125
Sub_01lux 100.0,9,77.34375,70.3125,-7.03125
Sub_01lux 100.0,10,77.34375,70.3125,-7.03125
Sub_01lux 100.0,11,77.34375,70.3125,-7.03125
Sub_01lux 100.0,12,77.34375,77.34375,0.0
Sub_01lux 100.0,13,77.34375,77.34375,0.0
Sub_01lux 100.0,14,77.34375,70.3125,-7.03125
Sub_01lux 100.0,15,77.34375,77.34375,0.0
Sub_01lux 100.0,16,77.34375,70.3125,-7.03125
Sub_01lux 100.0,17,77.34375,77.34375,0.0
Sub_01lux 100.0,18,77.34375,77.34375,0.0
Sub_01lux 100.0,19,77.34375,77.34375,0.0
Sub_01lux 100.0,20,77.34375,77.34375,0.0
Sub_01lux 100.0,21,77.34375,77.34375,0.0
Sub_01lux 100.0,22,77.34375,77.34375,0.0
Sub_01lux 100.0,23,77.34375,77.34375,0.0
Sub_01lux 100.0,24,77.34375,77.34375,0.0
Sub_01lux 100.0,25,77.34375,77.34375,0.0
Sub_01lux 100.0,26,84.375,77.34375,-7.03125
Sub_01lux 100.0,27,84.375,77.34375,-7.03125
Sub_01lux 100.0,28,84.375,77.34375,-7.03125
Sub_01lux 100.0,29,84.375,84.375,0.0
Sub_01lux 100.0,30,84.375,84.375,0.0
Sub_01lux 100.0,31,84.375,84.375,0.0
Sub_01lux 100.0,32,84.375,84.375,0.0
Sub_01lux 100.0,33,84.375,84.375,0.0
Sub_01lux 100.0,34,84.375,84.375,0.0
Sub_01lux 100.0,35,84.375,84.375,0.0
Sub_01lux 100.0,36,84.375,84.375,0.0
Sub_01lux 100.0,37,84.375,84.375,0.0
Sub_01lux 100.0,38,84.375,84.375,0.0
Sub_01lux 100.0,39,84.375,84.375,0.0
Sub_01lux 100.0,40,84.375,84.375,0.0
Sub_01lux 100.0,41,84.375,84.375,0.0
Sub_01lux 100.0,42,84.375,84.375,0.0
Sub_01lux 100.0,43,84.375,84.375,0.0
Sub_01lux 100.0,44,84.375,77.34375,-7.03125
Sub_01lux 100.0,45,77.34375,77.34375,0.0
Sub_01lux 100.0,46,77.34375,77.34375,0.0
Sub_01lux 100.0,47,77.34375,77.34375,0.0
Sub_01lux 100.0,48,77.34375,77.34375,0.0
Sub_01lux 100.0,49,77.34375,77.34375,0.0
Sub_01lux 100.0,50,77.34375,77.34375,0.0
Sub_01lux 100.0,51,77.34375,77.34375,0.0
Sub_01lux 100.0,52,77.34375,77.34375,0.0
Sub_01lux 100.0,53,77.34375,77.34375,0.0
Sub_01lux 100.0,54,77.34375,77.34375,0.0
Sub_01lux 100.0,55,77.34375,77.34375,0.0
Sub_01lux 100.0,56,77.34375,77.34375,0.0
Sub_01lux 100.0,57,77.34375,77.34375,0.0
Sub_01lux 100.0,58,77.34375,77.34375,0.0
Sub_01lux 100.0,59,77.34375,77.34375,0.0
Sub_01lux 100.0,60,77.34375,77.34375,0.0
Sub_01lux 100.0,61,77.34375,77.34375,0.0
Sub_01lux 100.0,62,77.34375,77.34375,0.0
Sub_01lux 100.0,63,77.34375,77.34375,0.0
Sub_01lux 100.0,64,77.34375,77.34375,0.0
Sub_01lux 100.0,65,77.34375,77.34375,0.0
Sub_01lux 100.0,66,84.375,77.34375,-7.03125
Sub_01lux 100.0,67,84.375,77.34375,-7.03125
Sub_01lux 100.0,68,84.375,84.375,0.0
Sub_01lux 100.0,69,84.375,84.375,0.0
Sub_01lux 100.0,70,84.375,84.375,0.0
Sub_01lux 100.0,71,84.375,63.28125,-21.09375
Sub_01lux 100.0,72,84.375,84.375,0.0
Sub_01lux 100.0,73,84.375,84.375,0.0
Sub_01lux 100.0,74,84.375,84.375,0.0
Sub_01lux 100.0,75,84.375,84.375,0.0
Sub_01lux 100.0,76,84.375,84.375,0.0
Sub_01lux 100.0,77,84.375,84.375,0.0
Sub_01lux 100.0,78,84.375,84.375,0.0
Sub_01lux 100.0,79,84.375,84.375,0.0
Sub_01lux 100.0,80,84.375,84.375,0.0
Sub_01lux 100.0,81,84.375,84.375,0.0
Sub_01lux 100.0,82,84.375,84.375,0.0
Sub_01lux 100.0,83,84.375,84.375,0.0
Sub_01lux 100.0,84,84.375,84.375,0.0
Sub_01lux 100.0,85,84.375,84.375,0.0
Sub_01lux 100.0,86,84.375,84.375,0.0
Sub_01lux 100.0,87,84.375,84.375,0.0
Sub_01lux 100.0,88,84.375,84.375,0.0
Sub_01lux 100.0,89,84.375,77.34375,-7.03125
Sub_01lux 100.0,90,84.375,77.34375,-7.03125
Sub_01lux 100.0,91,84.375,77.34375,-7.03125
Sub_01lux 100.0,92,84.375,77.34375,-7.03125
Sub_01lux 100.0,93,84.375,77.34375,-7.03125
Sub_01lux 100.0,94,84.375,77.34375,-7.03125
Sub_01lux 100.0,95,84.375,77.34375,-7.03125
Sub_01lux 100.0,96,84.375,77.34375,-7.03125
Sub_01lux 100.0,97,84.375,77.34375,-7.03125
Sub_01lux 100.0,98,84.375,77.34375,-7.03125
Sub_01lux 100.0,99,84.375,77.34375,-7.03125
Sub_01lux 100.0,100,84.375,77.34375,-7.03125
Sub_01lux 100.0,101,84.375,77.34375,-7.03125
Sub_01lux 100.0,102,84.375,77.34375,-7.03125
Sub_01lux 100.0,103,84.375,77.34375,-7.03125
Sub_01lux 100.0,104,84.375,77.34375,-7.03125
Sub_01lux 100.0,105,84.375,77.34375,-7.03125
Sub_01lux 100.0,106,84.375,84.375,0.0
Sub_01lux 100.0,107,84.375,77.34375,-7.03125
Sub_01lux 100.0,108,84.375,84.375,0.0
Sub_01lux 100.0,109,84.375,84.375,0.0
Sub_01lux 100.0,110,84.375,84.375,0.0
Sub_01lux 100.0,111,84.375,84.375,0.0
Sub_01lux 100.0,112,84.375,84.375,0.0
Sub_01lux 100.0,113,84.375,84.375,0.0
Sub_01lux 100.0,114,84.375,84.375,0.0
Sub_01lux 100.0,115,84.375,84.375,0.0
Sub_01lux 100.0,116,84.375,84.375,0.0
Sub_01lux 100.0,117,84.375,84.375,0.0
Sub_01lux 100.0,118,84.375,84.375,0.0
Sub_01lux 100.0,119,84.375,84.375,0.0
Sub_01lux 100.0,120,84.375,84.375,0.0
Sub_01lux 100.0,121,77.34375,84.375,7.03125
Sub_01lux 100.0,122,77.34375,77.34375,0.0
Sub_01lux 100.0,123,77.34375,77.34375,0.0
Sub_01lux 100.0,124,77.34375,77.34375,0.0
Sub_01lux 100.0,125,77.34375,77.34375,0.0
Sub_01lux 100.0,126,77.34375,77.34375,0.0
Sub_01lux 100.0,127,77.34375,77.34375,0.0
Sub_01lux 100.0,128,77.34375,77.34375,0.0
Sub_01lux 100.0,129,77.34375,77.34375,0.0
Sub_01lux 100.0,130,77.34375,77.34375,0.0
Sub_01lux 100.0,131,77.34375,77.34375,0.0
Sub_01lux 100.0,132,77.34375,77.34375,0.0
Sub_01lux 100.0,133,77.34375,77.34375,0.0
Sub_01lux 100.0,134,77.34375,77.34375,0.0
Sub_01lux 100.0,135,77.34375,77.34375,0.0
Sub_01lux 100.0,136,77.34375,77.34375,0.0
Sub_01lux 100.0,137,77.34375,77.34375,0.0
Sub_01lux 100.0,138,77.34375,77.34375,0.0
Sub_01lux 100.0,139,77.34375,77.34375,0.0
Sub_01lux 100.0,140,77.34375,77.34375,0.0
Sub_01lux 100.0,141,77.34375,77.34375,0.0
Sub_01lux 100.0,142,77.34375,77.34375,0.0
Sub_01lux 100.0,143,77.34375,77.34375,0.0
Sub_01lux 100.0,144,77.34375,77.34375,0.0
Sub_01lux 100.0,145,77.34375,77.34375,0.0
Sub_01lux 100.0,146,77.34375,77.34375,0.0
Sub_01lux 100.0,147,77.34375,91.40625,14.0625
Sub_01lux 100.0,148,84.375,91.40625,7.03125
Sub_01lux 100.0,149,84.375,91.40625,7.03125
Sub_01lux 100.0,150,84.375,77.34375,-7.03125
Sub_01lux 100.0,151,84.375,77.34375,-7.03125
Sub_01lux 100.0,152,84.375,77.34375,-7.03125
Sub_01lux 100.0,153,84.375,77.34375,-7.03125
Sub_01lux 15.8,0,70.3125,70.3125,0.0
Sub_01lux 15.8,1,70.3125,70.3125,0.0
Sub_01lux 15.8,2,70.3125,91.40625,21.09375
Sub_01lux 15.8,3,70.3125,70.3125,0.0
Sub_01lux 15.8,4,70.3125,70.3125,0.0
Sub_01lux 15.8,5,70.3125,70.3125,0.0
Sub_01lux 15.8,6,70.3125,70.3125,0.0
Sub_01lux 15.8,7,70.3125,70.3125,0.0
Sub_01lux 15.8,8,70.3125,70.3125,0.0
Sub_01lux 15.8,9,70.3125,70.3125,0.0
Sub_01lux 15.8,10,70.3125,70.3125,0.0
Sub_01lux 15.8,11,70.3125,70.3125,0.0
Sub_01lux 15.8,12,77.34375,70.3125,-7.03125
Sub_01lux 15.8,13,77.34375,84.375,7.03125
Sub_01lux 15.8,14,77.34375,84.375,7.03125
Sub_01lux 15.8,15,77.34375,84.375,7.03125
Sub_01lux 15.8,16,77.34375,84.375,7.03125
Sub_01lux 15.8,17,77.34375,77.34375,0.0
Sub_01lux 15.8,18,77.34375,77.34375,0.0
Sub_01lux 15.8,19,77.34375,77.34375,0.0
Sub_01lux 15.8,20,77.34375,77.34375,0.0
Sub_01lux 15.8,21,77.34375,77.34375,0.0
Sub_01lux 15.8,22,77.34375,77.34375,0.0
Sub_01lux 15.8,23,77.34375,77.34375,0.0
Sub_01lux 15.8,24,77.34375,77.34375,0.0
Sub_01lux 15.8,25,77.34375,77.34375,0.0
Sub_01lux 15.8,26,77.34375,77.34375,0.0
Sub_01lux 15.8,27,84.375,77.34375,-7.03125
Sub_01lux 15.8,28,84.375,77.34375,-7.03125
Sub_01lux 15.8,29,84.375,77.34375,-7.03125
Sub_01lux 15.8,30,84.375,77.34375,-7.03125
Sub_01lux 15.8,31,84.375,77.34375,-7.03125
Sub_01lux 15.8,32,84.375,77.34375,-7.03125
Sub_01lux 15.8,33,84.375,77.34375,-7.03125
Sub_01lux 15.8,34,84.375,77.34375,-7.03125
Sub_01lux 15.8,35,77.34375,77.34375,0.0
Sub_01lux 15.8,36,77.34375,77.34375,0.0
Sub_01lux 15.8,37,77.34375,77.34375,0.0
Sub_01lux 15.8,38,77.34375,77.34375,0.0
Sub_01lux 15.8,39,77.34375,77.34375,0.0
Sub_01lux 15.8,40,77.34375,77.34375,0.0
Sub_01lux 15.8,41,77.34375,77.34375,0.0
Sub_01lux 15.8,42,77.34375,77.34375,0.0
Sub_01lux 15.8,43,77.34375,77.34375,0.0
Sub_01lux 15.8,44,77.34375,77.34375,0.0
Sub_01lux 15.8,45,77.34375,77.34375,0.0
Sub_01lux 15.8,46,84.375,91.40625,7.03125
Sub_01lux 15.8,47,84.375,91.40625,7.03125
Sub_01lux 15.8,48,84.375,91.40625,7.03125
Sub_01lux 15.8,49,84.375,91.40625,7.03125
Sub_01lux 15.8,50,84.375,91.40625,7.03125
Sub_01lux 15.8,51,84.375,91.40625,7.03125
Sub_01lux 15.8,52,84.375,91.40625,7.03125
Sub_01lux 15.8,53,84.375,91.40625,7.03125
Sub_01lux 15.8,54,84.375,91.40625,7.03125
Sub_01lux 15.8,55,84.375,91.40625,7.03125
Sub_01lux 15.8,56,84.375,91.40625,7.03125
Sub_01lux 15.8,57,84.375,91.40625,7.03125
Sub_01lux 15.8,58,84.375,91.40625,7.03125
Sub_01lux 15.8,59,84.375,91.40625,7.03125
Sub_01lux 15.8,60,84.375,91.40625,7.03125
Sub_01lux 15.8,61,77.34375,91.40625,14.0625
Sub_01lux 15.8,62,77.34375,91.40625,14.0625
Sub_01lux 15.8,63,77.34375,70.3125,-7.03125
Sub_01lux 15.8,64,77.34375,77.34375,0.0
Sub_01lux 15.8,65,77.34375,91.40625,14.0625
Sub_01lux 15.8,66,77.34375,70.3125,-7.03125
Sub_01lux 15.8,67,77.34375,77.34375,0.0
Sub_01lux 15.8,68,77.34375,70.3125,-7.03125
Sub_01lux 15.8,69,77.34375,77.34375,0.0
Sub_01lux 15.8,70,77.34375,77.34375,0.0
Sub_01lux 15.8,71,77.34375,77.34375,0.0
Sub_01lux 15.8,72,77.34375,77.34375,0.0
Sub_01lux 15.8,73,77.34375,77.34375,0.0
Sub_01lux 15.8,74,77.34375,77.34375,0.0
Sub_01lux 15.8,75,77.34375,77.34375,0.0
Sub_01lux 15.8,76,77.34375,77.34375,0.0
Sub_01lux 15.8,77,84.375,84.375,0.0
Sub_01lux 15.8,78,84.375,91.40625,7.03125
Sub_01lux 15.8,79,84.375,91.40625,7.03125
Sub_01lux 15.8,80,84.375,84.375,0.0
Sub_01lux 15.8,81,84.375,84.375,0.0
Sub_01lux 15.8,82,84.375,84.375,0.0
Sub_01lux 15.8,83,84.375,84.375,0.0
Sub_01lux 15.8,84,84.375,84.375,0.0
Sub_01lux 15.8,85,84.375,84.375,0.0
Sub_01lux 15.8,86,84.375,84.375,0.0
Sub_01lux 15.8,87,84.375,84.375,0.0
Sub_01lux 15.8,88,84.375,84.375,0.0
Sub_01lux 15.8,89,84.375,84.375,0.0
Sub_01lux 15.8,90,84.375,84.375,0.0
Sub_01lux 15.8,91,70.3125,84.375,14.0625
Sub_01lux 15.8,92,77.34375,84.375,7.03125
Sub_01lux 15.8,93,77.34375,84.375,7.03125
Sub_01lux 15.8,94,77.34375,84.375,7.03125
Sub_01lux 15.8,95,77.34375,84.375,7.03125
Sub_01lux 15.8,96,77.34375,84.375,7.03125
Sub_01lux 15.8,97,77.34375,84.375,7.03125
Sub_01lux 15.8,98,77.34375,84.375,7.03125
Sub_01lux 15.8,99,77.34375,70.3125,-7.03125
Sub_01lux 15.8,100,77.34375,70.3125,-7.03125
Sub_01lux 15.8,101,77.34375,70.3125,-7.03125
Sub_01lux 15.8,102,77.34375,70.3125,-7.03125
Sub_01lux 15.8,103,77.34375,70.3125,-7.03125
Sub_01lux 15.8,104,77.34375,70.3125,-7.03125
Sub_01lux 15.8,105,77.34375,70.3125,-7.03125
Sub_01lux 15.8,106,77.34375,77.34375,0.0
Sub_01lux 15.8,107,77.34375,70.3125,-7.03125
Sub_01lux 15.8,108,77.34375,77.34375,0.0
Sub_01lux 15.8,109,77.34375,77.34375,0.0
Sub_01lux 15.8,110,77.34375,77.34375,0.0
Sub_01lux 15.8,111,77.34375,77.34375,0.0
Sub_01lux 15.8,112,77.34375,77.34375,0.0
Sub_01lux 15.8,113,77.34375,77.34375,0.0
Sub_01lux 15.8,114,77.34375,77.34375,0.0
Sub_01lux 15.8,115,84.375,77.34375,-7.03125
Sub_01lux 15.8,116,84.375,77.34375,-7.03125
Sub_01lux 15.8,117,84.375,70.3125,-14.0625
Sub_01lux 15.8,118,84.375,70.3125,-14.0625
Sub_01lux 15.8,119,84.375,70.3125,-14.0625
Sub_01lux 15.8,120,84.375,70.3125,-14.0625
Sub_01lux 15.8,121,84.375,70.3125,-14.0625
Sub_01lux 15.8,122,84.375,70.3125,-14.0625
Sub_01lux 15.8,123,84.375,84.375,0.0
Sub_01lux 15.8,124,84.375,70.3125,-14.0625
Sub_01lux 15.8,125,84.375,84.375,0.0
Sub_01lux 15.8,126,84.375,70.3125,-14.0625
Sub_01lux 15.8,127,84.375,91.40625,7.03125
Sub_01lux 15.8,128,84.375,77.34375,-7.03125
Sub_01lux 15.8,129,84.375,77.34375,-7.03125
Sub_01lux 15.8,130,77.34375,77.34375,0.0
Sub_01lux 15.8,131,77.34375,77.34375,0.0
Sub_01lux 15.8,132,77.34375,77.34375,0.0
Sub_01lux 15.8,133,77.34375,77.34375,0.0
Sub_01lux 15.8,134,77.34375,77.34375,0.0
Sub_01lux 15.8,135,77.34375,70.3125,-7.03125
Sub_01lux 15.8,136,77.34375,77.34375,0.0
Sub_01lux 15.8,137,77.34375,70.3125,-7.03125
Sub_01lux 15.8,138,77.34375,70.3125,-7.03125
Sub_01lux 15.8,139,77.34375,70.3125,-7.03125
Sub_01lux 15.8,140,77.34375,70.3125,-7.03125
Sub_01lux 15.8,141,77.34375,70.3125,-7.03125
Sub_01lux 15.8,142,77.34375,70.3125,-7.03125
Sub_01lux 15.8,143,77.34375,70.3125,-7.03125
Sub_01lux 15.8,144,77.34375,70.3125,-7.03125
Sub_01lux 15.8,145,77.34375,70.3125,-7.03125
Sub_01lux 15.8,146,77.34375,70.3125,-7.03125
Sub_01lux 15.8,147,77.34375,84.375,7.03125
Sub_01lux 15.8,148,77.34375,70.3125,-7.03125
Sub_01lux 15.8,149,77.34375,84.375,7.03125
Sub_01lux 15.8,150,77.34375,84.375,7.03125
Sub_01lux 15.8,151,77.34375,84.375,7.03125
Sub_01lux 15.8,152,77.34375,84.375,7.03125
Sub_01lux 25.1,0,77.34375,70.3125,-7.03125
Sub_01lux 25.1,1,77.34375,70.3125,-7.03125
Sub_01lux 25.1,2,77.34375,84.375,7.03125
Sub_01lux 25.1,3,70.3125,70.3125,0.0
Sub_01lux 25.1,4,70.3125,70.3125,0.0
Sub_01lux 25.1,5,70.3125,70.3125,0.0
Sub_01lux 25.1,6,70.3125,70.3125,0.0
Sub_01lux 25.1,7,70.3125,70.3125,0.0
Sub_01lux 25.1,8,70.3125,70.3125,0.0
Sub_01lux 25.1,9,70.3125,70.3125,0.0
Sub_01lux 25.1,10,70.3125,70.3125,0.0
Sub_01lux 25.1,11,70.3125,70.3125,0.0
Sub_01lux 25.1,12,70.3125,70.3125,0.0
Sub_01lux 25.1,13,70.3125,70.3125,0.0
Sub_01lux 25.1,14,70.3125,70.3125,0.0
Sub_01lux 25.1,15,70.3125,70.3125,0.0
Sub_01lux 25.1,16,70.3125,91.40625,21.09375
Sub_01lux 25.1,17,70.3125,91.40625,21.09375
Sub_01lux 25.1,18,70.3125,91.40625,21.09375
Sub_01lux 25.1,19,77.34375,91.40625,14.0625
Sub_01lux 25.1,20,77.34375,91.40625,14.0625
Sub_01lux 25.1,21,77.34375,91.40625,14.0625
Sub_01lux 25.1,22,77.34375,91.40625,14.0625
Sub_01lux 25.1,23,77.34375,91.40625,14.0625
Sub_01lux 25.1,24,77.34375,91.40625,14.0625
Sub_01lux 25.1,25,84.375,91.40625,7.03125
Sub_01lux 25.1,26,84.375,91.40625,7.03125
Sub_01lux 25.1,27,84.375,91.40625,7.03125
Sub_01lux 25.1,28,84.375,84.375,0.0
Sub_01lux 25.1,29,84.375,91.40625,7.03125
Sub_01lux 25.1,30,84.375,84.375,0.0
Sub_01lux 25.1,31,84.375,91.40625,7.03125
Sub_01lux 25.1,32,84.375,91.40625,7.03125
Sub_01lux 25.1,33,84.375,70.3125,-14.0625
Sub_01lux 25.1,34,84.375,70.3125,-14.0625
Sub_01lux 25.1,35,84.375,70.3125,-14.0625
Sub_01lux 25.1,36,84.375,70.3125,-14.0625
Sub_01lux 25.1,37,84.375,70.3125,-14.0625
Sub_01lux 25.1,38,77.34375,77.34375,0.0
Sub_01lux 25.1,39,77.34375,70.3125,-7.03125
Sub_01lux 25.1,40,77.34375,70.3125,-7.03125
Sub_01lux 25.1,41,77.34375,70.3125,-7.03125
Sub_01lux 25.1,42,77.34375,70.3125,-7.03125
Sub_01lux 25.1,43,77.34375,70.3125,-7.03125
Sub_01lux 25.1,44,70.3125,70.3125,0.0
Sub_01lux 25.1,45,70.3125,70.3125,0.0
Sub_01lux 25.1,46,70.3125,70.3125,0.0
Sub_01lux 25.1,47,70.3125,70.3125,0.0
Sub_01lux 25.1,48,70.3125,70.3125,0.0
Sub_01lux 25.1,49,70.3125,70.3125,0.0
Sub_01lux 25.1,50,70.3125,70.3125,0.0
Sub_01lux 25.1,51,70.3125,70.3125,0.0
Sub_01lux 25.1,52,70.3125,70.3125,0.0
Sub_01lux 25.1,53,70.3125,84.375,14.0625
Sub_01lux 25.1,54,77.34375,98.4375,21.09375
Sub_01lux 25.1,55,77.34375,84.375,7.03125
Sub_01lux 25.1,56,77.34375,63.28125,-14.0625
Sub_01lux 25.1,57,77.34375,91.40625,14.0625
Sub_01lux 25.1,58,77.34375,77.34375,0.0
Sub_01lux 25.1,59,77.34375,77.34375,0.0
Sub_01lux 25.1,60,77.34375,77.34375,0.0
Sub_01lux 25.1,61,77.34375,77.34375,0.0
Sub_01lux 25.1,62,77.34375,77.34375,0.0
Sub_01lux 25.1,63,77.34375,77.34375,0.0
Sub_01lux 25.1,64,77.34375,77.34375,0.0
Sub_01lux 25.1,65,77.34375,77.34375,0.0
Sub_01lux 25.1,66,77.34375,91.40625,14.0625
Sub_01lux 25.1,67,84.375,77.34375,-7.03125
Sub_01lux 25.1,68,84.375,77.34375,-7.03125
Sub_01lux 25.1,69,84.375,77.34375,-7.03125
Sub_01lux 25.1,70,84.375,77.34375,-7.03125
Sub_01lux 25.1,71,84.375,84.375,0.0
Sub_01lux 25.1,72,84.375,77.34375,-7.03125
Sub_01lux 25.1,73,84.375,77.34375,-7.03125
Sub_01lux 25.1,74,77.34375,77.34375,0.0
Sub_01lux 25.1,75,77.34375,77.34375,0.0
Sub_01lux 25.1,76,77.34375,77.34375,0.0
Sub_01lux 25.1,77,77.34375,77.34375,0.0
Sub_01lux 25.1,78,77.34375,77.34375,0.0
Sub_01lux 25.1,79,77.34375,77.34375,0.0
Sub_01lux 25.1,80,77.34375,77.34375,0.0
Sub_01lux 25.1,81,77.34375,77.34375,0.0
Sub_01lux 25.1,82,77.34375,70.3125,-7.03125
Sub_01lux 25.1,83,77.34375,77.34375,0.0
Sub_01lux 25.1,84,77.34375,70.3125,-7.03125
Sub_01lux 25.1,85,77.34375,70.3125,-7.03125
Sub_01lux 25.1,86,70.3125,70.3125,0.0
Sub_01lux 25.1,87,70.3125,70.3125,0.0
Sub_01lux 25.1,88,70.3125,70.3125,0.0
Sub_01lux 25.1,89,70.3125,70.3125,0.0
Sub_01lux 25.1,90,70.3125,70.3125,0.0
Sub_01lux 25.1,91,70.3125,70.3125,0.0
Sub_01lux 25.1,92,70.3125,70.3125,0.0
Sub_01lux 25.1,93,70.3125,70.3125,0.0
Sub_01lux 25.1,94,70.3125,70.3125,0.0
Sub_01lux 25.1,95,70.3125,70.3125,0.0
Sub_01lux 25.1,96,70.3125,63.28125,-7.03125
Sub_01lux 25.1,97,70.3125,70.3125,0.0
Sub_01lux 25.1,98,70.3125,70.3125,0.0
Sub_01lux 25.1,99,70.3125,70.3125,0.0
Sub_01lux 25.1,100,70.3125,91.40625,21.09375
Sub_01lux 25.1,101,70.3125,91.40625,21.09375
Sub_01lux 25.1,102,70.3125,91.40625,21.09375
Sub_01lux 25.1,103,77.34375,91.40625,14.0625
Sub_01lux 25.1,104,77.34375,91.40625,14.0625
Sub_01lux 25.1,105,77.34375,91.40625,14.0625
Sub_01lux 25.1,106,77.34375,91.40625,14.0625
Sub_01lux 25.1,107,77.34375,91.40625,14.0625
Sub_01lux 25.1,108,77.34375,91.40625,14.0625
Sub_01lux 25.1,109,77.34375,84.375,7.03125
Sub_01lux 25.1,110,84.375,84.375,0.0
Sub_01lux 25.1,111,84.375,91.40625,7.03125
Sub_01lux 25.1,112,84.375,84.375,0.0
Sub_01lux 25.1,113,84.375,84.375,0.0
Sub_01lux 25.1,114,84.375,77.34375,-7.03125
Sub_01lux 25.1,115,84.375,84.375,0.0
Sub_01lux 25.1,116,84.375,84.375,0.0
Sub_01lux 25.1,117,84.375,77.34375,-7.03125
Sub_01lux 25.1,118,84.375,77.34375,-7.03125
Sub_01lux 25.1,119,84.375,91.40625,7.03125
Sub_01lux 25.1,120,84.375,77.34375,-7.03125
Sub_01lux 25.1,121,77.34375,77.34375,0.0
Sub_01lux 25.1,122,77.34375,77.34375,0.0
Sub_01lux 25.1,123,77.34375,77.34375,0.0
Sub_01lux 25.1,124,77.34375,77.34375,0.0
Sub_01lux 25.1,125,77.34375,77.34375,0.0
Sub_01lux 25.1,126,77.34375,77.34375,0.0
Sub_01lux 25.1,127,77.34375,77.34375,0.0
Sub_01lux 25.1,128,77.34375,77.34375,0.0
Sub_01lux 25.1,129,77.34375,77.34375,0.0
Sub_01lux 25.1,130,77.34375,77.34375,0.0
Sub_01lux 25.1,131,77.34375,77.34375,0.0
Sub_01lux 25.1,132,77.34375,77.34375,0.0
Sub_01lux 25.1,133,77.34375,77.34375,0.0
Sub_01lux 25.1,134,77.34375,77.34375,0.0
Sub_01lux 25.1,135,77.34375,77.34375,0.0
Sub_01lux 25.1,136,77.34375,77.34375,0.0
Sub_01lux 25.1,137,77.34375,77.34375,0.0
Sub_01lux 25.1,138,77.34375,77.34375,0.0
Sub_01lux 25.1,139,77.34375,77.34375,0.0
Sub_01lux 25.1,140,77.34375,77.34375,0.0
Sub_01lux 25.1,141,77.34375,77.34375,0.0
Sub_01lux 25.1,142,77.34375,77.34375,0.0
Sub_01lux 25.1,143,77.34375,77.34375,0.0
Sub_01lux 25.1,144,77.34375,77.34375,0.0
Sub_01lux 25.1,145,77.34375,77.34375,0.0
Sub_01lux 25.1,146,77.34375,77.34375,0.0
Sub_01lux 25.1,147,77.34375,77.34375,0.0
Sub_01lux 25.1,148,77.34375,77.34375,0.0
Sub_01lux 25.1,149,77.34375,91.40625,14.0625
Sub_01lux 25.1,150,77.34375,77.34375,0.0
Sub_01lux 25.1,151,77.34375,91.40625,14.0625
Sub_01lux 25.1,152,77.34375,84.375,7.03125
Sub_01lux 25.1,153,77.34375,77.34375,0.0
Sub_01lux 39.8,0,77.34375,77.34375,0.0
Sub_01lux 39.8,1,77.34375,77.34375,0.0
Sub_01lux 39.8,2,77.34375,77.34375,0.0
Sub_01lux 39.8,3,77.34375,70.3125,-7.03125
Sub_01lux 39.8,4,77.34375,77.34375,0.0
Sub_01lux 39.8,5,77.34375,70.3125,-7.03125
Sub_01lux 39.8,6,77.34375,70.3125,-7.03125
Sub_01lux 39.8,7,77.34375,70.3125,-7.03125
Sub_01lux 39.8,8,70.3125,70.3125,0.0
Sub_01lux 39.8,9,70.3125,70.3125,0.0
Sub_01lux 39.8,10,70.3125,70.3125,0.0
Sub_01lux 39.8,11,70.3125,70.3125,0.0
Sub_01lux 39.8,12,70.3125,70.3125,0.0
Sub_01lux 39.8,13,70.3125,70.3125,0.0
Sub_01lux 39.8,14,70.3125,70.3125,0.0
Sub_01lux 39.8,15,70.3125,70.3125,0.0
Sub_01lux 39.8,16,70.3125,70.3125,0.0
Sub_01lux 39.8,17,70.3125,70.3125,0.0
Sub_01lux 39.8,18,70.3125,70.3125,0.0
Sub_01lux 39.8,19,70.3125,70.3125,0.0
Sub_01lux 39.8,20,77.34375,70.3125,-7.03125
Sub_01lux 39.8,21,77.34375,70.3125,-7.03125
Sub_01lux 39.8,22,77.34375,70.3125,-7.03125
Sub_01lux 39.8,23,77.34375,77.34375,0.0
Sub_01lux 39.8,24,77.34375,77.34375,0.0
Sub_01lux 39.8,25,77.34375,77.34375,0.0
Sub_01lux 39.8,26,77.34375,77.34375,0.0
Sub_01lux 39.8,27,77.34375,70.3125,-7.03125
Sub_01lux 39.8,28,77.34375,77.34375,0.0
Sub_01lux 39.8,29,84.375,70.3125,-14.0625
Sub_01lux 39.8,30,84.375,70.3125,-14.0625
Sub_01lux 39.8,31,84.375,70.3125,-14.0625
Sub_01lux 39.8,32,84.375,70.3125,-14.0625
Sub_01lux 39.8,33,84.375,70.3125,-14.0625
Sub_01lux 39.8,34,84.375,84.375,0.0
Sub_01lux 39.8,35,84.375,84.375,0.0
Sub_01lux 39.8,36,84.375,84.375,0.0
Sub_01lux 39.8,37,84.375,84.375,0.0
Sub_01lux 39.8,38,84.375,84.375,0.0
Sub_01lux 39.8,39,84.375,84.375,0.0
Sub_01lux 39.8,40,84.375,84.375,0.0
Sub_01lux 39.8,41,84.375,84.375,0.0
Sub_01lux 39.8,42,84.375,84.375,0.0
Sub_01lux 39.8,43,84.375,84.375,0.0
Sub_01lux 39.8,44,84.375,77.34375,-7.03125
Sub_01lux 39.8,45,84.375,84.375,0.0
Sub_01lux 39.8,46,84.375,77.34375,-7.03125
Sub_01lux 39.8,47,84.375,77.34375,-7.03125
Sub_01lux 39.8,48,84.375,77.34375,-7.03125
Sub_01lux 39.8,49,84.375,77.34375,-7.03125
Sub_01lux 39.8,50,84.375,77.34375,-7.03125
Sub_01lux 39.8,51,77.34375,77.34375,0.0
Sub_01lux 39.8,52,77.34375,77.34375,0.0
Sub_01lux 39.8,53,77.34375,77.34375,0.0
Sub_01lux 39.8,54,77.34375,77.34375,0.0
Sub_01lux 39.8,55,77.34375,77.34375,0.0
Sub_01lux 39.8,56,77.34375,77.34375,0.0
Sub_01lux 39.8,57,77.34375,77.34375,0.0
Sub_01lux 39.8,58,77.34375,77.34375,0.0
Sub_01lux 39.8,59,77.34375,77.34375,0.0
Sub_01lux 39.8,60,77.34375,77.34375,0.0
Sub_01lux 39.8,61,77.34375,77.34375,0.0
Sub_01lux 39.8,62,77.34375,77.34375,0.0
Sub_01lux 39.8,63,77.34375,77.34375,0.0
Sub_01lux 39.8,64,77.34375,77.34375,0.0
Sub_01lux 39.8,65,77.34375,77.34375,0.0
Sub_01lux 39.8,66,77.34375,77.34375,0.0
Sub_01lux 39.8,67,77.34375,77.34375,0.0
Sub_01lux 39.8,68,77.34375,77.34375,0.0
Sub_01lux 39.8,69,77.34375,77.34375,0.0
Sub_01lux 39.8,70,77.34375,77.34375,0.0
Sub_01lux 39.8,71,77.34375,77.34375,0.0
Sub_01lux 39.8,72,77.34375,77.34375,0.0
Sub_01lux 39.8,73,77.34375,77.34375,0.0
Sub_01lux 39.8,74,77.34375,77.34375,0.0
Sub_01lux 39.8,75,77.34375,77.34375,0.0
Sub_01lux 39.8,76,77.34375,77.34375,0.0
Sub_01lux 39.8,77,77.34375,77.34375,0.0
Sub_01lux 39.8,78,77.34375,77.34375,0.0
Sub_01lux 39.8,79,77.34375,77.34375,0.0
Sub_01lux 39.8,80,84.375,77.34375,-7.03125
Sub_01lux 39.8,81,84.375,77.34375,-7.03125
Sub_01lux 39.8,82,84.375,77.34375,-7.03125
Sub_01lux 39.8,83,84.375,77.34375,-7.03125
Sub_01lux 39.8,84,84.375,77.34375,-7.03125
Sub_01lux 39.8,85,84.375,77.34375,-7.03125
Sub_01lux 39.8,86,77.34375,77.34375,0.0
Sub_01lux 39.8,87,77.34375,77.34375,0.0
Sub_01lux 39.8,88,77.34375,77.34375,0.0
Sub_01lux 39.8,89,77.34375,77.34375,0.0
Sub_01lux 39.8,90,77.34375,77.34375,0.0
Sub_01lux 39.8,91,77.34375,77.34375,0.0
Sub_01lux 39.8,92,77.34375,77.34375,0.0
Sub_01lux 39.8,93,77.34375,77.34375,0.0
Sub_01lux 39.8,94,77.34375,77.34375,0.0
Sub_01lux 39.8,95,77.34375,77.34375,0.0
Sub_01lux 39.8,96,77.34375,77.34375,0.0
Sub_01lux 39.8,97,77.34375,77.34375,0.0
Sub_01lux 39.8,98,77.34375,77.34375,0.0
Sub_01lux 39.8,99,77.34375,77.34375,0.0
Sub_01lux 39.8,100,77.34375,77.34375,0.0
Sub_01lux 39.8,101,77.34375,77.34375,0.0
Sub_01lux 39.8,102,77.34375,77.34375,0.0
Sub_01lux 39.8,103,77.34375,77.34375,0.0
Sub_01lux 39.8,104,77.34375,77.34375,0.0
Sub_01lux 39.8,105,77.34375,77.34375,0.0
Sub_01lux 39.8,106,77.34375,77.34375,0.0
Sub_01lux 39.8,107,77.34375,77.34375,0.0
Sub_01lux 39.8,108,84.375,77.34375,-7.03125
Sub_01lux 39.8,109,84.375,77.34375,-7.03125
Sub_01lux 39.8,110,84.375,77.34375,-7.03125
Sub_01lux 39.8,111,84.375,70.3125,-14.0625
Sub_01lux 39.8,112,84.375,84.375,0.0
Sub_01lux 39.8,113,84.375,70.3125,-14.0625
Sub_01lux 39.8,114,84.375,84.375,0.0
Sub_01lux 39.8,115,84.375,84.375,0.0
Sub_01lux 39.8,116,84.375,84.375,0.0
Sub_01lux 39.8,117,84.375,84.375,0.0
Sub_01lux 39.8,118,84.375,84.375,0.0
Sub_01lux 39.8,119,84.375,84.375,0.0
Sub_01lux 39.8,120,84.375,84.375,0.0
Sub_01lux 39.8,121,84.375,84.375,0.0
Sub_01lux 39.8,122,84.375,84.375,0.0
Sub_01lux 39.8,123,84.375,84.375,0.0
Sub_01lux 39.8,124,84.375,84.375,0.0
Sub_01lux 39.8,125,84.375,84.375,0.0
Sub_01lux 39.8,126,84.375,84.375,0.0
Sub_01lux 39.8,127,84.375,84.375,0.0
Sub_01lux 39.8,128,84.375,84.375,0.0
Sub_01lux 39.8,129,84.375,84.375,0.0
Sub_01lux 39.8,130,84.375,84.375,0.0
Sub_01lux 39.8,131,84.375,84.375,0.0
Sub_01lux 39.8,132,84.375,84.375,0.0
Sub_01lux 39.8,133,84.375,84.375,0.0
Sub_01lux 39.8,134,84.375,84.375,0.0
Sub_01lux 39.8,135,84.375,84.375,0.0
Sub_01lux 39.8,136,84.375,84.375,0.0
Sub_01lux 39.8,137,84.375,84.375,0.0
Sub_01lux 39.8,138,84.375,84.375,0.0
Sub_01lux 39.8,139,84.375,84.375,0.0
Sub_01lux 39.8,140,84.375,77.34375,-7.03125
Sub_01lux 39.8,141,84.375,77.34375,-7.03125
Sub_01lux 39.8,142,84.375,77.34375,-7.03125
Sub_01lux 39.8,143,84.375,77.34375,-7.03125
Sub_01lux 39.8,144,84.375,77.34375,-7.03125
Sub_01lux 39.8,145,84.375,77.34375,-7.03125
Sub_01lux 39.8,146,84.375,77.34375,-7.03125
Sub_01lux 39.8,147,84.375,77.34375,-7.03125
Sub_01lux 39.8,148,84.375,77.34375,-7.03125
Sub_01lux 39.8,149,84.375,77.34375,-7.03125
Sub_01lux 39.8,150,84.375,77.34375,-7.03125
Sub_01lux 39.8,151,84.375,77.34375,-7.03125
Sub_01lux 39.8,152,84.375,77.34375,-7.03125
Sub_01lux 39.8,153,84.375,91.40625,7.03125
Sub_01lux 63.1,0,77.34375,84.375,7.03125
Sub_01lux 63.1,1,77.34375,84.375,7.03125
Sub_01lux 63.1,2,77.34375,70.3125,-7.03125
Sub_01lux 63.1,3,77.34375,70.3125,-7.03125
Sub_01lux 63.1,4,77.34375,70.3125,-7.03125
Sub_01lux 63.1,5,70.3125,70.3125,0.0
Sub_01lux 63.1,6,70.3125,70.3125,0.0
Sub_01lux 63.1,7,70.3125,70.3125,0.0
Sub_01lux 63.1,8,70.3125,70.3125,0.0
Sub_01lux 63.1,9,70.3125,70.3125,0.0
Sub_01lux 63.1,10,70.3125,70.3125,0.0
Sub_01lux 63.1,11,70.3125,70.3125,0.0
Sub_01lux 63.1,12,77.34375,70.3125,-7.03125
Sub_01lux 63.1,13,77.34375,70.3125,-7.03125
Sub_01lux 63.1,14,77.34375,70.3125,-7.03125
Sub_01lux 63.1,15,77.34375,70.3125,-7.03125
Sub_01lux 63.1,16,77.34375,70.3125,-7.03125
Sub_01lux 63.1,17,77.34375,70.3125,-7.03125
Sub_01lux 63.1,18,77.34375,70.3125,-7.03125
Sub_01lux 63.1,19,77.34375,77.34375,0.0
Sub_01lux 63.1,20,77.34375,70.3125,-7.03125
Sub_01lux 63.1,21,77.34375,70.3125,-7.03125
Sub_01lux 63.1,22,77.34375,77.34375,0.0
Sub_01lux 63.1,23,77.34375,77.34375,0.0
Sub_01lux 63.1,24,77.34375,77.34375,0.0
Sub_01lux 63.1,25,77.34375,77.34375,0.0
Sub_01lux 63.1,26,77.34375,77.34375,0.0
Sub_01lux 63.1,27,77.34375,77.34375,0.0
Sub_01lux 63.1,28,77.34375,77.34375,0.0
Sub_01lux 63.1,29,77.34375,77.34375,0.0
Sub_01lux 63.1,30,77.34375,77.34375,0.0
Sub_01lux 63.1,31,77.34375,77.34375,0.0
Sub_01lux 63.1,32,77.34375,77.34375,0.0
Sub_01lux 63.1,33,77.34375,77.34375,0.0
Sub_01lux 63.1,34,77.34375,77.34375,0.0
Sub_01lux 63.1,35,77.34375,77.34375,0.0
Sub_01lux 63.1,36,77.34375,77.34375,0.0
Sub_01lux 63.1,37,77.34375,77.34375,0.0
Sub_01lux 63.1,38,77.34375,77.34375,0.0
Sub_01lux 63.1,39,77.34375,84.375,7.03125
Sub_01lux 63.1,40,77.34375,84.375,7.03125
Sub_01lux 63.1,41,77.34375,84.375,7.03125
Sub_01lux 63.1,42,77.34375,84.375,7.03125
Sub_01lux 63.1,43,77.34375,70.3125,-7.03125
Sub_01lux 63.1,44,77.34375,70.3125,-7.03125
Sub_01lux 63.1,45,77.34375,70.3125,-7.03125
Sub_01lux 63.1,46,77.34375,70.3125,-7.03125
Sub_01lux 63.1,47,77.34375,70.3125,-7.03125
Sub_01lux 63.1,48,77.34375,70.3125,-7.03125
Sub_01lux 63.1,49,77.34375,70.3125,-7.03125
Sub_01lux 63.1,50,77.34375,70.3125,-7.03125
Sub_01lux 63.1,51,77.34375,70.3125,-7.03125
Sub_01lux 63.1,52,77.34375,70.3125,-7.03125
Sub_01lux 63.1,53,77.34375,70.3125,-7.03125
Sub_01lux 63.1,54,77.34375,70.3125,-7.03125
Sub_01lux 63.1,55,77.34375,70.3125,-7.03125
Sub_01lux 63.1,56,77.34375,70.3125,-7.03125
Sub_01lux 63.1,57,77.34375,70.3125,-7.03125
Sub_01lux 63.1,58,77.34375,77.34375,0.0
Sub_01lux 63.1,59,77.34375,77.34375,0.0
Sub_01lux 63.1,60,84.375,77.34375,-7.03125
Sub_01lux 63.1,61,84.375,77.34375,-7.03125
Sub_01lux 63.1,62,84.375,77.34375,-7.03125
Sub_01lux 63.1,63,84.375,77.34375,-7.03125
Sub_01lux 63.1,64,84.375,84.375,0.0
Sub_01lux 63.1,65,84.375,77.34375,-7.03125
Sub_01lux 63.1,66,84.375,84.375,0.0
Sub_01lux 63.1,67,84.375,84.375,0.0
Sub_01lux 63.1,68,84.375,84.375,0.0
Sub_01lux 63.1,69,84.375,84.375,0.0
Sub_01lux 63.1,70,84.375,84.375,0.0
Sub_01lux 63.1,71,84.375,84.375,0.0
Sub_01lux 63.1,72,84.375,84.375,0.0
Sub_01lux 63.1,73,84.375,84.375,0.0
Sub_01lux 63.1,74,84.375,84.375,0.0
Sub_01lux 63.1,75,77.34375,84.375,7.03125
Sub_01lux 63.1,76,77.34375,77.34375,0.0
Sub_01lux 63.1,77,77.34375,77.34375,0.0
Sub_01lux 63.1,78,77.34375,77.34375,0.0
Sub_01lux 63.1,79,77.34375,77.34375,0.0
Sub_01lux 63.1,80,77.34375,77.34375,0.0
Sub_01lux 63.1,81,77.34375,77.34375,0.0
Sub_01lux 63.1,82,77.34375,77.34375,0.0
Sub_01lux 63.1,83,77.34375,77.34375,0.0
Sub_01lux 63.1,84,77.34375,77.34375,0.0
Sub_01lux 63.1,85,77.34375,70.3125,-7.03125
Sub_01lux 63.1,86,77.34375,77.34375,0.0
Sub_01lux 63.1,87,77.34375,70.3125,-7.03125
Sub_01lux 63.1,88,77.34375,70.3125,-7.03125
Sub_01lux 63.1,89,77.34375,70.3125,-7.03125
Sub_01lux 63.1,90,77.34375,70.3125,-7.03125
Sub_01lux 63.1,91,77.34375,77.34375,0.0
Sub_01lux 63.1,92,84.375,77.34375,-7.03125
Sub_01lux 63.1,93,84.375,77.34375,-7.03125
Sub_01lux 63.1,94,84.375,77.34375,-7.03125
Sub_01lux 63.1,95,84.375,77.34375,-7.03125
Sub_01lux 63.1,96,84.375,77.34375,-7.03125
Sub_01lux 63.1,97,84.375,77.34375,-7.03125
Sub_01lux 63.1,98,84.375,77.34375,-7.03125
Sub_01lux 63.1,99,84.375,77.34375,-7.03125
Sub_01lux 63.1,100,84.375,77.34375,-7.03125
Sub_01lux 63.1,101,84.375,77.34375,-7.03125
Sub_01lux 63.1,102,84.375,77.34375,-7.03125
Sub_01lux 63.1,103,84.375,77.34375,-7.03125
Sub_01lux 63.1,104,84.375,84.375,0.0
Sub_01lux 63.1,105,84.375,77.34375,-7.03125
Sub_01lux 63.1,106,84.375,77.34375,-7.03125
Sub_01lux 63.1,107,84.375,77.34375,-7.03125
Sub_01lux 63.1,108,84.375,77.34375,-7.03125
Sub_01lux 63.1,109,84.375,77.34375,-7.03125
Sub_01lux 63.1,110,84.375,77.34375,-7.03125
Sub_01lux 63.1,111,77.34375,77.34375,0.0
Sub_01lux 63.1,112,77.34375,77.34375,0.0
Sub_01lux 63.1,113,77.34375,77.34375,0.0
Sub_01lux 63.1,114,77.34375,77.34375,0.0
Sub_01lux 63.1,115,77.34375,84.375,7.03125
Sub_01lux 63.1,116,77.34375,77.34375,0.0
Sub_01lux 63.1,117,77.34375,84.375,7.03125
Sub_01lux 63.1,118,77.34375,77.34375,0.0
Sub_01lux 63.1,119,77.34375,84.375,7.03125
Sub_01lux 63.1,120,77.34375,77.34375,0.0
Sub_01lux 63.1,121,77.34375,84.375,7.03125
Sub_01lux 63.1,122,77.34375,84.375,7.03125
Sub_01lux 63.1,123,77.34375,84.375,7.03125
Sub_01lux 63.1,124,77.34375,84.375,7.03125
Sub_01lux 63.1,125,77.34375,84.375,7.03125
Sub_01lux 63.1,126,77.34375,84.375,7.03125
Sub_01lux 63.1,127,77.34375,84.375,7.03125
Sub_01lux 63.1,128,77.34375,84.375,7.03125
Sub_01lux 63.1,129,77.34375,105.46875,28.125
Sub_01lux 63.1,130,77.34375,84.375,7.03125
Sub_01lux 63.1,131,77.34375,84.375,7.03125
Sub_01lux 63.1,132,77.34375,84.375,7.03125
Sub_01lux 63.1,133,77.34375,105.46875,28.125
Sub_01lux 63.1,134,84.375,77.34375,-7.03125
Sub_01lux 63.1,135,84.375,77.34375,-7.03125
Sub_01lux 63.1,136,84.375,77.34375,-7.03125
Sub_01lux 63.1,137,84.375,77.34375,-7.03125
Sub_01lux 63.1,138,77.34375,77.34375,0.0
Sub_01lux 63.1,139,84.375,77.34375,-7.03125
Sub_01lux 63.1,140,77.34375,77.34375,0.0
Sub_01lux 63.1,141,77.34375,77.34375,0.0
Sub_01lux 63.1,142,77.34375,77.34375,0.0
Sub_01lux 63.1,143,77.34375,77.34375,0.0
Sub_01lux 63.1,144,77.34375,77.34375,0.0
Sub_01lux 63.1,145,77.34375,77.34375,0.0
Sub_01lux 63.1,146,77.34375,77.34375,0.0
Sub_01lux 63.1,147,77.34375,77.34375,0.0
Sub_01lux 63.1,148,77.34375,77.34375,0.0
Sub_01lux 63.1,149,77.34375,77.34375,0.0
Sub_01lux 63.1,150,77.34375,77.34375,0.0
Sub_01lux 63.1,151,77.34375,77.34375,0.0
Sub_01lux 63.1,152,77.34375,77.34375,0.0
Sub_01lux 63.1,153,77.34375,77.34375,0.0
Sub_02lux 10.0,0,77.34375,98.4375,21.09375
Sub_02lux 10.0,1,77.34375,98.4375,21.09375
Sub_02lux 10.0,2,77.34375,98.4375,21.09375
Sub_02lux 10.0,3,77.34375,98.4375,21.09375
Sub_02lux 10.0,4,77.34375,98.4375,21.09375
Sub_02lux 10.0,5,77.34375,98.4375,21.09375
Sub_02lux 10.0,6,77.34375,84.375,7.03125
Sub_02lux 10.0,7,77.34375,98.4375,21.09375
Sub_02lux 10.0,8,77.34375,98.4375,21.09375
Sub_02lux 10.0,9,77.34375,98.4375,21.09375
Sub_02lux 10.0,10,77.34375,77.34375,0.0
Sub_02lux 10.0,11,77.34375,70.3125,-7.03125
Sub_02lux 10.0,12,77.34375,91.40625,14.0625
Sub_02lux 10.0,13,77.34375,105.46875,28.125
Sub_02lux 10.0,14,77.34375,91.40625,14.0625
Sub_02lux 10.0,15,77.34375,91.40625,14.0625
Sub_02lux 10.0,16,77.34375,91.40625,14.0625
Sub_02lux 10.0,17,77.34375,105.46875,28.125
Sub_02lux 10.0,18,77.34375,91.40625,14.0625
Sub_02lux 10.0,19,77.34375,91.40625,14.0625
Sub_02lux 10.0,20,84.375,91.40625,7.03125
Sub_02lux 10.0,21,84.375,91.40625,7.03125
Sub_02lux 10.0,22,84.375,105.46875,21.09375
Sub_02lux 10.0,23,84.375,77.34375,-7.03125
Sub_02lux 10.0,24,84.375,91.40625,7.03125
Sub_02lux 10.0,25,84.375,105.46875,21.09375
Sub_02lux 10.0,26,84.375,77.34375,-7.03125
Sub_02lux 10.0,27,84.375,105.46875,21.09375
Sub_02lux 10.0,28,84.375,77.34375,-7.03125
Sub_02lux 10.0,29,84.375,84.375,0.0
Sub_02lux 10.0,30,84.375,105.46875,21.09375
Sub_02lux 10.0,31,84.375,70.3125,-14.0625
Sub_02lux 10.0,32,84.375,105.46875,21.09375
Sub_02lux 10.0,33,84.375,105.46875,21.09375
Sub_02lux 10.0,34,84.375,84.375,0.0
Sub_02lux 10.0,35,84.375,84.375,0.0
Sub_02lux 10.0,36,84.375,77.34375,-7.03125
Sub_02lux 10.0,37,84.375,84.375,0.0
Sub_02lux 10.0,38,84.375,70.3125,-14.0625
Sub_02lux 10.0,39,84.375,70.3125,-14.0625
Sub_02lux 10.0,40,84.375,84.375,0.0
Sub_02lux 10.0,41,84.375,98.4375,14.0625
Sub_02lux 10.0,42,84.375,84.375,0.0
Sub_02lux 10.0,43,84.375,112.5,28.125
Sub_02lux 10.0,44,84.375,105.46875,21.09375
Sub_02lux 10.0,45,84.375,77.34375,-7.03125
Sub_02lux 10.0,46,84.375,77.34375,-7.03125
Sub_02lux 10.0,47,84.375,77.34375,-7.03125
Sub_02lux 10.0,48,84.375,112.5,28.125
Sub_02lux 10.0,49,84.375,84.375,0.0
Sub_02lux 10.0,50,84.375,77.34375,-7.03125
Sub_02lux 10.0,51,84.375,84.375,0.0
Sub_02lux 10.0,52,84.375,77.34375,-7.03125
Sub_02lux 10.0,53,84.375,84.375,0.0
Sub_02lux 10.0,54,84.375,91.40625,7.03125
Sub_02lux 10.0,55,84.375,84.375,0.0
Sub_02lux 10.0,56,84.375,91.40625,7.03125
Sub_02lux 10.0,57,84.375,84.375,0.0
Sub_02lux 10.0,58,84.375,91.40625,7.03125
Sub_02lux 10.0,59,84.375,91.40625,7.03125
Sub_02lux 10.0,60,84.375,91.40625,7.03125
Sub_02lux 10.0,61,84.375,91.40625,7.03125
Sub_02lux 10.0,62,84.375,91.40625,7.03125
Sub_02lux 10.0,63,84.375,91.40625,7.03125
Sub_02lux 10.0,64,84.375,91.40625,7.03125
Sub_02lux 10.0,65,84.375,91.40625,7.03125
Sub_02lux 10.0,66,84.375,91.40625,7.03125
Sub_02lux 10.0,67,84.375,91.40625,7.03125
Sub_02lux 10.0,68,84.375,91.40625,7.03125
Sub_02lux 10.0,69,84.375,91.40625,7.03125
Sub_02lux 10.0,70,84.375,77.34375,-7.03125
Sub_02lux 10.0,71,84.375,91.40625,7.03125
Sub_02lux 10.0,72,84.375,77.34375,-7.03125
Sub_02lux 10.0,73,84.375,91.40625,7.03125
Sub_02lux 10.0,74,84.375,105.46875,21.09375
Sub_02lux 10.0,75,84.375,84.375,0.0
Sub_02lux 10.0,76,84.375,91.40625,7.03125
Sub_02lux 10.0,77,84.375,105.46875,21.09375
Sub_02lux 10.0,78,84.375,77.34375,-7.03125
Sub_02lux 10.0,79,84.375,105.46875,21.09375
Sub_02lux 10.0,80,84.375,77.34375,-7.03125
Sub_02lux 10.0,81,84.375,105.46875,21.09375
Sub_02lux 10.0,82,84.375,105.46875,21.09375
Sub_02lux 10.0,83,84.375,98.4375,14.0625
Sub_02lux 10.0,84,84.375,77.34375,-7.03125
Sub_02lux 10.0,85,84.375,105.46875,21.09375
Sub_02lux 10.0,86,84.375,77.34375,-7.03125
Sub_02lux 10.0,87,84.375,105.46875,21.09375
Sub_02lux 10.0,88,84.375,77.34375,-7.03125
Sub_02lux 10.0,89,84.375,105.46875,21.09375
Sub_02lux 10.0,90,84.375,91.40625,7.03125
Sub_02lux 10.0,91,84.375,91.40625,7.03125
Sub_02lux 10.0,92,84.375,77.34375,-7.03125
Sub_02lux 10.0,93,84.375,91.40625,7.03125
Sub_02lux 10.0,94,84.375,77.34375,-7.03125
Sub_02lux 10.0,95,84.375,77.34375,-7.03125
Sub_02lux 10.0,96,84.375,77.34375,-7.03125
Sub_02lux 10.0,97,84.375,77.34375,-7.03125
Sub_02lux 10.0,98,84.375,77.34375,-7.03125
Sub_02lux 10.0,99,84.375,77.34375,-7.03125
Sub_02lux 10.0,100,84.375,84.375,0.0
Sub_02lux 10.0,101,84.375,84.375,0.0
Sub_02lux 10.0,102,84.375,77.34375,-7.03125
Sub_02lux 10.0,103,84.375,77.34375,-7.03125
Sub_02lux 10.0,104,84.375,84.375,0.0
Sub_02lux 10.0,105,84.375,84.375,0.0
Sub_02lux 10.0,106,84.375,84.375,0.0
Sub_02lux 10.0,107,84.375,84.375,0.0
Sub_02lux 10.0,108,84.375,84.375,0.0
Sub_02lux 10.0,109,84.375,84.375,0.0
Sub_02lux 10.0,110,84.375,84.375,0.0
Sub_02lux 10.0,111,84.375,84.375,0.0
Sub_02lux 10.0,112,84.375,84.375,0.0
Sub_02lux 10.0,113,84.375,84.375,0.0
Sub_02lux 10.0,114,84.375,63.28125,-21.09375
Sub_02lux 10.0,115,84.375,84.375,0.0
Sub_02lux 10.0,116,84.375,84.375,0.0
Sub_02lux 10.0,117,84.375,63.28125,-21.09375
Sub_02lux 10.0,118,84.375,84.375,0.0
Sub_02lux 10.0,119,84.375,63.28125,-21.09375
Sub_02lux 10.0,120,84.375,63.28125,-21.09375
Sub_02lux 10.0,121,84.375,63.28125,-21.09375
Sub_02lux 10.0,122,84.375,70.3125,-14.0625
Sub_02lux 10.0,123,91.40625,70.3125,-21.09375
Sub_02lux 10.0,124,91.40625,98.4375,7.03125
Sub_02lux 10.0,125,91.40625,84.375,-7.03125
Sub_02lux 10.0,126,91.40625,77.34375,-14.0625
Sub_02lux 10.0,127,91.40625,70.3125,-21.09375
Sub_02lux 10.0,128,91.40625,77.34375,-14.0625
Sub_02lux 10.0,129,91.40625,70.3125,-21.09375
Sub_02lux 10.0,130,91.40625,84.375,-7.03125
Sub_02lux 10.0,131,91.40625,70.3125,-21.09375
Sub_02lux 10.0,132,91.40625,84.375,-7.03125
Sub_02lux 10.0,133,91.40625,84.375,-7.03125
Sub_02lux 10.0,134,91.40625,84.375,-7.03125
Sub_02lux 10.0,135,91.40625,70.3125,-21.09375
Sub_02lux 10.0,136,91.40625,84.375,-7.03125
Sub_02lux 10.0,137,91.40625,105.46875,14.0625
Sub_02lux 10.0,138,91.40625,84.375,-7.03125
Sub_02lux 10.0,139,91.40625,84.375,-7.03125
Sub_02lux 10.0,140,91.40625,84.375,-7.03125
Sub_02lux 10.0,141,84.375,84.375,0.0
Sub_02lux 10.0,142,84.375,70.3125,-14.0625
Sub_02lux 10.0,143,84.375,70.3125,-14.0625
Sub_02lux 10.0,144,84.375,91.40625,7.03125
Sub_02lux 10.0,145,84.375,105.46875,21.09375
Sub_02lux 10.0,146,84.375,70.3125,-14.0625
Sub_02lux 10.0,147,70.3125,70.3125,0.0
Sub_02lux 10.0,148,70.3125,91.40625,21.09375
Sub_02lux 10.0,149,70.3125,91.40625,21.09375
Sub_02lux 10.0,150,70.3125,91.40625,21.09375
Sub_02lux 10.0,151,70.3125,70.3125,0.0
Sub_02lux 10.0,152,70.3125,105.46875,35.15625
Sub_02lux 10.0,153,70.3125,77.34375,7.03125
Sub_02lux 100.0,0,63.28125,56.25,-7.03125
Sub_02lux 100.0,1,63.28125,56.25,-7.03125
Sub_02lux 100.0,2,63.28125,56.25,-7.03125
Sub_02lux 100.0,3,63.28125,56.25,-7.03125
Sub_02lux 100.0,4,63.28125,56.25,-7.03125
Sub_02lux 100.0,5,63.28125,56.25,-7.03125
Sub_02lux 100.0,6,63.28125,56.25,-7.03125
Sub_02lux 100.0,7,63.28125,56.25,-7.03125
Sub_02lux 100.0,8,63.28125,56.25,-7.03125
Sub_02lux 100.0,9,63.28125,56.25,-7.03125
Sub_02lux 100.0,10,63.28125,63.28125,0.0
Sub_02lux 100.0,11,63.28125,63.28125,0.0
Sub_02lux 100.0,12,63.28125,63.28125,0.0
Sub_02lux 100.0,13,63.28125,63.28125,0.0
Sub_02lux 100.0,14,63.28125,63.28125,0.0
Sub_02lux 100.0,15,63.28125,63.28125,0.0
Sub_02lux 100.0,16,63.28125,63.28125,0.0
Sub_02lux 100.0,17,63.28125,63.28125,0.0
Sub_02lux 100.0,18,70.3125,63.28125,-7.03125
Sub_02lux 100.0,19,70.3125,63.28125,-7.03125
Sub_02lux 100.0,20,70.3125,63.28125,-7.03125
Sub_02lux 100.0,21,70.3125,63.28125,-7.03125
Sub_02lux 100.0,22,70.3125,70.3125,0.0
Sub_02lux 100.0,23,70.3125,70.3125,0.0
Sub_02lux 100.0,24,70.3125,70.3125,0.0
Sub_02lux 100.0,25,70.3125,70.3125,0.0
Sub_02lux 100.0,26,70.3125,70.3125,0.0
Sub_02lux 100.0,27,70.3125,70.3125,0.0
Sub_02lux 100.0,28,70.3125,70.3125,0.0
Sub_02lux 100.0,29,70.3125,70.3125,0.0
Sub_02lux 100.0,30,70.3125,70.3125,0.0
Sub_02lux 100.0,31,70.3125,70.3125,0.0
Sub_02lux 100.0,32,70.3125,70.3125,0.0
Sub_02lux 100.0,33,70.3125,70.3125,0.0
Sub_02lux 100.0,34,70.3125,70.3125,0.0
Sub_02lux 100.0,35,70.3125,70.3125,0.0
Sub_02lux 100.0,36,70.3125,70.3125,0.0
Sub_02lux 100.0,37,70.3125,70.3125,0.0
Sub_02lux 100.0,38,70.3125,70.3125,0.0
Sub_02lux 100.0,39,70.3125,70.3125,0.0
Sub_02lux 100.0,40,70.3125,70.3125,0.0
Sub_02lux 100.0,41,70.3125,70.3125,0.0
Sub_02lux 100.0,42,70.3125,70.3125,0.0
Sub_02lux 100.0,43,77.34375,70.3125,-7.03125
Sub_02lux 100.0,44,77.34375,70.3125,-7.03125
Sub_02lux 100.0,45,77.34375,70.3125,-7.03125
Sub_02lux 100.0,46,77.34375,70.3125,-7.03125
Sub_02lux 100.0,47,77.34375,70.3125,-7.03125
Sub_02lux 100.0,48,77.34375,70.3125,-7.03125
Sub_02lux 100.0,49,77.34375,70.3125,-7.03125
Sub_02lux 100.0,50,77.34375,70.3125,-7.03125
Sub_02lux 100.0,51,77.34375,70.3125,-7.03125
Sub_02lux 100.0,52,77.34375,70.3125,-7.03125
Sub_02lux 100.0,53,77.34375,77.34375,0.0
Sub_02lux 100.0,54,77.34375,77.34375,0.0
Sub_02lux 100.0,55,77.34375,77.34375,0.0
Sub_02lux 100.0,56,77.34375,77.34375,0.0
Sub_02lux 100.0,57,77.34375,77.34375,0.0
Sub_02lux 100.0,58,84.375,77.34375,-7.03125
Sub_02lux 100.0,59,84.375,77.34375,-7.03125
Sub_02lux 100.0,60,84.375,77.34375,-7.03125
Sub_02lux 100.0,61,84.375,77.34375,-7.03125
Sub_02lux 100.0,62,84.375,77.34375,-7.03125
Sub_02lux 100.0,63,84.375,77.34375,-7.03125
Sub_02lux 100.0,64,84.375,77.34375,-7.03125
Sub_02lux 100.0,65,84.375,77.34375,-7.03125
Sub_02lux 100.0,66,84.375,77.34375,-7.03125
Sub_02lux 100.0,67,84.375,84.375,0.0
Sub_02lux 100.0,68,84.375,84.375,0.0
Sub_02lux 100.0,69,84.375,77.34375,-7.03125
Sub_02lux 100.0,70,84.375,84.375,0.0
Sub_02lux 100.0,71,84.375,77.34375,-7.03125
Sub_02lux 100.0,72,77.34375,84.375,7.03125
Sub_02lux 100.0,73,77.34375,77.34375,0.0
Sub_02lux 100.0,74,77.34375,77.34375,0.0
Sub_02lux 100.0,75,77.34375,77.34375,0.0
Sub_02lux 100.0,76,77.34375,77.34375,0.0
Sub_02lux 100.0,77,77.34375,77.34375,0.0
Sub_02lux 100.0,78,77.34375,77.34375,0.0
Sub_02lux 100.0,79,77.34375,77.34375,0.0
Sub_02lux 100.0,80,77.34375,77.34375,0.0
Sub_02lux 100.0,81,77.34375,77.34375,0.0
Sub_02lux 100.0,82,77.34375,70.3125,-7.03125
Sub_02lux 100.0,83,77.34375,70.3125,-7.03125
Sub_02lux 100.0,84,77.34375,70.3125,-7.03125
Sub_02lux 100.0,85,77.34375,77.34375,0.0
Sub_02lux 100.0,86,77.34375,70.3125,-7.03125
Sub_02lux 100.0,87,77.34375,70.3125,-7.03125
Sub_02lux 100.0,88,77.34375,70.3125,-7.03125
Sub_02lux 100.0,89,77.34375,77.34375,0.0
Sub_02lux 100.0,90,77.34375,77.34375,0.0
Sub_02lux 100.0,91,77.34375,77.34375,0.0
Sub_02lux 100.0,92,77.34375,77.34375,0.0
Sub_02lux 100.0,93,77.34375,77.34375,0.0
Sub_02lux 100.0,94,77.34375,77.34375,0.0
Sub_02lux 100.0,95,77.34375,77.34375,0.0
Sub_02lux 100.0,96,77.34375,77.34375,0.0
Sub_02lux 100.0,97,77.34375,77.34375,0.0
Sub_02lux 100.0,98,77.34375,77.34375,0.0
Sub_02lux 100.0,99,77.34375,77.34375,0.0
Sub_02lux 100.0,100,77.34375,77.34375,0.0
Sub_02lux 100.0,101,77.34375,77.34375,0.0
Sub_02lux 100.0,102,77.34375,77.34375,0.0
Sub_02lux 100.0,103,77.34375,77.34375,0.0
Sub_02lux 100.0,104,77.34375,77.34375,0.0
Sub_02lux 100.0,105,77.34375,77.34375,0.0
Sub_02lux 100.0,106,84.375,77.34375,-7.03125
Sub_02lux 100.0,107,84.375,77.34375,-7.03125
Sub_02lux 100.0,108,84.375,77.34375,-7.03125
Sub_02lux 100.0,109,84.375,77.34375,-7.03125
Sub_02lux 100.0,110,84.375,77.34375,-7.03125
Sub_02lux 100.0,111,84.375,77.34375,-7.03125
Sub_02lux 100.0,112,84.375,77.34375,-7.03125
Sub_02lux 100.0,113,84.375,77.34375,-7.03125
Sub_02lux 100.0,114,84.375,77.34375,-7.03125
Sub_02lux 100.0,115,84.375,77.34375,-7.03125
Sub_02lux 100.0,116,84.375,77.34375,-7.03125
Sub_02lux 100.0,117,84.375,77.34375,-7.03125
Sub_02lux 100.0,118,77.34375,77.34375,0.0
Sub_02lux 100.0,119,84.375,77.34375,-7.03125
Sub_02lux 100.0,120,84.375,77.34375,-7.03125
Sub_02lux 100.0,121,84.375,77.34375,-7.03125
Sub_02lux 100.0,122,84.375,77.34375,-7.03125
Sub_02lux 100.0,123,84.375,77.34375,-7.03125
Sub_02lux 100.0,124,84.375,77.34375,-7.03125
Sub_02lux 100.0,125,84.375,77.34375,-7.03125
Sub_02lux 100.0,126,84.375,77.34375,-7.03125
Sub_02lux 100.0,127,84.375,77.34375,-7.03125
Sub_02lux 100.0,128,84.375,77.34375,-7.03125
Sub_02lux 100.0,129,84.375,77.34375,-7.03125
Sub_02lux 100.0,130,84.375,77.34375,-7.03125
Sub_02lux 100.0,131,84.375,77.34375,-7.03125
Sub_02lux 100.0,132,84.375,77.34375,-7.03125
Sub_02lux 100.0,133,84.375,77.34375,-7.03125
Sub_02lux 100.0,134,84.375,77.34375,-7.03125
Sub_02lux 100.0,135,84.375,84.375,0.0
Sub_02lux 100.0,136,84.375,84.375,0.0
Sub_02lux 100.0,137,84.375,84.375,0.0
Sub_02lux 100.0,138,84.375,77.34375,-7.03125
Sub_02lux 100.0,139,84.375,84.375,0.0
Sub_02lux 100.0,140,84.375,84.375,0.0
Sub_02lux 100.0,141,84.375,84.375,0.0
Sub_02lux 100.0,142,84.375,84.375,0.0
Sub_02lux 100.0,143,84.375,77.34375,-7.03125
Sub_02lux 100.0,144,84.375,84.375,0.0
Sub_02lux 100.0,145,84.375,77.34375,-7.03125
Sub_02lux 100.0,146,84.375,77.34375,-7.03125
Sub_02lux 100.0,147,84.375,77.34375,-7.03125
Sub_02lux 100.0,148,84.375,77.34375,-7.03125
Sub_02lux 100.0,149,84.375,77.34375,-7.03125
Sub_02lux 100.0,150,84.375,77.34375,-7.03125
Sub_02lux 100.0,151,84.375,77.34375,-7.03125
Sub_02lux 100.0,152,84.375,84.375,0.0
Sub_02lux 100.0,153,84.375,84.375,0.0
Sub_02lux 15.8,0,77.34375,84.375,7.03125
Sub_02lux 15.8,1,77.34375,84.375,7.03125
Sub_02lux 15.8,2,77.34375,84.375,7.03125
Sub_02lux 15.8,3,77.34375,77.34375,0.0
Sub_02lux 15.8,4,77.34375,84.375,7.03125
Sub_02lux 15.8,5,77.34375,84.375,7.03125
Sub_02lux 15.8,6,77.34375,77.34375,0.0
Sub_02lux 15.8,7,77.34375,91.40625,14.0625
Sub_02lux 15.8,8,77.34375,77.34375,0.0
Sub_02lux 15.8,9,77.34375,91.40625,14.0625
Sub_02lux 15.8,10,77.34375,77.34375,0.0
Sub_02lux 15.8,11,77.34375,77.34375,0.0
Sub_02lux 15.8,12,77.34375,77.34375,0.0
Sub_02lux 15.8,13,77.34375,91.40625,14.0625
Sub_02lux 15.8,14,77.34375,91.40625,14.0625
Sub_02lux 15.8,15,77.34375,77.34375,0.0
Sub_02lux 15.8,16,77.34375,77.34375,0.0
Sub_02lux 15.8,17,77.34375,77.34375,0.0
Sub_02lux 15.8,18,77.34375,77.34375,0.0
Sub_02lux 15.8,19,77.34375,77.34375,0.0
Sub_02lux 15.8,20,77.34375,77.34375,0.0
Sub_02lux 15.8,21,77.34375,70.3125,-7.03125
Sub_02lux 15.8,22,77.34375,98.4375,21.09375
Sub_02lux 15.8,23,77.34375,70.3125,-7.03125
Sub_02lux 15.8,24,77.34375,91.40625,14.0625
Sub_02lux 15.8,25,77.34375,77.34375,0.0
Sub_02lux 15.8,26,77.34375,91.40625,14.0625
Sub_02lux 15.8,27,77.34375,84.375,7.03125
Sub_02lux 15.8,28,77.34375,84.375,7.03125
Sub_02lux 15.8,29,77.34375,84.375,7.03125
Sub_02lux 15.8,30,77.34375,84.375,7.03125
Sub_02lux 15.8,31,77.34375,84.375,7.03125
Sub_02lux 15.8,32,77.34375,84.375,7.03125
Sub_02lux 15.8,33,77.34375,91.40625,14.0625
Sub_02lux 15.8,34,77.34375,84.375,7.03125
Sub_02lux 15.8,35,77.34375,98.4375,21.09375
Sub_02lux 15.8,36,77.34375,91.40625,14.0625
Sub_02lux 15.8,37,77.34375,84.375,7.03125
Sub_02lux 15.8,38,77.34375,98.4375,21.09375
Sub_02lux 15.8,39,77.34375,84.375,7.03125
Sub_02lux 15.8,40,77.34375,84.375,7.03125
Sub_02lux 15.8,41,77.34375,84.375,7.03125
Sub_02lux 15.8,42,77.34375,84.375,7.03125
Sub_02lux 15.8,43,77.34375,84.375,7.03125
Sub_02lux 15.8,44,77.34375,84.375,7.03125
Sub_02lux 15.8,45,77.34375,70.3125,-7.03125
Sub_02lux 15.8,46,77.34375,84.375,7.03125
Sub_02lux 15.8,47,77.34375,77.34375,0.0
Sub_02lux 15.8,48,77.34375,77.34375,0.0
Sub_02lux 15.8,49,77.34375,84.375,7.03125
Sub_02lux 15.8,50,77.34375,70.3125,-7.03125
Sub_02lux 15.8,51,77.34375,70.3125,-7.03125
Sub_02lux 15.8,52,77.34375,77.34375,0.0
Sub_02lux 15.8,53,77.34375,70.3125,-7.03125
Sub_02lux 15.8,54,77.34375,77.34375,0.0
Sub_02lux 15.8,55,77.34375,77.34375,0.0
Sub_02lux 15.8,56,77.34375,77.34375,0.0
Sub_02lux 15.8,57,77.34375,77.34375,0.0
Sub_02lux 15.8,58,77.34375,77.34375,0.0
Sub_02lux 15.8,59,77.34375,77.34375,0.0
Sub_02lux 15.8,60,77.34375,77.34375,0.0
Sub_02lux 15.8,61,77.34375,84.375,7.03125
Sub_02lux 15.8,62,84.375,91.40625,7.03125
Sub_02lux 15.8,63,84.375,91.40625,7.03125
Sub_02lux 15.8,64,84.375,91.40625,7.03125
Sub_02lux 15.8,65,84.375,84.375,0.0
Sub_02lux 15.8,66,84.375,98.4375,14.0625
Sub_02lux 15.8,67,84.375,91.40625,7.03125
Sub_02lux 15.8,68,84.375,84.375,0.0
Sub_02lux 15.8,69,84.375,70.3125,-14.0625
Sub_02lux 15.8,70,84.375,91.40625,7.03125
Sub_02lux 15.8,71,84.375,91.40625,7.03125
Sub_02lux 15.8,72,84.375,70.3125,-14.0625
Sub_02lux 15.8,73,84.375,91.40625,7.03125
Sub_02lux 15.8,74,84.375,84.375,0.0
Sub_02lux 15.8,75,77.34375,70.3125,-7.03125
Sub_02lux 15.8,76,77.34375,91.40625,14.0625
Sub_02lux 15.8,77,77.34375,70.3125,-7.03125
Sub_02lux 15.8,78,77.34375,70.3125,-7.03125
Sub_02lux 15.8,79,77.34375,98.4375,21.09375
Sub_02lux 15.8,80,77.34375,70.3125,-7.03125
Sub_02lux 15.8,81,77.34375,77.34375,0.0
Sub_02lux 15.8,82,77.34375,84.375,7.03125
Sub_02lux 15.8,83,77.34375,70.3125,-7.03125
Sub_02lux 15.8,84,77.34375,105.46875,28.125
Sub_02lux 15.8,85,77.34375,105.46875,28.125
Sub_02lux 15.8,86,77.34375,77.34375,0.0
Sub_02lux 15.8,87,84.375,70.3125,-14.0625
Sub_02lux 15.8,88,84.375,112.5,28.125
Sub_02lux 15.8,89,84.375,84.375,0.0
Sub_02lux 15.8,90,84.375,98.4375,14.0625
Sub_02lux 15.8,91,84.375,84.375,0.0
Sub_02lux 15.8,92,84.375,91.40625,7.03125
Sub_02lux 15.8,93,84.375,84.375,0.0
Sub_02lux 15.8,94,84.375,84.375,0.0
Sub_02lux 15.8,95,84.375,84.375,0.0
Sub_02lux 15.8,96,84.375,84.375,0.0
Sub_02lux 15.8,97,84.375,84.375,0.0
Sub_02lux 15.8,98,84.375,84.375,0.0
Sub_02lux 15.8,99,84.375,84.375,0.0
Sub_02lux 15.8,100,84.375,84.375,0.0
Sub_02lux 15.8,101,84.375,84.375,0.0
Sub_02lux 15.8,102,77.34375,84.375,7.03125
Sub_02lux 15.8,103,77.34375,84.375,7.03125
Sub_02lux 15.8,104,77.34375,84.375,7.03125
Sub_02lux 15.8,105,77.34375,84.375,7.03125
Sub_02lux 15.8,106,77.34375,84.375,7.03125
Sub_02lux 15.8,107,77.34375,91.40625,14.0625
Sub_02lux 15.8,108,77.34375,84.375,7.03125
Sub_02lux 15.8,109,77.34375,84.375,7.03125
Sub_02lux 15.8,110,77.34375,84.375,7.03125
Sub_02lux 15.8,111,77.34375,91.40625,14.0625
Sub_02lux 15.8,112,77.34375,84.375,7.03125
Sub_02lux 15.8,113,77.34375,84.375,7.03125
Sub_02lux 15.8,114,77.34375,84.375,7.03125
Sub_02lux 15.8,115,77.34375,98.4375,21.09375
Sub_02lux 15.8,116,84.375,98.4375,14.0625
Sub_02lux 15.8,117,84.375,98.4375,14.0625
Sub_02lux 15.8,118,84.375,84.375,0.0
Sub_02lux 15.8,119,84.375,98.4375,14.0625
Sub_02lux 15.8,120,84.375,105.46875,21.09375
Sub_02lux 15.8,121,84.375,98.4375,14.0625
Sub_02lux 15.8,122,84.375,98.4375,14.0625
Sub_02lux 15.8,123,84.375,98.4375,14.0625
Sub_02lux 15.8,124,84.375,77.34375,-7.03125
Sub_02lux 15.8,125,84.375,105.46875,21.09375
Sub_02lux 15.8,126,84.375,77.34375,-7.03125
Sub_02lux 15.8,127,84.375,105.46875,21.09375
Sub_02lux 15.8,128,84.375,98.4375,14.0625
Sub_02lux 15.8,129,84.375,77.34375,-7.03125
Sub_02lux 15.8,130,84.375,98.4375,14.0625
Sub_02lux 15.8,131,84.375,77.34375,-7.03125
Sub_02lux 15.8,132,84.375,84.375,0.0
Sub_02lux 15.8,133,84.375,77.34375,-7.03125
Sub_02lux 15.8,134,84.375,77.34375,-7.03125
Sub_02lux 15.8,135,84.375,77.34375,-7.03125
Sub_02lux 15.8,136,77.34375,77.34375,0.0
Sub_02lux 15.8,137,77.34375,77.34375,0.0
Sub_02lux 15.8,138,77.34375,84.375,7.03125
Sub_02lux 15.8,139,77.34375,84.375,7.03125
Sub_02lux 15.8,140,77.34375,84.375,7.03125
Sub_02lux 15.8,141,77.34375,84.375,7.03125
Sub_02lux 15.8,142,77.34375,84.375,7.03125
Sub_02lux 15.8,143,77.34375,84.375,7.03125
Sub_02lux 15.8,144,77.34375,84.375,7.03125
Sub_02lux 15.8,145,77.34375,84.375,7.03125
Sub_02lux 15.8,146,77.34375,84.375,7.03125
Sub_02lux 15.8,147,77.34375,77.34375,0.0
Sub_02lux 15.8,148,77.34375,84.375,7.03125
Sub_02lux 15.8,149,77.34375,77.34375,0.0
Sub_02lux 15.8,150,77.34375,84.375,7.03125
Sub_02lux 15.8,151,77.34375,77.34375,0.0
Sub_02lux 15.8,152,77.34375,84.375,7.03125
Sub_02lux 15.8,153,77.34375,77.34375,0.0
Sub_02lux 25.1,0,70.3125,84.375,14.0625
Sub_02lux 25.1,1,70.3125,84.375,14.0625
Sub_02lux 25.1,2,70.3125,84.375,14.0625
Sub_02lux 25.1,3,70.3125,84.375,14.0625
Sub_02lux 25.1,4,70.3125,84.375,14.0625
Sub_02lux 25.1,5,77.34375,84.375,7.03125
Sub_02lux 25.1,6,77.34375,77.34375,0.0
Sub_02lux 25.1,7,77.34375,77.34375,0.0
Sub_02lux 25.1,8,77.34375,77.34375,0.0
Sub_02lux 25.1,9,77.34375,77.34375,0.0
Sub_02lux 25.1,10,77.34375,77.34375,0.0
Sub_02lux 25.1,11,77.34375,77.34375,0.0
Sub_02lux 25.1,12,77.34375,77.34375,0.0
Sub_02lux 25.1,13,77.34375,77.34375,0.0
Sub_02lux 25.1,14,77.34375,77.34375,0.0
Sub_02lux 25.1,15,77.34375,77.34375,0.0
Sub_02lux 25.1,16,77.34375,77.34375,0.0
Sub_02lux 25.1,17,77.34375,70.3125,-7.03125
Sub_02lux 25.1,18,77.34375,77.34375,0.0
Sub_02lux 25.1,19,77.34375,70.3125,-7.03125
Sub_02lux 25.1,20,77.34375,70.3125,-7.03125
Sub_02lux 25.1,21,77.34375,70.3125,-7.03125
Sub_02lux 25.1,22,77.34375,70.3125,-7.03125
Sub_02lux 25.1,23,77.34375,77.34375,0.0
Sub_02lux 25.1,24,77.34375,77.34375,0.0
Sub_02lux 25.1,25,77.34375,77.34375,0.0
Sub_02lux 25.1,26,77.34375,77.34375,0.0
Sub_02lux 25.1,27,77.34375,77.34375,0.0
Sub_02lux 25.1,28,77.34375,77.34375,0.0
Sub_02lux 25.1,29,77.34375,77.34375,0.0
Sub_02lux 25.1,30,77.34375,77.34375,0.0
Sub_02lux 25.1,31,77.34375,77.34375,0.0
Sub_02lux 25.1,32,77.34375,77.34375,0.0
Sub_02lux 25.1,33,77.34375,77.34375,0.0
Sub_02lux 25.1,34,77.34375,77.34375,0.0
Sub_02lux 25.1,35,77.34375,77.34375,0.0
Sub_02lux 25.1,36,77.34375,77.34375,0.0
Sub_02lux 25.1,37,84.375,77.34375,-7.03125
Sub_02lux 25.1,38,84.375,77.34375,-7.03125
Sub_02lux 25.1,39,84.375,77.34375,-7.03125
Sub_02lux 25.1,40,84.375,91.40625,7.03125
Sub_02lux 25.1,41,84.375,98.4375,14.0625
Sub_02lux 25.1,42,84.375,91.40625,7.03125
Sub_02lux 25.1,43,84.375,105.46875,21.09375
Sub_02lux 25.1,44,84.375,77.34375,-7.03125
Sub_02lux 25.1,45,84.375,98.4375,14.0625
Sub_02lux 25.1,46,84.375,77.34375,-7.03125
Sub_02lux 25.1,47,84.375,98.4375,14.0625
Sub_02lux 25.1,48,84.375,77.34375,-7.03125
Sub_02lux 25.1,49,84.375,98.4375,14.0625
Sub_02lux 25.1,50,84.375,98.4375,14.0625
Sub_02lux 25.1,51,84.375,91.40625,7.03125
Sub_02lux 25.1,52,84.375,84.375,0.0
Sub_02lux 25.1,53,84.375,98.4375,14.0625
Sub_02lux 25.1,54,84.375,98.4375,14.0625
Sub_02lux 25.1,55,84.375,84.375,0.0
Sub_02lux 25.1,56,84.375,98.4375,14.0625
Sub_02lux 25.1,57,84.375,91.40625,7.03125
Sub_02lux 25.1,58,84.375,98.4375,14.0625
Sub_02lux 25.1,59,84.375,91.40625,7.03125
Sub_02lux 25.1,60,84.375,84.375,0.0
Sub_02lux 25.1,61,84.375,70.3125,-14.0625
Sub_02lux 25.1,62,84.375,77.34375,-7.03125
Sub_02lux 25.1,63,84.375,77.34375,-7.03125
Sub_02lux 25.1,64,84.375,84.375,0.0
Sub_02lux 25.1,65,84.375,70.3125,-14.0625
Sub_02lux 25.1,66,84.375,70.3125,-14.0625
Sub_02lux 25.1,67,84.375,70.3125,-14.0625
Sub_02lux 25.1,68,84.375,84.375,0.0
Sub_02lux 25.1,69,84.375,84.375,0.0
Sub_02lux 25.1,70,84.375,77.34375,-7.03125
Sub_02lux 25.1,71,84.375,98.4375,14.0625
Sub_02lux 25.1,72,84.375,98.4375,14.0625
Sub_02lux 25.1,73,84.375,98.4375,14.0625
Sub_02lux 25.1,74,91.40625,77.34375,-14.0625
Sub_02lux 25.1,75,91.40625,98.4375,7.03125
Sub_02lux 25.1,76,91.40625,63.28125,-28.125
Sub_02lux 25.1,77,91.40625,105.46875,14.0625
Sub_02lux 25.1,78,84.375,91.40625,7.03125
Sub_02lux 25.1,79,84.375,77.34375,-7.03125
Sub_02lux 25.1,80,84.375,91.40625,7.03125
Sub_02lux 25.1,81,84.375,91.40625,7.03125
Sub_02lux 25.1,82,84.375,91.40625,7.03125
Sub_02lux 25.1,83,84.375,70.3125,-14.0625
Sub_02lux 25.1,84,84.375,91.40625,7.03125
Sub_02lux 25.1,85,84.375,91.40625,7.03125
Sub_02lux 25.1,86,84.375,91.40625,7.03125
Sub_02lux 25.1,87,84.375,91.40625,7.03125
Sub_02lux 25.1,88,84.375,77.34375,-7.03125
Sub_02lux 25.1,89,84.375,91.40625,7.03125
Sub_02lux 25.1,90,84.375,91.40625,7.03125
Sub_02lux 25.1,91,84.375,91.40625,7.03125
Sub_02lux 25.1,92,84.375,91.40625,7.03125
Sub_02lux 25.1,93,84.375,91.40625,7.03125
Sub_02lux 25.1,94,84.375,91.40625,7.03125
Sub_02lux 25.1,95,77.34375,91.40625,14.0625
Sub_02lux 25.1,96,77.34375,91.40625,14.0625
Sub_02lux 25.1,97,77.34375,91.40625,14.0625
Sub_02lux 25.1,98,77.34375,91.40625,14.0625
Sub_02lux 25.1,99,77.34375,91.40625,14.0625
Sub_02lux 25.1,100,77.34375,91.40625,14.0625
Sub_02lux 25.1,101,77.34375,84.375,7.03125
Sub_02lux 25.1,102,84.375,84.375,0.0
Sub_02lux 25.1,103,84.375,84.375,0.0
Sub_02lux 25.1,104,84.375,77.34375,-7.03125
Sub_02lux 25.1,105,84.375,91.40625,7.03125
Sub_02lux 25.1,106,84.375,77.34375,-7.03125
Sub_02lux 25.1,107,84.375,91.40625,7.03125
Sub_02lux 25.1,108,84.375,91.40625,7.03125
Sub_02lux 25.1,109,84.375,91.40625,7.03125
Sub_02lux 25.1,110,84.375,91.40625,7.03125
Sub_02lux 25.1,111,84.375,91.40625,7.03125
Sub_02lux 25.1,112,84.375,91.40625,7.03125
Sub_02lux 25.1,113,84.375,91.40625,7.03125
Sub_02lux 25.1,114,84.375,84.375,0.0
Sub_02lux 25.1,115,84.375,91.40625,7.03125
Sub_02lux 25.1,116,84.375,84.375,0.0
Sub_02lux 25.1,117,84.375,91.40625,7.03125
Sub_02lux 25.1,118,84.375,84.375,0.0
Sub_02lux 25.1,119,77.34375,91.40625,14.0625
Sub_02lux 25.1,120,77.34375,84.375,7.03125
Sub_02lux 25.1,121,77.34375,91.40625,14.0625
Sub_02lux 25.1,122,77.34375,84.375,7.03125
Sub_02lux 25.1,123,77.34375,84.375,7.03125
Sub_02lux 25.1,124,77.34375,84.375,7.03125
Sub_02lux 25.1,125,77.34375,91.40625,14.0625
Sub_02lux 25.1,126,77.34375,84.375,7.03125
Sub_02lux 25.1,127,77.34375,84.375,7.03125
Sub_02lux 25.1,128,77.34375,91.40625,14.0625
Sub_02lux 25.1,129,77.34375,84.375,7.03125
Sub_02lux 25.1,130,77.34375,70.3125,-7.03125
Sub_02lux 25.1,131,77.34375,70.3125,-7.03125
Sub_02lux 25.1,132,77.34375,70.3125,-7.03125
Sub_02lux 25.1,133,77.34375,70.3125,-7.03125
Sub_02lux 25.1,134,77.34375,77.34375,0.0
Sub_02lux 25.1,135,77.34375,77.34375,0.0
Sub_02lux 25.1,136,77.34375,77.34375,0.0
Sub_02lux 25.1,137,77.34375,77.34375,0.0
Sub_02lux 25.1,138,77.34375,77.34375,0.0
Sub_02lux 25.1,139,77.34375,77.34375,0.0
Sub_02lux 25.1,140,77.34375,77.34375,0.0
Sub_02lux 25.1,141,77.34375,77.34375,0.0
Sub_02lux 25.1,142,77.34375,77.34375,0.0
Sub_02lux 25.1,143,77.34375,77.34375,0.0
Sub_02lux 25.1,144,77.34375,77.34375,0.0
Sub_02lux 25.1,145,77.34375,63.28125,-14.0625
Sub_02lux 25.1,146,77.34375,63.28125,-14.0625
Sub_02lux 25.1,147,77.34375,63.28125,-14.0625
Sub_02lux 25.1,148,77.34375,77.34375,0.0
Sub_02lux 25.1,149,77.34375,77.34375,0.0
Sub_02lux 25.1,150,77.34375,63.28125,-14.0625
Sub_02lux 25.1,151,77.34375,77.34375,0.0
Sub_02lux 25.1,152,77.34375,56.25,-21.09375
Sub_02lux 25.1,153,77.34375,91.40625,14.0625
Sub_02lux 39.8,0,63.28125,63.28125,0.0
Sub_02lux 39.8,1,63.28125,63.28125,0.0
Sub_02lux 39.8,2,63.28125,63.28125,0.0
Sub_02lux 39.8,3,63.28125,63.28125,0.0
Sub_02lux 39.8,4,63.28125,63.28125,0.0
Sub_02lux 39.8,5,63.28125,63.28125,0.0
Sub_02lux 39.8,6,63.28125,63.28125,0.0
Sub_02lux 39.8,7,63.28125,63.28125,0.0
Sub_02lux 39.8,8,63.28125,63.28125,0.0
Sub_02lux 39.8,9,70.3125,63.28125,-7.03125
Sub_02lux 39.8,10,70.3125,63.28125,-7.03125
Sub_02lux 39.8,11,70.3125,77.34375,7.03125
Sub_02lux 39.8,12,70.3125,77.34375,7.03125
Sub_02lux 39.8,13,70.3125,70.3125,0.0
Sub_02lux 39.8,14,70.3125,70.3125,0.0
Sub_02lux 39.8,15,70.3125,70.3125,0.0
Sub_02lux 39.8,16,70.3125,70.3125,0.0
Sub_02lux 39.8,17,77.34375,70.3125,-7.03125
Sub_02lux 39.8,18,77.34375,70.3125,-7.03125
Sub_02lux 39.8,19,77.34375,70.3125,-7.03125
Sub_02lux 39.8,20,77.34375,70.3125,-7.03125
Sub_02lux 39.8,21,77.34375,77.34375,0.0
Sub_02lux 39.8,22,77.34375,77.34375,0.0
Sub_02lux 39.8,23,77.34375,77.34375,0.0
Sub_02lux 39.8,24,77.34375,77.34375,0.0
Sub_02lux 39.8,25,77.34375,77.34375,0.0
Sub_02lux 39.8,26,77.34375,77.34375,0.0
Sub_02lux 39.8,27,77.34375,77.34375,0.0
Sub_02lux 39.8,28,77.34375,77.34375,0.0
Sub_02lux 39.8,29,77.34375,77.34375,0.0
Sub_02lux 39.8,30,77.34375,77.34375,0.0
Sub_02lux 39.8,31,77.34375,77.34375,0.0
Sub_02lux 39.8,32,77.34375,77.34375,0.0
Sub_02lux 39.8,33,77.34375,77.34375,0.0
Sub_02lux 39.8,34,77.34375,77.34375,0.0
Sub_02lux 39.8,35,77.34375,77.34375,0.0
Sub_02lux 39.8,36,77.34375,77.34375,0.0
Sub_02lux 39.8,37,77.34375,77.34375,0.0
Sub_02lux 39.8,38,77.34375,77.34375,0.0
Sub_02lux 39.8,39,77.34375,77.34375,0.0
Sub_02lux 39.8,40,77.34375,77.34375,0.0
Sub_02lux 39.8,41,77.34375,77.34375,0.0
Sub_02lux 39.8,42,77.34375,77.34375,0.0
Sub_02lux 39.8,43,77.34375,77.34375,0.0
Sub_02lux 39.8,44,77.34375,77.34375,0.0
Sub_02lux 39.8,45,77.34375,77.34375,0.0
Sub_02lux 39.8,46,77.34375,77.34375,0.0
Sub_02lux 39.8,47,77.34375,77.34375,0.0
Sub_02lux 39.8,48,77.34375,77.34375,0.0
Sub_02lux 39.8,49,77.34375,77.34375,0.0
Sub_02lux 39.8,50,77.34375,77.34375,0.0
Sub_02lux 39.8,51,77.34375,77.34375,0.0
Sub_02lux 39.8,52,77.34375,77.34375,0.0
Sub_02lux 39.8,53,77.34375,98.4375,21.09375
Sub_02lux 39.8,54,77.34375,77.34375,0.0
Sub_02lux 39.8,55,77.34375,77.34375,0.0
Sub_02lux 39.8,56,84.375,105.46875,21.09375
Sub_02lux 39.8,57,84.375,77.34375,-7.03125
Sub_02lux 39.8,58,84.375,77.34375,-7.03125
Sub_02lux 39.8,59,84.375,98.4375,14.0625
Sub_02lux 39.8,60,84.375,98.4375,14.0625
Sub_02lux 39.8,61,84.375,98.4375,14.0625
Sub_02lux 39.8,62,84.375,98.4375,14.0625
Sub_02lux 39.8,63,84.375,91.40625,7.03125
Sub_02lux 39.8,64,84.375,98.4375,14.0625
Sub_02lux 39.8,65,84.375,84.375,0.0
Sub_02lux 39.8,66,84.375,77.34375,-7.03125
Sub_02lux 39.8,67,84.375,84.375,0.0
Sub_02lux 39.8,68,84.375,70.3125,-14.0625
Sub_02lux 39.8,69,84.375,98.4375,14.0625
Sub_02lux 39.8,70,84.375,84.375,0.0
Sub_02lux 39.8,71,84.375,98.4375,14.0625
Sub_02lux 39.8,72,84.375,84.375,0.0
Sub_02lux 39.8,73,84.375,84.375,0.0
Sub_02lux 39.8,74,84.375,98.4375,14.0625
Sub_02lux 39.8,75,84.375,84.375,0.0
Sub_02lux 39.8,76,84.375,84.375,0.0
Sub_02lux 39.8,77,84.375,98.4375,14.0625
Sub_02lux 39.8,78,84.375,84.375,0.0
Sub_02lux 39.8,79,84.375,98.4375,14.0625
Sub_02lux 39.8,80,84.375,98.4375,14.0625
Sub_02lux 39.8,81,84.375,77.34375,-7.03125
Sub_02lux 39.8,82,84.375,98.4375,14.0625
Sub_02lux 39.8,83,84.375,77.34375,-7.03125
Sub_02lux 39.8,84,84.375,77.34375,-7.03125
Sub_02lux 39.8,85,84.375,70.3125,-14.0625
Sub_02lux 39.8,86,84.375,84.375,0.0
Sub_02lux 39.8,87,70.3125,70.3125,0.0
Sub_02lux 39.8,88,70.3125,70.3125,0.0
Sub_02lux 39.8,89,70.3125,70.3125,0.0
Sub_02lux 39.8,90,70.3125,70.3125,0.0
Sub_02lux 39.8,91,70.3125,70.3125,0.0
Sub_02lux 39.8,92,70.3125,70.3125,0.0
Sub_02lux 39.8,93,70.3125,70.3125,0.0
Sub_02lux 39.8,94,70.3125,70.3125,0.0
Sub_02lux 39.8,95,70.3125,70.3125,0.0
Sub_02lux 39.8,96,70.3125,70.3125,0.0
Sub_02lux 39.8,97,70.3125,70.3125,0.0
Sub_02lux 39.8,98,70.3125,70.3125,0.0
Sub_02lux 39.8,99,70.3125,70.3125,0.0
Sub_02lux 39.8,100,70.3125,70.3125,0.0
Sub_02lux 39.8,101,70.3125,70.3125,0.0
Sub_02lux 39.8,102,77.34375,70.3125,-7.03125
Sub_02lux 39.8,103,77.34375,70.3125,-7.03125
Sub_02lux 39.8,104,77.34375,84.375,7.03125
Sub_02lux 39.8,105,77.34375,84.375,7.03125
Sub_02lux 39.8,106,77.34375,84.375,7.03125
Sub_02lux 39.8,107,77.34375,84.375,7.03125
Sub_02lux 39.8,108,77.34375,84.375,7.03125
Sub_02lux 39.8,109,84.375,77.34375,-7.03125
Sub_02lux 39.8,110,84.375,84.375,0.0
Sub_02lux 39.8,111,84.375,77.34375,-7.03125
Sub_02lux 39.8,112,84.375,84.375,0.0
Sub_02lux 39.8,113,84.375,77.34375,-7.03125
Sub_02lux 39.8,114,84.375,84.375,0.0
Sub_02lux 39.8,115,84.375,84.375,0.0
Sub_02lux 39.8,116,84.375,84.375,0.0
Sub_02lux 39.8,117,84.375,84.375,0.0
Sub_02lux 39.8,118,84.375,84.375,0.0
Sub_02lux 39.8,119,84.375,84.375,0.0
Sub_02lux 39.8,120,84.375,84.375,0.0
Sub_02lux 39.8,121,84.375,84.375,0.0
Sub_02lux 39.8,122,84.375,98.4375,14.0625
Sub_02lux 39.8,123,84.375,84.375,0.0
Sub_02lux 39.8,124,84.375,98.4375,14.0625
Sub_02lux 39.8,125,84.375,98.4375,14.0625
Sub_02lux 39.8,126,84.375,98.4375,14.0625
Sub_02lux 39.8,127,84.375,91.40625,7.03125
Sub_02lux 39.8,128,84.375,91.40625,7.03125
Sub_02lux 39.8,129,84.375,91.40625,7.03125
Sub_02lux 39.8,130,84.375,91.40625,7.03125
Sub_02lux 39.8,131,84.375,91.40625,7.03125
Sub_02lux 39.8,132,84.375,91.40625,7.03125
Sub_02lux 39.8,133,84.375,91.40625,7.03125
Sub_02lux 39.8,134,77.34375,77.34375,0.0
Sub_02lux 39.8,135,77.34375,77.34375,0.0
Sub_02lux 39.8,136,77.34375,77.34375,0.0
Sub_02lux 39.8,137,77.34375,77.34375,0.0
Sub_02lux 39.8,138,77.34375,77.34375,0.0
Sub_02lux 39.8,139,77.34375,77.34375,0.0
Sub_02lux 39.8,140,77.34375,77.34375,0.0
Sub_02lux 39.8,141,77.34375,84.375,7.03125
Sub_02lux 39.8,142,77.34375,77.34375,0.0
Sub_02lux 39.8,143,77.34375,77.34375,0.0
Sub_02lux 39.8,144,77.34375,77.34375,0.0
Sub_02lux 39.8,145,77.34375,77.34375,0.0
Sub_02lux 39.8,146,77.34375,98.4375,21.09375
Sub_02lux 39.8,147,77.34375,77.34375,0.0
Sub_02lux 39.8,148,77.34375,77.34375,0.0
Sub_02lux 39.8,149,77.34375,77.34375,0.0
Sub_02lux 39.8,150,77.34375,77.34375,0.0
Sub_02lux 39.8,151,77.34375,77.34375,0.0
Sub_02lux 39.8,152,77.34375,77.34375,0.0
Sub_02lux 39.8,153,77.34375,77.34375,0.0
Sub_02lux 63.1,0,70.3125,84.375,14.0625
Sub_02lux 63.1,1,70.3125,70.3125,0.0
Sub_02lux 63.1,2,70.3125,84.375,14.0625
Sub_02lux 63.1,3,70.3125,84.375,14.0625
Sub_02lux 63.1,4,70.3125,70.3125,0.0
Sub_02lux 63.1,5,70.3125,84.375,14.0625
Sub_02lux 63.1,6,70.3125,98.4375,28.125
Sub_02lux 63.1,7,70.3125,70.3125,0.0
Sub_02lux 63.1,8,70.3125,70.3125,0.0
Sub_02lux 63.1,9,70.3125,70.3125,0.0
Sub_02lux 63.1,10,70.3125,70.3125,0.0
Sub_02lux 63.1,11,70.3125,70.3125,0.0
Sub_02lux 63.1,12,70.3125,77.34375,7.03125
Sub_02lux 63.1,13,77.34375,77.34375,0.0
Sub_02lux 63.1,14,77.34375,77.34375,0.0
Sub_02lux 63.1,15,77.34375,77.34375,0.0
Sub_02lux 63.1,16,77.34375,77.34375,0.0
Sub_02lux 63.1,17,77.34375,77.34375,0.0
Sub_02lux 63.1,18,77.34375,77.34375,0.0
Sub_02lux 63.1,19,77.34375,77.34375,0.0
Sub_02lux 63.1,20,77.34375,77.34375,0.0
Sub_02lux 63.1,21,77.34375,77.34375,0.0
Sub_02lux 63.1,22,77.34375,77.34375,0.0
Sub_02lux 63.1,23,77.34375,77.34375,0.0
Sub_02lux 63.1,24,77.34375,77.34375,0.0
Sub_02lux 63.1,25,77.34375,77.34375,0.0
Sub_02lux 63.1,26,77.34375,77.34375,0.0
Sub_02lux 63.1,27,77.34375,77.34375,0.0
Sub_02lux 63.1,28,77.34375,70.3125,-7.03125
Sub_02lux 63.1,29,77.34375,70.3125,-7.03125
Sub_02lux 63.1,30,77.34375,70.3125,-7.03125
Sub_02lux 63.1,31,77.34375,77.34375,0.0
Sub_02lux 63.1,32,77.34375,70.3125,-7.03125
Sub_02lux 63.1,33,77.34375,77.34375,0.0
Sub_02lux 63.1,34,77.34375,70.3125,-7.03125
Sub_02lux 63.1,35,77.34375,70.3125,-7.03125
Sub_02lux 63.1,36,77.34375,70.3125,-7.03125
Sub_02lux 63.1,37,77.34375,70.3125,-7.03125
Sub_02lux 63.1,38,77.34375,70.3125,-7.03125
Sub_02lux 63.1,39,70.3125,70.3125,0.0
Sub_02lux 63.1,40,70.3125,70.3125,0.0
Sub_02lux 63.1,41,70.3125,84.375,14.0625
Sub_02lux 63.1,42,70.3125,70.3125,0.0
Sub_02lux 63.1,43,77.34375,70.3125,-7.03125
Sub_02lux 63.1,44,77.34375,70.3125,-7.03125
Sub_02lux 63.1,45,77.34375,84.375,7.03125
Sub_02lux 63.1,46,77.34375,84.375,7.03125
Sub_02lux 63.1,47,77.34375,98.4375,21.09375
Sub_02lux 63.1,48,77.34375,84.375,7.03125
Sub_02lux 63.1,49,77.34375,84.375,7.03125
Sub_02lux 63.1,50,77.34375,84.375,7.03125
Sub_02lux 63.1,51,77.34375,98.4375,21.09375
Sub_02lux 63.1,52,77.34375,77.34375,0.0
Sub_02lux 63.1,53,77.34375,63.28125,-14.0625
Sub_02lux 63.1,54,77.34375,77.34375,0.0
Sub_02lux 63.1,55,84.375,77.34375,-7.03125
Sub_02lux 63.1,56,84.375,77.34375,-7.03125
Sub_02lux 63.1,57,84.375,77.34375,-7.03125
Sub_02lux 63.1,58,84.375,77.34375,-7.03125
Sub_02lux 63.1,59,84.375,91.40625,7.03125
Sub_02lux 63.1,60,84.375,91.40625,7.03125
Sub_02lux 63.1,61,84.375,91.40625,7.03125
Sub_02lux 63.1,62,84.375,77.34375,-7.03125
Sub_02lux 63.1,63,84.375,77.34375,-7.03125
Sub_02lux 63.1,64,84.375,91.40625,7.03125
Sub_02lux 63.1,65,91.40625,84.375,-7.03125
Sub_02lux 63.1,66,91.40625,98.4375,7.03125
Sub_02lux 63.1,67,91.40625,91.40625,0.0
Sub_02lux 63.1,68,91.40625,84.375,-7.03125
Sub_02lux 63.1,69,91.40625,63.28125,-28.125
Sub_02lux 63.1,70,91.40625,84.375,-7.03125
Sub_02lux 63.1,71,91.40625,84.375,-7.03125
Sub_02lux 63.1,72,91.40625,84.375,-7.03125
Sub_02lux 63.1,73,91.40625,84.375,-7.03125
Sub_02lux 63.1,74,91.40625,84.375,-7.03125
Sub_02lux 63.1,75,91.40625,84.375,-7.03125
Sub_02lux 63.1,76,91.40625,84.375,-7.03125
Sub_02lux 63.1,77,91.40625,84.375,-7.03125
Sub_02lux 63.1,78,91.40625,84.375,-7.03125
Sub_02lux 63.1,79,91.40625,84.375,-7.03125
Sub_02lux 63.1,80,91.40625,84.375,-7.03125
Sub_02lux 63.1,81,84.375,84.375,0.0
Sub_02lux 63.1,82,84.375,84.375,0.0
Sub_02lux 63.1,83,84.375,84.375,0.0
Sub_02lux 63.1,84,84.375,63.28125,-21.09375
Sub_02lux 63.1,85,84.375,84.375,0.0
Sub_02lux 63.1,86,84.375,84.375,0.0
Sub_02lux 63.1,87,84.375,84.375,0.0
Sub_02lux 63.1,88,84.375,84.375,0.0
Sub_02lux 63.1,89,84.375,70.3125,-14.0625
Sub_02lux 63.1,90,84.375,84.375,0.0
Sub_02lux 63.1,91,84.375,84.375,0.0
Sub_02lux 63.1,92,84.375,84.375,0.0
Sub_02lux 63.1,93,84.375,70.3125,-14.0625
Sub_02lux 63.1,94,84.375,70.3125,-14.0625
Sub_02lux 63.1,95,84.375,70.3125,-14.0625
Sub_02lux 63.1,96,77.34375,77.34375,0.0
Sub_02lux 63.1,97,77.34375,84.375,7.03125
Sub_02lux 63.1,98,77.34375,77.34375,0.0
Sub_02lux 63.1,99,77.34375,77.34375,0.0
Sub_02lux 63.1,100,77.34375,77.34375,0.0
Sub_02lux 63.1,101,77.34375,77.34375,0.0
Sub_02lux 63.1,102,77.34375,77.34375,0.0
Sub_02lux 63.1,103,77.34375,77.34375,0.0
Sub_02lux 63.1,104,77.34375,77.34375,0.0
Sub_02lux 63.1,105,77.34375,77.34375,0.0
Sub_02lux 63.1,106,77.34375,77.34375,0.0
Sub_02lux 63.1,107,77.34375,77.34375,0.0
Sub_02lux 63.1,108,77.34375,77.34375,0.0
Sub_02lux 63.1,109,77.34375,77.34375,0.0
Sub_02lux 63.1,110,77.34375,77.34375,0.0
Sub_02lux 63.1,111,77.34375,77.34375,0.0
Sub_02lux 63.1,112,77.34375,77.34375,0.0
Sub_02lux 63.1,113,77.34375,77.34375,0.0
Sub_02lux 63.1,114,77.34375,77.34375,0.0
Sub_02lux 63.1,115,77.34375,77.34375,0.0
Sub_02lux 63.1,116,77.34375,77.34375,0.0
Sub_02lux 63.1,117,70.3125,91.40625,21.09375
Sub_02lux 63.1,118,70.3125,91.40625,21.09375
Sub_02lux 63.1,119,70.3125,91.40625,21.09375
Sub_02lux 63.1,120,70.3125,70.3125,0.0
Sub_02lux 63.1,121,77.34375,91.40625,14.0625
Sub_02lux 63.1,122,77.34375,70.3125,-7.03125
Sub_02lux 63.1,123,77.34375,70.3125,-7.03125
Sub_02lux 63.1,124,77.34375,70.3125,-7.03125
Sub_02lux 63.1,125,77.34375,70.3125,-7.03125
Sub_02lux 63.1,126,77.34375,70.3125,-7.03125
Sub_02lux 63.1,127,77.34375,70.3125,-7.03125
Sub_02lux 63.1,128,77.34375,91.40625,14.0625
Sub_02lux 63.1,129,77.34375,70.3125,-7.03125
Sub_02lux 63.1,130,77.34375,91.40625,14.0625
Sub_02lux 63.1,131,77.34375,77.34375,0.0
Sub_02lux 63.1,132,77.34375,77.34375,0.0
Sub_02lux 63.1,133,77.34375,77.34375,0.0
Sub_02lux 63.1,134,77.34375,77.34375,0.0
Sub_02lux 63.1,135,77.34375,77.34375,0.0
Sub_02lux 63.1,136,77.34375,77.34375,0.0
Sub_02lux 63.1,137,77.34375,70.3125,-7.03125
Sub_02lux 63.1,138,77.34375,91.40625,14.0625
Sub_02lux 63.1,139,77.34375,70.3125,-7.03125
Sub_02lux 63.1,140,77.34375,91.40625,14.0625
Sub_02lux 63.1,141,77.34375,70.3125,-7.03125
Sub_02lux 63.1,142,77.34375,70.3125,-7.03125
Sub_02lux 63.1,143,77.34375,70.3125,-7.03125
Sub_02lux 63.1,144,77.34375,77.34375,0.0
Sub_02lux 63.1,145,77.34375,70.3125,-7.03125
Sub_02lux 63.1,146,77.34375,70.3125,-7.03125
Sub_02lux 63.1,147,77.34375,70.3125,-7.03125
Sub_02lux 63.1,148,70.3125,70.3125,0.0
Sub_02lux 63.1,149,70.3125,70.3125,0.0
Sub_02lux 63.1,150,70.3125,70.3125,0.0
Sub_02lux 63.1,151,70.3125,70.3125,0.0
Sub_02lux 63.1,152,70.3125,70.3125,0.0
Sub_02lux 63.1,153,70.3125,70.3125,0.0
Sub_03lux 10.0,0,77.34375,77.34375,0.0
Sub_03lux 10.0,1,77.34375,70.3125,-7.03125
Sub_03lux 10.0,2,77.34375,98.4375,21.09375
Sub_03lux 10.0,3,77.34375,98.4375,21.09375
Sub_03lux 10.0,4,77.34375,98.4375,21.09375
Sub_03lux 10.0,5,77.34375,91.40625,14.0625
Sub_03lux 10.0,6,77.34375,98.4375,21.09375
Sub_03lux 10.0,7,77.34375,91.40625,14.0625
Sub_03lux 10.0,8,77.34375,91.40625,14.0625
Sub_03lux 10.0,9,77.34375,84.375,7.03125
Sub_03lux 10.0,10,77.34375,98.4375,21.09375
Sub_03lux 10.0,11,77.34375,98.4375,21.09375
Sub_03lux 10.0,12,77.34375,84.375,7.03125
Sub_03lux 10.0,13,77.34375,91.40625,14.0625
Sub_03lux 10.0,14,77.34375,77.34375,0.0
Sub_03lux 10.0,15,77.34375,91.40625,14.0625
Sub_03lux 10.0,16,77.34375,77.34375,0.0
Sub_03lux 10.0,17,77.34375,84.375,7.03125
Sub_03lux 10.0,18,77.34375,77.34375,0.0
Sub_03lux 10.0,19,77.34375,77.34375,0.0
Sub_03lux 10.0,20,77.34375,77.34375,0.0
Sub_03lux 10.0,21,77.34375,77.34375,0.0
Sub_03lux 10.0,22,77.34375,84.375,7.03125
Sub_03lux 10.0,23,77.34375,77.34375,0.0
Sub_03lux 10.0,24,77.34375,84.375,7.03125
Sub_03lux 10.0,25,77.34375,84.375,7.03125
Sub_03lux 10.0,26,77.34375,84.375,7.03125
Sub_03lux 10.0,27,77.34375,84.375,7.03125
Sub_03lux 10.0,28,77.34375,84.375,7.03125
Sub_03lux 10.0,29,77.34375,84.375,7.03125
Sub_03lux 10.0,30,77.34375,84.375,7.03125
Sub_03lux 10.0,31,77.34375,84.375,7.03125
Sub_03lux 10.0,32,77.34375,70.3125,-7.03125
Sub_03lux 10.0,33,77.34375,84.375,7.03125
Sub_03lux 10.0,34,77.34375,77.34375,0.0
Sub_03lux 10.0,35,77.34375,70.3125,-7.03125
Sub_03lux 10.0,36,77.34375,98.4375,21.09375
Sub_03lux 10.0,37,77.34375,77.34375,0.0
Sub_03lux 10.0,38,77.34375,98.4375,21.09375
Sub_03lux 10.0,39,77.34375,91.40625,14.0625
Sub_03lux 10.0,40,77.34375,70.3125,-7.03125
Sub_03lux 10.0,41,77.34375,70.3125,-7.03125
Sub_03lux 10.0,42,77.34375,98.4375,21.09375
Sub_03lux 10.0,43,77.34375,77.34375,0.0
Sub_03lux 10.0,44,77.34375,98.4375,21.09375
Sub_03lux 10.0,45,77.34375,77.34375,0.0
Sub_03lux 10.0,46,77.34375,98.4375,21.09375
Sub_03lux 10.0,47,77.34375,98.4375,21.09375
Sub_03lux 10.0,48,77.34375,98.4375,21.09375
Sub_03lux 10.0,49,77.34375,98.4375,21.09375
Sub_03lux 10.0,50,77.34375,98.4375,21.09375
Sub_03lux 10.0,51,77.34375,98.4375,21.09375
Sub_03lux 10.0,52,77.34375,98.4375,21.09375
Sub_03lux 10.0,53,77.34375,98.4375,21.09375
Sub_03lux 10.0,54,77.34375,98.4375,21.09375
Sub_03lux 10.0,55,84.375,98.4375,14.0625
Sub_03lux 10.0,56,84.375,98.4375,14.0625
Sub_03lux 10.0,57,84.375,77.34375,-7.03125
Sub_03lux 10.0,58,84.375,98.4375,14.0625
Sub_03lux 10.0,59,84.375,70.3125,-14.0625
Sub_03lux 10.0,60,84.375,91.40625,7.03125
Sub_03lux 10.0,61,84.375,105.46875,21.09375
Sub_03lux 10.0,62,84.375,77.34375,-7.03125
Sub_03lux 10.0,63,84.375,112.5,28.125
Sub_03lux 10.0,64,84.375,105.46875,21.09375
Sub_03lux 10.0,65,84.375,84.375,0.0
Sub_03lux 10.0,66,84.375,105.46875,21.09375
Sub_03lux 10.0,67,84.375,84.375,0.0
Sub_03lux 10.0,68,84.375,112.5,28.125
Sub_03lux 10.0,69,84.375,105.46875,21.09375
Sub_03lux 10.0,70,84.375,84.375,0.0
Sub_03lux 10.0,71,84.375,84.375,0.0
Sub_03lux 10.0,72,84.375,84.375,0.0
Sub_03lux 10.0,73,84.375,84.375,0.0
Sub_03lux 10.0,74,84.375,112.5,28.125
Sub_03lux 10.0,75,84.375,77.34375,-7.03125
Sub_03lux 10.0,76,77.34375,112.5,35.15625
Sub_03lux 10.0,77,84.375,105.46875,21.09375
Sub_03lux 10.0,78,84.375,77.34375,-7.03125
Sub_03lux 10.0,79,84.375,112.5,28.125
Sub_03lux 10.0,80,84.375,77.34375,-7.03125
Sub_03lux 10.0,81,84.375,77.34375,-7.03125
Sub_03lux 10.0,82,84.375,77.34375,-7.03125
Sub_03lux 10.0,83,84.375,98.4375,14.0625
Sub_03lux 10.0,84,84.375,112.5,28.125
Sub_03lux 10.0,85,84.375,98.4375,14.0625
Sub_03lux 10.0,86,84.375,77.34375,-7.03125
Sub_03lux 10.0,87,84.375,112.5,28.125
Sub_03lux 10.0,88,84.375,77.34375,-7.03125
Sub_03lux 10.0,89,84.375,63.28125,-21.09375
Sub_03lux 10.0,90,84.375,112.5,28.125
Sub_03lux 10.0,91,84.375,91.40625,7.03125
Sub_03lux 10.0,92,84.375,84.375,0.0
Sub_03lux 10.0,93,84.375,91.40625,7.03125
Sub_03lux 10.0,94,84.375,91.40625,7.03125
Sub_03lux 10.0,95,84.375,77.34375,-7.03125
Sub_03lux 10.0,96,84.375,84.375,0.0
Sub_03lux 10.0,97,84.375,77.34375,-7.03125
Sub_03lux 10.0,98,84.375,77.34375,-7.03125
Sub_03lux 10.0,99,84.375,91.40625,7.03125
Sub_03lux 10.0,100,84.375,77.34375,-7.03125
Sub_03lux 10.0,101,84.375,84.375,0.0
Sub_03lux 10.0,102,77.34375,77.34375,0.0
Sub_03lux 10.0,103,77.34375,77.34375,0.0
Sub_03lux 10.0,104,77.34375,77.34375,0.0
Sub_03lux 10.0,105,77.34375,91.40625,14.0625
Sub_03lux 10.0,106,77.34375,77.34375,0.0
Sub_03lux 10.0,107,77.34375,91.40625,14.0625
Sub_03lux 10.0,108,77.34375,77.34375,0.0
Sub_03lux 10.0,109,77.34375,77.34375,0.0
Sub_03lux 10.0,110,77.34375,77.34375,0.0
Sub_03lux 10.0,111,77.34375,105.46875,28.125
Sub_03lux 10.0,112,77.34375,84.375,7.03125
Sub_03lux 10.0,113,77.34375,91.40625,14.0625
Sub_03lux 10.0,114,77.34375,84.375,7.03125
Sub_03lux 10.0,115,77.34375,112.5,35.15625
Sub_03lux 10.0,116,77.34375,105.46875,28.125
Sub_03lux 10.0,117,77.34375,105.46875,28.125
Sub_03lux 10.0,118,77.34375,84.375,7.03125
Sub_03lux 10.0,119,77.34375,91.40625,14.0625
Sub_03lux 10.0,120,77.34375,91.40625,14.0625
Sub_03lux 10.0,121,77.34375,91.40625,14.0625
Sub_03lux 10.0,122,77.34375,91.40625,14.0625
Sub_03lux 10.0,123,77.34375,77.34375,0.0
Sub_03lux 10.0,124,77.34375,84.375,7.03125
Sub_03lux 10.0,125,77.34375,77.34375,0.0
Sub_03lux 10.0,126,77.34375,84.375,7.03125
Sub_03lux 10.0,127,77.34375,77.34375,0.0
Sub_03lux 10.0,128,77.34375,77.34375,0.0
Sub_03lux 10.0,129,77.34375,77.34375,0.0
Sub_03lux 10.0,130,77.34375,98.4375,21.09375
Sub_03lux 10.0,131,77.34375,70.3125,-7.03125
Sub_03lux 10.0,132,77.34375,70.3125,-7.03125
Sub_03lux 10.0,133,77.34375,70.3125,-7.03125
Sub_03lux 10.0,134,77.34375,77.34375,0.0
Sub_03lux 10.0,135,77.34375,70.3125,-7.03125
Sub_03lux 10.0,136,77.34375,70.3125,-7.03125
Sub_03lux 10.0,137,77.34375,77.34375,0.0
Sub_03lux 10.0,138,77.34375,77.34375,0.0
Sub_03lux 10.0,139,77.34375,70.3125,-7.03125
Sub_03lux 10.0,140,77.34375,70.3125,-7.03125
Sub_03lux 10.0,141,77.34375,70.3125,-7.03125
Sub_03lux 10.0,142,77.34375,70.3125,-7.03125
Sub_03lux 10.0,143,77.34375,70.3125,-7.03125
Sub_03lux 10.0,144,77.34375,70.3125,-7.03125
Sub_03lux 10.0,145,77.34375,70.3125,-7.03125
Sub_03lux 10.0,146,77.34375,112.5,35.15625
Sub_03lux 10.0,147,77.34375,70.3125,-7.03125
Sub_03lux 10.0,148,77.34375,70.3125,-7.03125
Sub_03lux 10.0,149,77.34375,84.375,7.03125
Sub_03lux 10.0,150,77.34375,84.375,7.03125
Sub_03lux 10.0,151,77.34375,84.375,7.03125
Sub_03lux 10.0,152,77.34375,84.375,7.03125
Sub_03lux 10.0,153,77.34375,77.34375,0.0
Sub_03lux 100.0,0,77.34375,77.34375,0.0
Sub_03lux 100.0,1,77.34375,77.34375,0.0
Sub_03lux 100.0,2,77.34375,77.34375,0.0
Sub_03lux 100.0,3,77.34375,77.34375,0.0
Sub_03lux 100.0,4,77.34375,77.34375,0.0
Sub_03lux 100.0,5,77.34375,77.34375,0.0
Sub_03lux 100.0,6,77.34375,77.34375,0.0
Sub_03lux 100.0,7,77.34375,84.375,7.03125
Sub_03lux 100.0,8,77.34375,70.3125,-7.03125
Sub_03lux 100.0,9,77.34375,112.5,35.15625
Sub_03lux 100.0,10,77.34375,77.34375,0.0
Sub_03lux 100.0,11,77.34375,105.46875,28.125
Sub_03lux 100.0,12,77.34375,126.5625,49.21875
Sub_03lux 100.0,13,77.34375,77.34375,0.0
Sub_03lux 100.0,14,84.375,105.46875,21.09375
Sub_03lux 100.0,15,84.375,77.34375,-7.03125
Sub_03lux 100.0,16,84.375,105.46875,21.09375
Sub_03lux 100.0,17,84.375,105.46875,21.09375
Sub_03lux 100.0,18,84.375,84.375,0.0
Sub_03lux 100.0,19,84.375,105.46875,21.09375
Sub_03lux 100.0,20,84.375,84.375,0.0
Sub_03lux 100.0,21,84.375,84.375,0.0
Sub_03lux 100.0,22,84.375,77.34375,-7.03125
Sub_03lux 100.0,23,84.375,91.40625,7.03125
Sub_03lux 100.0,24,84.375,105.46875,21.09375
Sub_03lux 100.0,25,84.375,91.40625,7.03125
Sub_03lux 100.0,26,84.375,84.375,0.0
Sub_03lux 100.0,27,84.375,84.375,0.0
Sub_03lux 100.0,28,84.375,84.375,0.0
Sub_03lux 100.0,29,84.375,77.34375,-7.03125
Sub_03lux 100.0,30,84.375,77.34375,-7.03125
Sub_03lux 100.0,31,77.34375,84.375,7.03125
Sub_03lux 100.0,32,77.34375,84.375,7.03125
Sub_03lux 100.0,33,77.34375,84.375,7.03125
Sub_03lux 100.0,34,77.34375,84.375,7.03125
Sub_03lux 100.0,35,77.34375,84.375,7.03125
Sub_03lux 100.0,36,77.34375,77.34375,0.0
Sub_03lux 100.0,37,77.34375,77.34375,0.0
Sub_03lux 100.0,38,77.34375,77.34375,0.0
Sub_03lux 100.0,39,77.34375,77.34375,0.0
Sub_03lux 100.0,40,77.34375,77.34375,0.0
Sub_03lux 100.0,41,77.34375,77.34375,0.0
Sub_03lux 100.0,42,77.34375,77.34375,0.0
Sub_03lux 100.0,43,77.34375,77.34375,0.0
Sub_03lux 100.0,44,77.34375,77.34375,0.0
Sub_03lux 100.0,45,77.34375,77.34375,0.0
Sub_03lux 100.0,46,77.34375,77.34375,0.0
Sub_03lux 100.0,47,77.34375,77.34375,0.0
Sub_03lux 100.0,48,77.34375,77.34375,0.0
Sub_03lux 100.0,49,77.34375,77.34375,0.0
Sub_03lux 100.0,50,77.34375,77.34375,0.0
Sub_03lux 100.0,51,77.34375,77.34375,0.0
Sub_03lux 100.0,52,77.34375,77.34375,0.0
Sub_03lux 100.0,53,77.34375,77.34375,0.0
Sub_03lux 100.0,54,77.34375,77.34375,0.0
Sub_03lux 100.0,55,77.34375,77.34375,0.0
Sub_03lux 100.0,56,77.34375,77.34375,0.0
Sub_03lux 100.0,57,77.34375,77.34375,0.0
Sub_03lux 100.0,58,77.34375,77.34375,0.0
Sub_03lux 100.0,59,77.34375,77.34375,0.0
Sub_03lux 100.0,60,77.34375,77.34375,0.0
Sub_03lux 100.0,61,77.34375,77.34375,0.0
Sub_03lux 100.0,62,77.34375,77.34375,0.0
Sub_03lux 100.0,63,77.34375,77.34375,0.0
Sub_03lux 100.0,64,77.34375,77.34375,0.0
Sub_03lux 100.0,65,77.34375,77.34375,0.0
Sub_03lux 100.0,66,77.34375,77.34375,0.0
Sub_03lux 100.0,67,77.34375,77.34375,0.0
Sub_03lux 100.0,68,77.34375,77.34375,0.0
Sub_03lux 100.0,69,77.34375,77.34375,0.0
Sub_03lux 100.0,70,77.34375,77.34375,0.0
Sub_03lux 100.0,71,77.34375,77.34375,0.0
Sub_03lux 100.0,72,77.34375,77.34375,0.0
Sub_03lux 100.0,73,77.34375,77.34375,0.0
Sub_03lux 100.0,74,77.34375,77.34375,0.0
Sub_03lux 100.0,75,77.34375,77.34375,0.0
Sub_03lux 100.0,76,77.34375,77.34375,0.0
Sub_03lux 100.0,77,77.34375,77.34375,0.0
Sub_03lux 100.0,78,77.34375,77.34375,0.0
Sub_03lux 100.0,79,77.34375,77.34375,0.0
Sub_03lux 100.0,80,77.34375,77.34375,0.0
Sub_03lux 100.0,81,77.34375,77.34375,0.0
Sub_03lux 100.0,82,77.34375,77.34375,0.0
Sub_03lux 100.0,83,77.34375,77.34375,0.0
Sub_03lux 100.0,84,77.34375,77.34375,0.0
Sub_03lux 100.0,85,77.34375,77.34375,0.0
Sub_03lux 100.0,86,77.34375,77.34375,0.0
Sub_03lux 100.0,87,77.34375,77.34375,0.0
Sub_03lux 100.0,88,77.34375,77.34375,0.0
Sub_03lux 100.0,89,77.34375,77.34375,0.0
Sub_03lux 100.0,90,77.34375,77.34375,0.0
Sub_03lux 100.0,91,77.34375,77.34375,0.0
Sub_03lux 100.0,92,77.34375,77.34375,0.0
Sub_03lux 100.0,93,77.34375,77.34375,0.0
Sub_03lux 100.0,94,77.34375,77.34375,0.0
Sub_03lux 100.0,95,77.34375,77.34375,0.0
Sub_03lux 100.0,96,77.34375,77.34375,0.0
Sub_03lux 100.0,97,77.34375,77.34375,0.0
Sub_03lux 100.0,98,77.34375,77.34375,0.0
Sub_03lux 100.0,99,77.34375,77.34375,0.0
Sub_03lux 100.0,100,77.34375,77.34375,0.0
Sub_03lux 100.0,101,77.34375,77.34375,0.0
Sub_03lux 100.0,102,77.34375,77.34375,0.0
Sub_03lux 100.0,103,77.34375,77.34375,0.0
Sub_03lux 100.0,104,84.375,77.34375,-7.03125
Sub_03lux 100.0,105,84.375,77.34375,-7.03125
Sub_03lux 100.0,106,84.375,77.34375,-7.03125
Sub_03lux 100.0,107,84.375,77.34375,-7.03125
Sub_03lux 100.0,108,84.375,77.34375,-7.03125
Sub_03lux 100.0,109,84.375,77.34375,-7.03125
Sub_03lux 100.0,110,84.375,77.34375,-7.03125
Sub_03lux 100.0,111,84.375,77.34375,-7.03125
Sub_03lux 100.0,112,84.375,77.34375,-7.03125
Sub_03lux 100.0,113,84.375,77.34375,-7.03125
Sub_03lux 100.0,114,84.375,77.34375,-7.03125
Sub_03lux 100.0,115,84.375,77.34375,-7.03125
Sub_03lux 100.0,116,84.375,77.34375,-7.03125
Sub_03lux 100.0,117,84.375,77.34375,-7.03125
Sub_03lux 100.0,118,84.375,77.34375,-7.03125
Sub_03lux 100.0,119,84.375,77.34375,-7.03125
Sub_03lux 100.0,120,84.375,77.34375,-7.03125
Sub_03lux 100.0,121,84.375,84.375,0.0
Sub_03lux 100.0,122,84.375,91.40625,7.03125
Sub_03lux 100.0,123,84.375,77.34375,-7.03125
Sub_03lux 100.0,124,84.375,77.34375,-7.03125
Sub_03lux 100.0,125,84.375,77.34375,-7.03125
Sub_03lux 100.0,126,84.375,77.34375,-7.03125
Sub_03lux 100.0,127,84.375,77.34375,-7.03125
Sub_03lux 100.0,128,84.375,77.34375,-7.03125
Sub_03lux 100.0,129,84.375,77.34375,-7.03125
Sub_03lux 100.0,130,84.375,77.34375,-7.03125
Sub_03lux 100.0,131,84.375,84.375,0.0
Sub_03lux 100.0,132,84.375,77.34375,-7.03125
Sub_03lux 100.0,133,84.375,77.34375,-7.03125
Sub_03lux 100.0,134,84.375,77.34375,-7.03125
Sub_03lux 100.0,135,84.375,84.375,0.0
Sub_03lux 100.0,136,84.375,77.34375,-7.03125
Sub_03lux 100.0,137,84.375,77.34375,-7.03125
Sub_03lux 100.0,138,84.375,77.34375,-7.03125
Sub_03lux 100.0,139,84.375,77.34375,-7.03125
Sub_03lux 100.0,140,84.375,84.375,0.0
Sub_03lux 100.0,141,84.375,77.34375,-7.03125
Sub_03lux 100.0,142,84.375,77.34375,-7.03125
Sub_03lux 100.0,143,84.375,77.34375,-7.03125
Sub_03lux 100.0,144,84.375,77.34375,-7.03125
Sub_03lux 100.0,145,84.375,77.34375,-7.03125
Sub_03lux 100.0,146,84.375,84.375,0.0
Sub_03lux 100.0,147,84.375,77.34375,-7.03125
Sub_03lux 100.0,148,84.375,77.34375,-7.03125
Sub_03lux 100.0,149,77.34375,77.34375,0.0
Sub_03lux 100.0,150,77.34375,77.34375,0.0
Sub_03lux 100.0,151,77.34375,77.34375,0.0
Sub_03lux 100.0,152,77.34375,77.34375,0.0
Sub_03lux 100.0,153,77.34375,77.34375,0.0
Sub_03lux 15.8,0,77.34375,84.375,7.03125
Sub_03lux 15.8,1,77.34375,84.375,7.03125
Sub_03lux 15.8,2,77.34375,84.375,7.03125
Sub_03lux 15.8,3,77.34375,84.375,7.03125
Sub_03lux 15.8,4,77.34375,84.375,7.03125
Sub_03lux 15.8,5,77.34375,84.375,7.03125
Sub_03lux 15.8,6,77.34375,84.375,7.03125
Sub_03lux 15.8,7,77.34375,84.375,7.03125
Sub_03lux 15.8,8,77.34375,84.375,7.03125
Sub_03lux 15.8,9,77.34375,84.375,7.03125
Sub_03lux 15.8,10,77.34375,84.375,7.03125
Sub_03lux 15.8,11,77.34375,84.375,7.03125
Sub_03lux 15.8,12,77.34375,84.375,7.03125
Sub_03lux 15.8,13,77.34375,77.34375,0.0
Sub_03lux 15.8,14,77.34375,84.375,7.03125
Sub_03lux 15.8,15,77.34375,77.34375,0.0
Sub_03lux 15.8,16,77.34375,84.375,7.03125
Sub_03lux 15.8,17,77.34375,77.34375,0.0
Sub_03lux 15.8,18,77.34375,77.34375,0.0
Sub_03lux 15.8,19,77.34375,77.34375,0.0
Sub_03lux 15.8,20,77.34375,77.34375,0.0
Sub_03lux 15.8,21,77.34375,77.34375,0.0
Sub_03lux 15.8,22,77.34375,77.34375,0.0
Sub_03lux 15.8,23,77.34375,77.34375,0.0
Sub_03lux 15.8,24,77.34375,77.34375,0.0
Sub_03lux 15.8,25,77.34375,77.34375,0.0
Sub_03lux 15.8,26,77.34375,77.34375,0.0
Sub_03lux 15.8,27,77.34375,77.34375,0.0
Sub_03lux 15.8,28,77.34375,77.34375,0.0
Sub_03lux 15.8,29,77.34375,77.34375,0.0
Sub_03lux 15.8,30,77.34375,77.34375,0.0
Sub_03lux 15.8,31,77.34375,77.34375,0.0
Sub_03lux 15.8,32,77.34375,77.34375,0.0
Sub_03lux 15.8,33,77.34375,105.46875,28.125
Sub_03lux 15.8,34,77.34375,77.34375,0.0
Sub_03lux 15.8,35,77.34375,77.34375,0.0
Sub_03lux 15.8,36,77.34375,84.375,7.03125
Sub_03lux 15.8,37,77.34375,84.375,7.03125
Sub_03lux 15.8,38,84.375,91.40625,7.03125
Sub_03lux 15.8,39,77.34375,84.375,7.03125
Sub_03lux 15.8,40,84.375,84.375,0.0
Sub_03lux 15.8,41,77.34375,105.46875,28.125
Sub_03lux 15.8,42,77.34375,84.375,7.03125
Sub_03lux 15.8,43,77.34375,84.375,7.03125
Sub_03lux 15.8,44,77.34375,84.375,7.03125
Sub_03lux 15.8,45,77.34375,84.375,7.03125
Sub_03lux 15.8,46,77.34375,84.375,7.03125
Sub_03lux 15.8,47,84.375,77.34375,-7.03125
Sub_03lux 15.8,48,84.375,84.375,0.0
Sub_03lux 15.8,49,84.375,77.34375,-7.03125
Sub_03lux 15.8,50,84.375,84.375,0.0
Sub_03lux 15.8,51,84.375,77.34375,-7.03125
Sub_03lux 15.8,52,84.375,91.40625,7.03125
Sub_03lux 15.8,53,84.375,77.34375,-7.03125
Sub_03lux 15.8,54,84.375,98.4375,14.0625
Sub_03lux 15.8,55,84.375,77.34375,-7.03125
Sub_03lux 15.8,56,84.375,91.40625,7.03125
Sub_03lux 15.8,57,84.375,77.34375,-7.03125
Sub_03lux 15.8,58,84.375,77.34375,-7.03125
Sub_03lux 15.8,59,84.375,98.4375,14.0625
Sub_03lux 15.8,60,84.375,98.4375,14.0625
Sub_03lux 15.8,61,84.375,98.4375,14.0625
Sub_03lux 15.8,62,84.375,98.4375,14.0625
Sub_03lux 15.8,63,84.375,77.34375,-7.03125
Sub_03lux 15.8,64,84.375,77.34375,-7.03125
Sub_03lux 15.8,65,84.375,77.34375,-7.03125
Sub_03lux 15.8,66,84.375,91.40625,7.03125
Sub_03lux 15.8,67,84.375,77.34375,-7.03125
Sub_03lux 15.8,68,84.375,77.34375,-7.03125
Sub_03lux 15.8,69,77.34375,77.34375,0.0
Sub_03lux 15.8,70,77.34375,77.34375,0.0
Sub_03lux 15.8,71,77.34375,77.34375,0.0
Sub_03lux 15.8,72,77.34375,77.34375,0.0
Sub_03lux 15.8,73,77.34375,77.34375,0.0
Sub_03lux 15.8,74,77.34375,77.34375,0.0
Sub_03lux 15.8,75,77.34375,77.34375,0.0
Sub_03lux 15.8,76,77.34375,70.3125,-7.03125
Sub_03lux 15.8,77,77.34375,70.3125,-7.03125
Sub_03lux 15.8,78,77.34375,70.3125,-7.03125
Sub_03lux 15.8,79,77.34375,77.34375,0.0
Sub_03lux 15.8,80,77.34375,70.3125,-7.03125
Sub_03lux 15.8,81,77.34375,70.3125,-7.03125
Sub_03lux 15.8,82,77.34375,70.3125,-7.03125
Sub_03lux 15.8,83,77.34375,70.3125,-7.03125
Sub_03lux 15.8,84,77.34375,91.40625,14.0625
Sub_03lux 15.8,85,77.34375,91.40625,14.0625
Sub_03lux 15.8,86,77.34375,91.40625,14.0625
Sub_03lux 15.8,87,77.34375,91.40625,14.0625
Sub_03lux 15.8,88,77.34375,84.375,7.03125
Sub_03lux 15.8,89,77.34375,98.4375,21.09375
Sub_03lux 15.8,90,77.34375,98.4375,21.09375
Sub_03lux 15.8,91,84.375,84.375,0.0
Sub_03lux 15.8,92,84.375,84.375,0.0
Sub_03lux 15.8,93,84.375,84.375,0.0
Sub_03lux 15.8,94,84.375,77.34375,-7.03125
Sub_03lux 15.8,95,84.375,77.34375,-7.03125
Sub_03lux 15.8,96,84.375,77.34375,-7.03125
Sub_03lux 15.8,97,77.34375,77.34375,0.0
Sub_03lux 15.8,98,77.34375,77.34375,0.0
Sub_03lux 15.8,99,77.34375,77.34375,0.0
Sub_03lux 15.8,100,77.34375,77.34375,0.0
Sub_03lux 15.8,101,77.34375,77.34375,0.0
Sub_03lux 15.8,102,77.34375,77.34375,0.0
Sub_03lux 15.8,103,77.34375,77.34375,0.0
Sub_03lux 15.8,104,77.34375,77.34375,0.0
Sub_03lux 15.8,105,77.34375,77.34375,0.0
Sub_03lux 15.8,106,77.34375,77.34375,0.0
Sub_03lux 15.8,107,77.34375,105.46875,28.125
Sub_03lux 15.8,108,77.34375,84.375,7.03125
Sub_03lux 15.8,109,77.34375,77.34375,0.0
Sub_03lux 15.8,110,77.34375,77.34375,0.0
Sub_03lux 15.8,111,84.375,77.34375,-7.03125
Sub_03lux 15.8,112,84.375,77.34375,-7.03125
Sub_03lux 15.8,113,84.375,98.4375,14.0625
Sub_03lux 15.8,114,84.375,70.3125,-14.0625
Sub_03lux 15.8,115,84.375,98.4375,14.0625
Sub_03lux 15.8,116,84.375,98.4375,14.0625
Sub_03lux 15.8,117,84.375,98.4375,14.0625
Sub_03lux 15.8,118,84.375,98.4375,14.0625
Sub_03lux 15.8,119,84.375,84.375,0.0
Sub_03lux 15.8,120,84.375,84.375,0.0
Sub_03lux 15.8,121,84.375,98.4375,14.0625
Sub_03lux 15.8,122,84.375,84.375,0.0
Sub_03lux 15.8,123,84.375,98.4375,14.0625
Sub_03lux 15.8,124,84.375,98.4375,14.0625
Sub_03lux 15.8,125,84.375,91.40625,7.03125
Sub_03lux 15.8,126,77.34375,91.40625,14.0625
Sub_03lux 15.8,127,77.34375,91.40625,14.0625
Sub_03lux 15.8,128,77.34375,91.40625,14.0625
Sub_03lux 15.8,129,77.34375,70.3125,-7.03125
Sub_03lux 15.8,130,77.34375,70.3125,-7.03125
Sub_03lux 15.8,131,77.34375,91.40625,14.0625
Sub_03lux 15.8,132,77.34375,70.3125,-7.03125
Sub_03lux 15.8,133,77.34375,91.40625,14.0625
Sub_03lux 15.8,134,77.34375,70.3125,-7.03125
Sub_03lux 15.8,135,77.34375,91.40625,14.0625
Sub_03lux 15.8,136,77.34375,70.3125,-7.03125
Sub_03lux 15.8,137,77.34375,91.40625,14.0625
Sub_03lux 15.8,138,77.34375,70.3125,-7.03125
Sub_03lux 15.8,139,77.34375,91.40625,14.0625
Sub_03lux 15.8,140,77.34375,98.4375,21.09375
Sub_03lux 15.8,141,77.34375,91.40625,14.0625
Sub_03lux 15.8,142,77.34375,98.4375,21.09375
Sub_03lux 15.8,143,77.34375,91.40625,14.0625
Sub_03lux 15.8,144,77.34375,70.3125,-7.03125
Sub_03lux 15.8,145,77.34375,91.40625,14.0625
Sub_03lux 15.8,146,77.34375,91.40625,14.0625
Sub_03lux 15.8,147,77.34375,91.40625,14.0625
Sub_03lux 15.8,148,77.34375,105.46875,28.125
Sub_03lux 15.8,149,77.34375,84.375,7.03125
Sub_03lux 15.8,150,77.34375,77.34375,0.0
Sub_03lux 15.8,151,77.34375,91.40625,14.0625
Sub_03lux 15.8,152,84.375,91.40625,7.03125
Sub_03lux 15.8,153,84.375,105.46875,21.09375
Sub_03lux 25.1,0,84.375,84.375,0.0
Sub_03lux 25.1,1,84.375,84.375,0.0
Sub_03lux 25.1,2,84.375,84.375,0.0
Sub_03lux 25.1,3,84.375,84.375,0.0
Sub_03lux 25.1,4,84.375,84.375,0.0
Sub_03lux 25.1,5,84.375,84.375,0.0
Sub_03lux 25.1,6,84.375,84.375,0.0
Sub_03lux 25.1,7,84.375,84.375,0.0
Sub_03lux 25.1,8,84.375,84.375,0.0
Sub_03lux 25.1,9,84.375,84.375,0.0
Sub_03lux 25.1,10,84.375,84.375,0.0
Sub_03lux 25.1,11,84.375,84.375,0.0
Sub_03lux 25.1,12,84.375,84.375,0.0
Sub_03lux 25.1,13,84.375,84.375,0.0
Sub_03lux 25.1,14,84.375,84.375,0.0
Sub_03lux 25.1,15,84.375,84.375,0.0
Sub_03lux 25.1,16,84.375,84.375,0.0
Sub_03lux 25.1,17,84.375,84.375,0.0
Sub_03lux 25.1,18,84.375,84.375,0.0
Sub_03lux 25.1,19,84.375,84.375,0.0
Sub_03lux 25.1,20,84.375,84.375,0.0
Sub_03lux 25.1,21,84.375,84.375,0.0
Sub_03lux 25.1,22,84.375,77.34375,-7.03125
Sub_03lux 25.1,23,84.375,84.375,0.0
Sub_03lux 25.1,24,84.375,77.34375,-7.03125
Sub_03lux 25.1,25,84.375,77.34375,-7.03125
Sub_03lux 25.1,26,77.34375,77.34375,0.0
Sub_03lux 25.1,27,77.34375,77.34375,0.0
Sub_03lux 25.1,28,77.34375,77.34375,0.0
Sub_03lux 25.1,29,77.34375,77.34375,0.0
Sub_03lux 25.1,30,77.34375,77.34375,0.0
Sub_03lux 25.1,31,77.34375,77.34375,0.0
Sub_03lux 25.1,32,77.34375,77.34375,0.0
Sub_03lux 25.1,33,77.34375,77.34375,0.0
Sub_03lux 25.1,34,77.34375,77.34375,0.0
Sub_03lux 25.1,35,77.34375,77.34375,0.0
Sub_03lux 25.1,36,77.34375,77.34375,0.0
Sub_03lux 25.1,37,77.34375,77.34375,0.0
Sub_03lux 25.1,38,77.34375,70.3125,-7.03125
Sub_03lux 25.1,39,77.34375,105.46875,28.125
Sub_03lux 25.1,40,77.34375,70.3125,-7.03125
Sub_03lux 25.1,41,77.34375,70.3125,-7.03125
Sub_03lux 25.1,42,77.34375,70.3125,-7.03125
Sub_03lux 25.1,43,77.34375,77.34375,0.0
Sub_03lux 25.1,44,77.34375,77.34375,0.0
Sub_03lux 25.1,45,77.34375,112.5,35.15625
Sub_03lux 25.1,46,77.34375,77.34375,0.0
Sub_03lux 25.1,47,77.34375,105.46875,28.125
Sub_03lux 25.1,48,77.34375,77.34375,0.0
Sub_03lux 25.1,49,77.34375,84.375,7.03125
Sub_03lux 25.1,50,77.34375,77.34375,0.0
Sub_03lux 25.1,51,77.34375,77.34375,0.0
Sub_03lux 25.1,52,77.34375,77.34375,0.0
Sub_03lux 25.1,53,77.34375,98.4375,21.09375
Sub_03lux 25.1,54,77.34375,84.375,7.03125
Sub_03lux 25.1,55,84.375,84.375,0.0
Sub_03lux 25.1,56,84.375,84.375,0.0
Sub_03lux 25.1,57,84.375,98.4375,14.0625
Sub_03lux 25.1,58,84.375,84.375,0.0
Sub_03lux 25.1,59,84.375,84.375,0.0
Sub_03lux 25.1,60,84.375,84.375,0.0
Sub_03lux 25.1,61,84.375,84.375,0.0
Sub_03lux 25.1,62,84.375,84.375,0.0
Sub_03lux 25.1,63,84.375,84.375,0.0
Sub_03lux 25.1,64,84.375,84.375,0.0
Sub_03lux 25.1,65,84.375,84.375,0.0
Sub_03lux 25.1,66,84.375,84.375,0.0
Sub_03lux 25.1,67,84.375,84.375,0.0
Sub_03lux 25.1,68,84.375,84.375,0.0
Sub_03lux 25.1,69,84.375,84.375,0.0
Sub_03lux 25.1,70,84.375,77.34375,-7.03125
Sub_03lux 25.1,71,84.375,84.375,0.0
Sub_03lux 25.1,72,84.375,77.34375,-7.03125
Sub_03lux 25.1,73,84.375,84.375,0.0
Sub_03lux 25.1,74,84.375,77.34375,-7.03125
Sub_03lux 25.1,75,84.375,84.375,0.0
Sub_03lux 25.1,76,84.375,91.40625,7.03125
Sub_03lux 25.1,77,84.375,77.34375,-7.03125
Sub_03lux 25.1,78,84.375,77.34375,-7.03125
Sub_03lux 25.1,79,84.375,91.40625,7.03125
Sub_03lux 25.1,80,84.375,84.375,0.0
Sub_03lux 25.1,81,84.375,77.34375,-7.03125
Sub_03lux 25.1,82,84.375,84.375,0.0
Sub_03lux 25.1,83,84.375,77.34375,-7.03125
Sub_03lux 25.1,84,84.375,91.40625,7.03125
Sub_03lux 25.1,85,84.375,91.40625,7.03125
Sub_03lux 25.1,86,84.375,77.34375,-7.03125
Sub_03lux 25.1,87,91.40625,91.40625,0.0
Sub_03lux 25.1,88,91.40625,91.40625,0.0
Sub_03lux 25.1,89,91.40625,91.40625,0.0
Sub_03lux 25.1,90,91.40625,91.40625,0.0
Sub_03lux 25.1,91,91.40625,91.40625,0.0
Sub_03lux 25.1,92,91.40625,77.34375,-14.0625
Sub_03lux 25.1,93,91.40625,91.40625,0.0
Sub_03lux 25.1,94,91.40625,77.34375,-14.0625
Sub_03lux 25.1,95,91.40625,91.40625,0.0
Sub_03lux 25.1,96,91.40625,84.375,-7.03125
Sub_03lux 25.1,97,91.40625,91.40625,0.0
Sub_03lux 25.1,98,91.40625,84.375,-7.03125
Sub_03lux 25.1,99,91.40625,84.375,-7.03125
Sub_03lux 25.1,100,91.40625,84.375,-7.03125
Sub_03lux 25.1,101,91.40625,84.375,-7.03125
Sub_03lux 25.1,102,91.40625,84.375,-7.03125
Sub_03lux 25.1,103,91.40625,84.375,-7.03125
Sub_03lux 25.1,104,91.40625,84.375,-7.03125
Sub_03lux 25.1,105,91.40625,84.375,-7.03125
Sub_03lux 25.1,106,91.40625,84.375,-7.03125
Sub_03lux 25.1,107,91.40625,84.375,-7.03125
Sub_03lux 25.1,108,91.40625,84.375,-7.03125
Sub_03lux 25.1,109,84.375,84.375,0.0
Sub_03lux 25.1,110,84.375,84.375,0.0
Sub_03lux 25.1,111,84.375,84.375,0.0
Sub_03lux 25.1,112,84.375,84.375,0.0
Sub_03lux 25.1,113,84.375,84.375,0.0
Sub_03lux 25.1,114,84.375,84.375,0.0
Sub_03lux 25.1,115,84.375,84.375,0.0
Sub_03lux 25.1,116,84.375,91.40625,7.03125
Sub_03lux 25.1,117,84.375,84.375,0.0
Sub_03lux 25.1,118,84.375,70.3125,-14.0625
Sub_03lux 25.1,119,84.375,84.375,0.0
Sub_03lux 25.1,120,84.375,70.3125,-14.0625
Sub_03lux 25.1,121,84.375,84.375,0.0
Sub_03lux 25.1,122,84.375,98.4375,14.0625
Sub_03lux 25.1,123,84.375,98.4375,14.0625
Sub_03lux 25.1,124,84.375,84.375,0.0
Sub_03lux 25.1,125,84.375,84.375,0.0
Sub_03lux 25.1,126,84.375,84.375,0.0
Sub_03lux 25.1,127,84.375,84.375,0.0
Sub_03lux 25.1,128,84.375,84.375,0.0
Sub_03lux 25.1,129,84.375,84.375,0.0
Sub_03lux 25.1,130,84.375,84.375,0.0
Sub_03lux 25.1,131,84.375,77.34375,-7.03125
Sub_03lux 25.1,132,84.375,84.375,0.0
Sub_03lux 25.1,133,84.375,84.375,0.0
Sub_03lux 25.1,134,84.375,84.375,0.0
Sub_03lux 25.1,135,84.375,84.375,0.0
Sub_03lux 25.1,136,84.375,84.375,0.0
Sub_03lux 25.1,137,84.375,84.375,0.0
Sub_03lux 25.1,138,84.375,84.375,0.0
Sub_03lux 25.1,139,84.375,84.375,0.0
Sub_03lux 25.1,140,84.375,84.375,0.0
Sub_03lux 25.1,141,84.375,84.375,0.0
Sub_03lux 25.1,142,84.375,84.375,0.0
Sub_03lux 25.1,143,84.375,84.375,0.0
Sub_03lux 25.1,144,84.375,84.375,0.0
Sub_03lux 25.1,145,84.375,84.375,0.0
Sub_03lux 25.1,146,84.375,84.375,0.0
Sub_03lux 25.1,147,84.375,84.375,0.0
Sub_03lux 25.1,148,84.375,84.375,0.0
Sub_03lux 25.1,149,84.375,84.375,0.0
Sub_03lux 25.1,150,84.375,84.375,0.0
Sub_03lux 25.1,151,84.375,84.375,0.0
Sub_03lux 25.1,152,84.375,84.375,0.0
Sub_03lux 25.1,153,84.375,84.375,0.0
Sub_03lux 39.8,0,77.34375,77.34375,0.0
Sub_03lux 39.8,1,77.34375,77.34375,0.0
Sub_03lux 39.8,2,77.34375,77.34375,0.0
Sub_03lux 39.8,3,77.34375,77.34375,0.0
Sub_03lux 39.8,4,77.34375,77.34375,0.0
Sub_03lux 39.8,5,77.34375,77.34375,0.0
Sub_03lux 39.8,6,77.34375,77.34375,0.0
Sub_03lux 39.8,7,77.34375,77.34375,0.0
Sub_03lux 39.8,8,77.34375,77.34375,0.0
Sub_03lux 39.8,9,77.34375,77.34375,0.0
Sub_03lux 39.8,10,77.34375,77.34375,0.0
Sub_03lux 39.8,11,77.34375,77.34375,0.0
Sub_03lux 39.8,12,77.34375,77.34375,0.0
Sub_03lux 39.8,13,77.34375,77.34375,0.0
Sub_03lux 39.8,14,77.34375,77.34375,0.0
Sub_03lux 39.8,15,77.34375,77.34375,0.0
Sub_03lux 39.8,16,77.34375,77.34375,0.0
Sub_03lux 39.8,17,77.34375,77.34375,0.0
Sub_03lux 39.8,18,77.34375,77.34375,0.0
Sub_03lux 39.8,19,77.34375,77.34375,0.0
Sub_03lux 39.8,20,77.34375,77.34375,0.0
Sub_03lux 39.8,21,77.34375,77.34375,0.0
Sub_03lux 39.8,22,77.34375,77.34375,0.0
Sub_03lux 39.8,23,77.34375,77.34375,0.0
Sub_03lux 39.8,24,77.34375,77.34375,0.0
Sub_03lux 39.8,25,77.34375,77.34375,0.0
Sub_03lux 39.8,26,77.34375,77.34375,0.0
Sub_03lux 39.8,27,77.34375,77.34375,0.0
Sub_03lux 39.8,28,77.34375,77.34375,0.0
Sub_03lux 39.8,29,77.34375,77.34375,0.0
Sub_03lux 39.8,30,77.34375,77.34375,0.0
Sub_03lux 39.8,31,77.34375,77.34375,0.0
Sub_03lux 39.8,32,77.34375,77.34375,0.0
Sub_03lux 39.8,33,77.34375,84.375,7.03125
Sub_03lux 39.8,34,77.34375,84.375,7.03125
Sub_03lux 39.8,35,77.34375,84.375,7.03125
Sub_03lux 39.8,36,77.34375,77.34375,0.0
Sub_03lux 39.8,37,77.34375,105.46875,28.125
Sub_03lux 39.8,38,77.34375,105.46875,28.125
Sub_03lux 39.8,39,77.34375,105.46875,28.125
Sub_03lux 39.8,40,77.34375,98.4375,21.09375
Sub_03lux 39.8,41,77.34375,105.46875,28.125
Sub_03lux 39.8,42,77.34375,105.46875,28.125
Sub_03lux 39.8,43,77.34375,98.4375,21.09375
Sub_03lux 39.8,44,77.34375,105.46875,28.125
Sub_03lux 39.8,45,77.34375,105.46875,28.125
Sub_03lux 39.8,46,77.34375,105.46875,28.125
Sub_03lux 39.8,47,77.34375,77.34375,0.0
Sub_03lux 39.8,48,77.34375,77.34375,0.0
Sub_03lux 39.8,49,77.34375,105.46875,28.125
Sub_03lux 39.8,50,77.34375,77.34375,0.0
Sub_03lux 39.8,51,77.34375,77.34375,0.0
Sub_03lux 39.8,52,77.34375,77.34375,0.0
Sub_03lux 39.8,53,77.34375,77.34375,0.0
Sub_03lux 39.8,54,77.34375,77.34375,0.0
Sub_03lux 39.8,55,77.34375,77.34375,0.0
Sub_03lux 39.8,56,77.34375,91.40625,14.0625
Sub_03lux 39.8,57,77.34375,77.34375,0.0
Sub_03lux 39.8,58,77.34375,77.34375,0.0
Sub_03lux 39.8,59,77.34375,77.34375,0.0
Sub_03lux 39.8,60,77.34375,77.34375,0.0
Sub_03lux 39.8,61,77.34375,77.34375,0.0
Sub_03lux 39.8,62,77.34375,77.34375,0.0
Sub_03lux 39.8,63,77.34375,84.375,7.03125
Sub_03lux 39.8,64,77.34375,77.34375,0.0
Sub_03lux 39.8,65,77.34375,77.34375,0.0
Sub_03lux 39.8,66,77.34375,77.34375,0.0
Sub_03lux 39.8,67,77.34375,77.34375,0.0
Sub_03lux 39.8,68,77.34375,77.34375,0.0
Sub_03lux 39.8,69,77.34375,77.34375,0.0
Sub_03lux 39.8,70,77.34375,77.34375,0.0
Sub_03lux 39.8,71,77.34375,77.34375,0.0
Sub_03lux 39.8,72,77.34375,77.34375,0.0
Sub_03lux 39.8,73,77.34375,77.34375,0.0
Sub_03lux 39.8,74,77.34375,91.40625,14.0625
Sub_03lux 39.8,75,77.34375,77.34375,0.0
Sub_03lux 39.8,76,77.34375,91.40625,14.0625
Sub_03lux 39.8,77,77.34375,77.34375,0.0
Sub_03lux 39.8,78,77.34375,77.34375,0.0
Sub_03lux 39.8,79,77.34375,77.34375,0.0
Sub_03lux 39.8,80,77.34375,77.34375,0.0
Sub_03lux 39.8,81,77.34375,77.34375,0.0
Sub_03lux 39.8,82,77.34375,77.34375,0.0
Sub_03lux 39.8,83,77.34375,84.375,7.03125
Sub_03lux 39.8,84,77.34375,77.34375,0.0
Sub_03lux 39.8,85,77.34375,84.375,7.03125
Sub_03lux 39.8,86,77.34375,84.375,7.03125
Sub_03lux 39.8,87,84.375,84.375,0.0
Sub_03lux 39.8,88,84.375,84.375,0.0
Sub_03lux 39.8,89,84.375,84.375,0.0
Sub_03lux 39.8,90,84.375,84.375,0.0
Sub_03lux 39.8,91,84.375,77.34375,-7.03125
Sub_03lux 39.8,92,84.375,77.34375,-7.03125
Sub_03lux 39.8,93,84.375,77.34375,-7.03125
Sub_03lux 39.8,94,84.375,77.34375,-7.03125
Sub_03lux 39.8,95,84.375,77.34375,-7.03125
Sub_03lux 39.8,96,84.375,77.34375,-7.03125
Sub_03lux 39.8,97,84.375,77.34375,-7.03125
Sub_03lux 39.8,98,84.375,77.34375,-7.03125
Sub_03lux 39.8,99,77.34375,77.34375,0.0
Sub_03lux 39.8,100,77.34375,77.34375,0.0
Sub_03lux 39.8,101,77.34375,91.40625,14.0625
Sub_03lux 39.8,102,77.34375,77.34375,0.0
Sub_03lux 39.8,103,77.34375,77.34375,0.0
Sub_03lux 39.8,104,77.34375,77.34375,0.0
Sub_03lux 39.8,105,77.34375,77.34375,0.0
Sub_03lux 39.8,106,77.34375,77.34375,0.0
Sub_03lux 39.8,107,77.34375,77.34375,0.0
Sub_03lux 39.8,108,77.34375,77.34375,0.0
Sub_03lux 39.8,109,77.34375,77.34375,0.0
Sub_03lux 39.8,110,77.34375,77.34375,0.0
Sub_03lux 39.8,111,77.34375,77.34375,0.0
Sub_03lux 39.8,112,77.34375,77.34375,0.0
Sub_03lux 39.8,113,77.34375,77.34375,0.0
Sub_03lux 39.8,114,77.34375,77.34375,0.0
Sub_03lux 39.8,115,77.34375,77.34375,0.0
Sub_03lux 39.8,116,77.34375,77.34375,0.0
Sub_03lux 39.8,117,77.34375,77.34375,0.0
Sub_03lux 39.8,118,77.34375,77.34375,0.0
Sub_03lux 39.8,119,77.34375,77.34375,0.0
Sub_03lux 39.8,120,77.34375,77.34375,0.0
Sub_03lux 39.8,121,77.34375,77.34375,0.0
Sub_03lux 39.8,122,77.34375,77.34375,0.0
Sub_03lux 39.8,123,77.34375,77.34375,0.0
Sub_03lux 39.8,124,77.34375,77.34375,0.0
Sub_03lux 39.8,125,77.34375,77.34375,0.0
Sub_03lux 39.8,126,77.34375,77.34375,0.0
Sub_03lux 39.8,127,77.34375,77.34375,0.0
Sub_03lux 39.8,128,77.34375,77.34375,0.0
Sub_03lux 39.8,129,77.34375,77.34375,0.0
Sub_03lux 39.8,130,77.34375,77.34375,0.0
Sub_03lux 39.8,131,77.34375,77.34375,0.0
Sub_03lux 39.8,132,77.34375,77.34375,0.0
Sub_03lux 39.8,133,77.34375,77.34375,0.0
Sub_03lux 39.8,134,77.34375,77.34375,0.0
Sub_03lux 39.8,135,77.34375,77.34375,0.0
Sub_03lux 39.8,136,77.34375,77.34375,0.0
Sub_03lux 39.8,137,77.34375,77.34375,0.0
Sub_03lux 39.8,138,77.34375,77.34375,0.0
Sub_03lux 39.8,139,77.34375,77.34375,0.0
Sub_03lux 39.8,140,77.34375,77.34375,0.0
Sub_03lux 39.8,141,77.34375,77.34375,0.0
Sub_03lux 39.8,142,84.375,91.40625,7.03125
Sub_03lux 39.8,143,84.375,98.4375,14.0625
Sub_03lux 39.8,144,84.375,91.40625,7.03125
Sub_03lux 39.8,145,84.375,84.375,0.0
Sub_03lux 39.8,146,84.375,91.40625,7.03125
Sub_03lux 39.8,147,84.375,91.40625,7.03125
Sub_03lux 39.8,148,84.375,84.375,0.0
Sub_03lux 39.8,149,84.375,84.375,0.0
Sub_03lux 39.8,150,84.375,84.375,0.0
Sub_03lux 39.8,151,84.375,84.375,0.0
Sub_03lux 39.8,152,84.375,84.375,0.0
Sub_03lux 39.8,153,84.375,84.375,0.0
Sub_03lux 63.1,0,77.34375,77.34375,0.0
Sub_03lux 63.1,1,77.34375,77.34375,0.0
Sub_03lux 63.1,2,77.34375,77.34375,0.0
Sub_03lux 63.1,3,77.34375,77.34375,0.0
Sub_03lux 63.1,4,77.34375,77.34375,0.0
Sub_03lux 63.1,5,77.34375,77.34375,0.0
Sub_03lux 63.1,6,77.34375,77.34375,0.0
Sub_03lux 63.1,7,77.34375,77.34375,0.0
Sub_03lux 63.1,8,77.34375,77.34375,0.0
Sub_03lux 63.1,9,77.34375,77.34375,0.0
Sub_03lux 63.1,10,77.34375,77.34375,0.0
Sub_03lux 63.1,11,77.34375,77.34375,0.0
Sub_03lux 63.1,12,77.34375,77.34375,0.0
Sub_03lux 63.1,13,77.34375,77.34375,0.0
Sub_03lux 63.1,14,77.34375,77.34375,0.0
Sub_03lux 63.1,15,77.34375,77.34375,0.0
Sub_03lux 63.1,16,77.34375,77.34375,0.0
Sub_03lux 63.1,17,77.34375,77.34375,0.0
Sub_03lux 63.1,18,77.34375,77.34375,0.0
Sub_03lux 63.1,19,77.34375,77.34375,0.0
Sub_03lux 63.1,20,77.34375,77.34375,0.0
Sub_03lux 63.1,21,77.34375,77.34375,0.0
Sub_03lux 63.1,22,77.34375,77.34375,0.0
Sub_03lux 63.1,23,77.34375,77.34375,0.0
Sub_03lux 63.1,24,77.34375,77.34375,0.0
Sub_03lux 63.1,25,77.34375,77.34375,0.0
Sub_03lux 63.1,26,77.34375,77.34375,0.0
Sub_03lux 63.1,27,77.34375,77.34375,0.0
Sub_03lux 63.1,28,77.34375,77.34375,0.0
Sub_03lux 63.1,29,77.34375,77.34375,0.0
Sub_03lux 63.1,30,77.34375,77.34375,0.0
Sub_03lux 63.1,31,77.34375,77.34375,0.0
Sub_03lux 63.1,32,77.34375,77.34375,0.0
Sub_03lux 63.1,33,77.34375,77.34375,0.0
Sub_03lux 63.1,34,84.375,77.34375,-7.03125
Sub_03lux 63.1,35,84.375,77.34375,-7.03125
Sub_03lux 63.1,36,84.375,77.34375,-7.03125
Sub_03lux 63.1,37,84.375,84.375,0.0
Sub_03lux 63.1,38,84.375,77.34375,-7.03125
Sub_03lux 63.1,39,84.375,84.375,0.0
Sub_03lux 63.1,40,84.375,84.375,0.0
Sub_03lux 63.1,41,84.375,84.375,0.0
Sub_03lux 63.1,42,84.375,84.375,0.0
Sub_03lux 63.1,43,84.375,84.375,0.0
Sub_03lux 63.1,44,84.375,84.375,0.0
Sub_03lux 63.1,45,84.375,84.375,0.0
Sub_03lux 63.1,46,84.375,84.375,0.0
Sub_03lux 63.1,47,84.375,84.375,0.0
Sub_03lux 63.1,48,84.375,84.375,0.0
Sub_03lux 63.1,49,84.375,84.375,0.0
Sub_03lux 63.1,50,84.375,84.375,0.0
Sub_03lux 63.1,51,84.375,84.375,0.0
Sub_03lux 63.1,52,84.375,77.34375,-7.03125
Sub_03lux 63.1,53,84.375,77.34375,-7.03125
Sub_03lux 63.1,54,84.375,77.34375,-7.03125
Sub_03lux 63.1,55,84.375,77.34375,-7.03125
Sub_03lux 63.1,56,84.375,77.34375,-7.03125
Sub_03lux 63.1,57,84.375,77.34375,-7.03125
Sub_03lux 63.1,58,84.375,77.34375,-7.03125
Sub_03lux 63.1,59,84.375,77.34375,-7.03125
Sub_03lux 63.1,60,84.375,77.34375,-7.03125
Sub_03lux 63.1,61,84.375,77.34375,-7.03125
Sub_03lux 63.1,62,84.375,77.34375,-7.03125
Sub_03lux 63.1,63,84.375,77.34375,-7.03125
Sub_03lux 63.1,64,84.375,77.34375,-7.03125
Sub_03lux 63.1,65,84.375,77.34375,-7.03125
Sub_03lux 63.1,66,84.375,77.34375,-7.03125
Sub_03lux 63.1,67,84.375,77.34375,-7.03125
Sub_03lux 63.1,68,84.375,77.34375,-7.03125
Sub_03lux 63.1,69,84.375,77.34375,-7.03125
Sub_03lux 63.1,70,84.375,77.34375,-7.03125
Sub_03lux 63.1,71,84.375,77.34375,-7.03125
Sub_03lux 63.1,72,84.375,84.375,0.0
Sub_03lux 63.1,73,84.375,84.375,0.0
Sub_03lux 63.1,74,84.375,84.375,0.0
Sub_03lux 63.1,75,84.375,84.375,0.0
Sub_03lux 63.1,76,84.375,84.375,0.0
Sub_03lux 63.1,77,84.375,84.375,0.0
Sub_03lux 63.1,78,84.375,84.375,0.0
Sub_03lux 63.1,79,84.375,84.375,0.0
Sub_03lux 63.1,80,84.375,84.375,0.0
Sub_03lux 63.1,81,84.375,84.375,0.0
Sub_03lux 63.1,82,84.375,84.375,0.0
Sub_03lux 63.1,83,84.375,84.375,0.0
Sub_03lux 63.1,84,84.375,84.375,0.0
Sub_03lux 63.1,85,84.375,84.375,0.0
Sub_03lux 63.1,86,84.375,84.375,0.0
Sub_03lux 63.1,87,84.375,84.375,0.0
Sub_03lux 63.1,88,84.375,84.375,0.0
Sub_03lux 63.1,89,84.375,84.375,0.0
Sub_03lux 63.1,90,84.375,84.375,0.0
Sub_03lux 63.1,91,84.375,84.375,0.0
Sub_03lux 63.1,92,84.375,84.375,0.0
Sub_03lux 63.1,93,84.375,84.375,0.0
Sub_03lux 63.1,94,84.375,84.375,0.0
Sub_03lux 63.1,95,84.375,84.375,0.0
Sub_03lux 63.1,96,84.375,84.375,0.0
Sub_03lux 63.1,97,84.375,84.375,0.0
Sub_03lux 63.1,98,84.375,84.375,0.0
Sub_03lux 63.1,99,84.375,84.375,0.0
Sub_03lux 63.1,100,84.375,84.375,0.0
Sub_03lux 63.1,101,84.375,84.375,0.0
Sub_03lux 63.1,102,84.375,84.375,0.0
Sub_03lux 63.1,103,84.375,84.375,0.0
Sub_03lux 63.1,104,84.375,84.375,0.0
Sub_03lux 63.1,105,84.375,84.375,0.0
Sub_03lux 63.1,106,84.375,84.375,0.0
Sub_03lux 63.1,107,84.375,84.375,0.0
Sub_03lux 63.1,108,84.375,84.375,0.0
Sub_03lux 63.1,109,84.375,84.375,0.0
Sub_03lux 63.1,110,84.375,84.375,0.0
Sub_03lux 63.1,111,84.375,84.375,0.0
Sub_03lux 63.1,112,84.375,84.375,0.0
Sub_03lux 63.1,113,84.375,84.375,0.0
Sub_03lux 63.1,114,84.375,84.375,0.0
Sub_03lux 63.1,115,84.375,84.375,0.0
Sub_03lux 63.1,116,84.375,84.375,0.0
Sub_03lux 63.1,117,84.375,84.375,0.0
Sub_03lux 63.1,118,84.375,84.375,0.0
Sub_03lux 63.1,119,84.375,84.375,0.0
Sub_03lux 63.1,120,84.375,84.375,0.0
Sub_03lux 63.1,121,84.375,84.375,0.0
Sub_03lux 63.1,122,84.375,84.375,0.0
Sub_03lux 63.1,123,84.375,84.375,0.0
Sub_03lux 63.1,124,84.375,84.375,0.0
Sub_03lux 63.1,125,84.375,84.375,0.0
Sub_03lux 63.1,126,84.375,84.375,0.0
Sub_03lux 63.1,127,84.375,84.375,0.0
Sub_03lux 63.1,128,84.375,84.375,0.0
Sub_03lux 63.1,129,84.375,84.375,0.0
Sub_03lux 63.1,130,84.375,84.375,0.0
Sub_03lux 63.1,131,84.375,84.375,0.0
Sub_03lux 63.1,132,84.375,84.375,0.0
Sub_03lux 63.1,133,84.375,84.375,0.0
Sub_03lux 63.1,134,84.375,84.375,0.0
Sub_03lux 63.1,135,84.375,84.375,0.0
Sub_03lux 63.1,136,84.375,84.375,0.0
Sub_03lux 63.1,137,84.375,84.375,0.0
Sub_03lux 63.1,138,84.375,84.375,0.0
Sub_03lux 63.1,139,84.375,84.375,0.0
Sub_03lux 63.1,140,84.375,84.375,0.0
Sub_03lux 63.1,141,84.375,84.375,0.0
Sub_03lux 63.1,142,84.375,84.375,0.0
Sub_03lux 63.1,143,84.375,77.34375,-7.03125
Sub_03lux 63.1,144,84.375,77.34375,-7.03125
Sub_03lux 63.1,145,84.375,77.34375,-7.03125
Sub_03lux 63.1,146,84.375,77.34375,-7.03125
Sub_03lux 63.1,147,84.375,77.34375,-7.03125
Sub_03lux 63.1,148,84.375,77.34375,-7.03125
Sub_03lux 63.1,149,84.375,77.34375,-7.03125
Sub_03lux 63.1,150,84.375,77.34375,-7.03125
Sub_03lux 63.1,151,84.375,77.34375,-7.03125
Sub_03lux 63.1,152,84.375,77.34375,-7.03125
Sub_03lux 63.1,153,84.375,77.34375,-7.03125
Sub_05lux 10.0,0,77.34375,91.40625,14.0625
Sub_05lux 10.0,1,77.34375,91.40625,14.0625
Sub_05lux 10.0,2,77.34375,91.40625,14.0625
Sub_05lux 10.0,3,84.375,91.40625,7.03125
Sub_05lux 10.0,4,84.375,91.40625,7.03125
Sub_05lux 10.0,5,84.375,91.40625,7.03125
Sub_05lux 10.0,6,84.375,91.40625,7.03125
Sub_05lux 10.0,7,84.375,91.40625,7.03125
Sub_05lux 10.0,8,84.375,91.40625,7.03125
Sub_05lux 10.0,9,84.375,91.40625,7.03125
Sub_05lux 10.0,10,84.375,91.40625,7.03125
Sub_05lux 10.0,11,84.375,91.40625,7.03125
Sub_05lux 10.0,12,84.375,91.40625,7.03125
Sub_05lux 10.0,13,84.375,91.40625,7.03125
Sub_05lux 10.0,14,84.375,91.40625,7.03125
Sub_05lux 10.0,15,84.375,91.40625,7.03125
Sub_05lux 10.0,16,84.375,91.40625,7.03125
Sub_05lux 10.0,17,84.375,112.5,28.125
Sub_05lux 10.0,18,84.375,98.4375,14.0625
Sub_05lux 10.0,19,84.375,91.40625,7.03125
Sub_05lux 10.0,20,84.375,70.3125,-14.0625
Sub_05lux 10.0,21,84.375,91.40625,7.03125
Sub_05lux 10.0,22,84.375,70.3125,-14.0625
Sub_05lux 10.0,23,84.375,91.40625,7.03125
Sub_05lux 10.0,24,84.375,70.3125,-14.0625
Sub_05lux 10.0,25,84.375,70.3125,-14.0625
Sub_05lux 10.0,26,84.375,70.3125,-14.0625
Sub_05lux 10.0,27,84.375,70.3125,-14.0625
Sub_05lux 10.0,28,84.375,70.3125,-14.0625
Sub_05lux 10.0,29,84.375,77.34375,-7.03125
Sub_05lux 10.0,30,84.375,77.34375,-7.03125
Sub_05lux 10.0,31,77.34375,77.34375,0.0
Sub_05lux 10.0,32,77.34375,77.34375,0.0
Sub_05lux 10.0,33,77.34375,77.34375,0.0
Sub_05lux 10.0,34,77.34375,77.34375,0.0
Sub_05lux 10.0,35,77.34375,77.34375,0.0
Sub_05lux 10.0,36,77.34375,77.34375,0.0
Sub_05lux 10.0,37,77.34375,77.34375,0.0
Sub_05lux 10.0,38,77.34375,77.34375,0.0
Sub_05lux 10.0,39,77.34375,77.34375,0.0
Sub_05lux 10.0,40,77.34375,77.34375,0.0
Sub_05lux 10.0,41,77.34375,77.34375,0.0
Sub_05lux 10.0,42,77.34375,77.34375,0.0
Sub_05lux 10.0,43,77.34375,77.34375,0.0
Sub_05lux 10.0,44,77.34375,77.34375,0.0
Sub_05lux 10.0,45,77.34375,77.34375,0.0
Sub_05lux 10.0,46,77.34375,77.34375,0.0
Sub_05lux 10.0,47,77.34375,77.34375,0.0
Sub_05lux 10.0,48,77.34375,84.375,7.03125
Sub_05lux 10.0,49,77.34375,84.375,7.03125
Sub_05lux 10.0,50,84.375,84.375,0.0
Sub_05lux 10.0,51,84.375,84.375,0.0
Sub_05lux 10.0,52,84.375,91.40625,7.03125
Sub_05lux 10.0,53,84.375,84.375,0.0
Sub_05lux 10.0,54,84.375,84.375,0.0
Sub_05lux 10.0,55,84.375,84.375,0.0
Sub_05lux 10.0,56,84.375,84.375,0.0
Sub_05lux 10.0,57,84.375,84.375,0.0
Sub_05lux 10.0,58,84.375,84.375,0.0
Sub_05lux 10.0,59,84.375,84.375,0.0
Sub_05lux 10.0,60,77.34375,91.40625,14.0625
Sub_05lux 10.0,61,77.34375,77.34375,0.0
Sub_05lux 10.0,62,77.34375,91.40625,14.0625
Sub_05lux 10.0,63,77.34375,91.40625,14.0625
Sub_05lux 10.0,64,77.34375,91.40625,14.0625
Sub_05lux 10.0,65,77.34375,91.40625,14.0625
Sub_05lux 10.0,66,77.34375,91.40625,14.0625
Sub_05lux 10.0,67,77.34375,91.40625,14.0625
Sub_05lux 10.0,68,77.34375,77.34375,0.0
Sub_05lux 10.0,69,77.34375,77.34375,0.0
Sub_05lux 10.0,70,77.34375,105.46875,28.125
Sub_05lux 10.0,71,77.34375,77.34375,0.0
Sub_05lux 10.0,72,77.34375,98.4375,21.09375
Sub_05lux 10.0,73,77.34375,91.40625,14.0625
Sub_05lux 10.0,74,77.34375,98.4375,21.09375
Sub_05lux 10.0,75,77.34375,77.34375,0.0
Sub_05lux 10.0,76,77.34375,77.34375,0.0
Sub_05lux 10.0,77,84.375,98.4375,14.0625
Sub_05lux 10.0,78,84.375,98.4375,14.0625
Sub_05lux 10.0,79,84.375,98.4375,14.0625
Sub_05lux 10.0,80,84.375,98.4375,14.0625
Sub_05lux 10.0,81,84.375,77.34375,-7.03125
Sub_05lux 10.0,82,84.375,77.34375,-7.03125
Sub_05lux 10.0,83,84.375,77.34375,-7.03125
Sub_05lux 10.0,84,84.375,77.34375,-7.03125
Sub_05lux 10.0,85,84.375,98.4375,14.0625
Sub_05lux 10.0,86,84.375,77.34375,-7.03125
Sub_05lux 10.0,87,84.375,77.34375,-7.03125
Sub_05lux 10.0,88,84.375,77.34375,-7.03125
Sub_05lux 10.0,89,84.375,77.34375,-7.03125
Sub_05lux 10.0,90,84.375,77.34375,-7.03125
Sub_05lux 10.0,91,84.375,77.34375,-7.03125
Sub_05lux 10.0,92,84.375,77.34375,-7.03125
Sub_05lux 10.0,93,84.375,84.375,0.0
Sub_05lux 10.0,94,84.375,77.34375,-7.03125
Sub_05lux 10.0,95,84.375,77.34375,-7.03125
Sub_05lux 10.0,96,84.375,77.34375,-7.03125
Sub_05lux 10.0,97,84.375,77.34375,-7.03125
Sub_05lux 10.0,98,84.375,77.34375,-7.03125
Sub_05lux 10.0,99,84.375,77.34375,-7.03125
Sub_05lux 10.0,100,84.375,77.34375,-7.03125
Sub_05lux 10.0,101,84.375,77.34375,-7.03125
Sub_05lux 10.0,102,84.375,77.34375,-7.03125
Sub_05lux 10.0,103,84.375,84.375,0.0
Sub_05lux 10.0,104,84.375,91.40625,7.03125
Sub_05lux 10.0,105,84.375,84.375,0.0
Sub_05lux 10.0,106,84.375,77.34375,-7.03125
Sub_05lux 10.0,107,84.375,91.40625,7.03125
Sub_05lux 10.0,108,84.375,84.375,0.0
Sub_05lux 10.0,109,84.375,84.375,0.0
Sub_05lux 10.0,110,84.375,84.375,0.0
Sub_05lux 10.0,111,84.375,84.375,0.0
Sub_05lux 10.0,112,84.375,91.40625,7.03125
Sub_05lux 10.0,113,84.375,84.375,0.0
Sub_05lux 10.0,114,84.375,84.375,0.0
Sub_05lux 10.0,115,84.375,98.4375,14.0625
Sub_05lux 10.0,116,84.375,77.34375,-7.03125
Sub_05lux 10.0,117,84.375,91.40625,7.03125
Sub_05lux 10.0,118,84.375,91.40625,7.03125
Sub_05lux 10.0,119,77.34375,112.5,35.15625
Sub_05lux 10.0,120,77.34375,91.40625,14.0625
Sub_05lux 10.0,121,77.34375,98.4375,21.09375
Sub_05lux 10.0,122,77.34375,77.34375,0.0
Sub_05lux 10.0,123,77.34375,98.4375,21.09375
Sub_05lux 10.0,124,77.34375,77.34375,0.0
Sub_05lux 10.0,125,77.34375,84.375,7.03125
Sub_05lux 10.0,126,77.34375,84.375,7.03125
Sub_05lux 10.0,127,77.34375,84.375,7.03125
Sub_05lux 10.0,128,77.34375,84.375,7.03125
Sub_05lux 10.0,129,77.34375,112.5,35.15625
Sub_05lux 10.0,130,77.34375,84.375,7.03125
Sub_05lux 10.0,131,84.375,84.375,0.0
Sub_05lux 10.0,132,84.375,84.375,0.0
Sub_05lux 10.0,133,84.375,84.375,0.0
Sub_05lux 10.0,134,84.375,84.375,0.0
Sub_05lux 10.0,135,84.375,84.375,0.0
Sub_05lux 10.0,136,84.375,84.375,0.0
Sub_05lux 10.0,137,84.375,84.375,0.0
Sub_05lux 10.0,138,84.375,84.375,0.0
Sub_05lux 10.0,139,84.375,84.375,0.0
Sub_05lux 10.0,140,84.375,84.375,0.0
Sub_05lux 10.0,141,84.375,84.375,0.0
Sub_05lux 10.0,142,84.375,84.375,0.0
Sub_05lux 10.0,143,84.375,84.375,0.0
Sub_05lux 10.0,144,84.375,84.375,0.0
Sub_05lux 10.0,145,84.375,84.375,0.0
Sub_05lux 10.0,146,84.375,84.375,0.0
Sub_05lux 10.0,147,84.375,77.34375,-7.03125
Sub_05lux 10.0,148,84.375,77.34375,-7.03125
Sub_05lux 10.0,149,84.375,77.34375,-7.03125
Sub_05lux 10.0,150,77.34375,77.34375,0.0
Sub_05lux 10.0,151,77.34375,77.34375,0.0
Sub_05lux 10.0,152,77.34375,77.34375,0.0
Sub_05lux 10.0,153,77.34375,77.34375,0.0
Sub_05lux 100.0,0,77.34375,84.375,7.03125
Sub_05lux 100.0,1,77.34375,84.375,7.03125
Sub_05lux 100.0,2,77.34375,77.34375,0.0
Sub_05lux 100.0,3,77.34375,77.34375,0.0
Sub_05lux 100.0,4,77.34375,84.375,7.03125
Sub_05lux 100.0,5,77.34375,77.34375,0.0
Sub_05lux 100.0,6,77.34375,84.375,7.03125
Sub_05lux 100.0,7,77.34375,84.375,7.03125
Sub_05lux 100.0,8,77.34375,84.375,7.03125
Sub_05lux 100.0,9,77.34375,84.375,7.03125
Sub_05lux 100.0,10,77.34375,84.375,7.03125
Sub_05lux 100.0,11,77.34375,84.375,7.03125
Sub_05lux 100.0,12,77.34375,84.375,7.03125
Sub_05lux 100.0,13,77.34375,84.375,7.03125
Sub_05lux 100.0,14,77.34375,84.375,7.03125
Sub_05lux 100.0,15,77.34375,84.375,7.03125
Sub_05lux 100.0,16,77.34375,77.34375,0.0
Sub_05lux 100.0,17,77.34375,84.375,7.03125
Sub_05lux 100.0,18,77.34375,77.34375,0.0
Sub_05lux 100.0,19,77.34375,77.34375,0.0
Sub_05lux 100.0,20,77.34375,77.34375,0.0
Sub_05lux 100.0,21,77.34375,77.34375,0.0
Sub_05lux 100.0,22,77.34375,77.34375,0.0
Sub_05lux 100.0,23,77.34375,77.34375,0.0
Sub_05lux 100.0,24,77.34375,77.34375,0.0
Sub_05lux 100.0,25,77.34375,70.3125,-7.03125
Sub_05lux 100.0,26,77.34375,77.34375,0.0
Sub_05lux 100.0,27,77.34375,70.3125,-7.03125
Sub_05lux 100.0,28,77.34375,70.3125,-7.03125
Sub_05lux 100.0,29,77.34375,70.3125,-7.03125
Sub_05lux 100.0,30,77.34375,70.3125,-7.03125
Sub_05lux 100.0,31,77.34375,70.3125,-7.03125
Sub_05lux 100.0,32,77.34375,70.3125,-7.03125
Sub_05lux 100.0,33,77.34375,70.3125,-7.03125
Sub_05lux 100.0,34,77.34375,70.3125,-7.03125
Sub_05lux 100.0,35,77.34375,70.3125,-7.03125
Sub_05lux 100.0,36,77.34375,70.3125,-7.03125
Sub_05lux 100.0,37,77.34375,70.3125,-7.03125
Sub_05lux 100.0,38,77.34375,70.3125,-7.03125
Sub_05lux 100.0,39,77.34375,70.3125,-7.03125
Sub_05lux 100.0,40,77.34375,70.3125,-7.03125
Sub_05lux 100.0,41,77.34375,70.3125,-7.03125
Sub_05lux 100.0,42,84.375,70.3125,-14.0625
Sub_05lux 100.0,43,84.375,70.3125,-14.0625
Sub_05lux 100.0,44,84.375,70.3125,-14.0625
Sub_05lux 100.0,45,84.375,70.3125,-14.0625
Sub_05lux 100.0,46,84.375,70.3125,-14.0625
Sub_05lux 100.0,47,84.375,70.3125,-14.0625
Sub_05lux 100.0,48,84.375,70.3125,-14.0625
Sub_05lux 100.0,49,84.375,70.3125,-14.0625
Sub_05lux 100.0,50,84.375,70.3125,-14.0625
Sub_05lux 100.0,51,84.375,84.375,0.0
Sub_05lux 100.0,52,84.375,77.34375,-7.03125
Sub_05lux 100.0,53,84.375,77.34375,-7.03125
Sub_05lux 100.0,54,84.375,77.34375,-7.03125
Sub_05lux 100.0,55,84.375,77.34375,-7.03125
Sub_05lux 100.0,56,84.375,77.34375,-7.03125
Sub_05lux 100.0,57,84.375,77.34375,-7.03125
Sub_05lux 100.0,58,84.375,77.34375,-7.03125
Sub_05lux 100.0,59,84.375,84.375,0.0
Sub_05lux 100.0,60,84.375,77.34375,-7.03125
Sub_05lux 100.0,61,84.375,84.375,0.0
Sub_05lux 100.0,62,84.375,84.375,0.0
Sub_05lux 100.0,63,84.375,84.375,0.0
Sub_05lux 100.0,64,84.375,77.34375,-7.03125
Sub_05lux 100.0,65,84.375,84.375,0.0
Sub_05lux 100.0,66,84.375,84.375,0.0
Sub_05lux 100.0,67,84.375,84.375,0.0
Sub_05lux 100.0,68,84.375,84.375,0.0
Sub_05lux 100.0,69,77.34375,77.34375,0.0
Sub_05lux 100.0,70,77.34375,84.375,7.03125
Sub_05lux 100.0,71,77.34375,77.34375,0.0
Sub_05lux 100.0,72,77.34375,84.375,7.03125
Sub_05lux 100.0,73,77.34375,84.375,7.03125
Sub_05lux 100.0,74,77.34375,84.375,7.03125
Sub_05lux 100.0,75,77.34375,84.375,7.03125
Sub_05lux 100.0,76,77.34375,84.375,7.03125
Sub_05lux 100.0,77,84.375,84.375,0.0
Sub_05lux 100.0,78,84.375,84.375,0.0
Sub_05lux 100.0,79,84.375,84.375,0.0
Sub_05lux 100.0,80,84.375,84.375,0.0
Sub_05lux 100.0,81,84.375,84.375,0.0
Sub_05lux 100.0,82,84.375,84.375,0.0
Sub_05lux 100.0,83,84.375,84.375,0.0
Sub_05lux 100.0,84,84.375,84.375,0.0
Sub_05lux 100.0,85,84.375,84.375,0.0
Sub_05lux 100.0,86,84.375,84.375,0.0
Sub_05lux 100.0,87,84.375,91.40625,7.03125
Sub_05lux 100.0,88,84.375,84.375,0.0
Sub_05lux 100.0,89,84.375,77.34375,-7.03125
Sub_05lux 100.0,90,84.375,77.34375,-7.03125
Sub_05lux 100.0,91,84.375,77.34375,-7.03125
Sub_05lux 100.0,92,84.375,77.34375,-7.03125
Sub_05lux 100.0,93,84.375,77.34375,-7.03125
Sub_05lux 100.0,94,84.375,77.34375,-7.03125
Sub_05lux 100.0,95,84.375,77.34375,-7.03125
Sub_05lux 100.0,96,84.375,77.34375,-7.03125
Sub_05lux 100.0,97,84.375,77.34375,-7.03125
Sub_05lux 100.0,98,84.375,77.34375,-7.03125
Sub_05lux 100.0,99,84.375,84.375,0.0
Sub_05lux 100.0,100,84.375,77.34375,-7.03125
Sub_05lux 100.0,101,84.375,84.375,0.0
Sub_05lux 100.0,102,84.375,84.375,0.0
Sub_05lux 100.0,103,84.375,84.375,0.0
Sub_05lux 100.0,104,84.375,84.375,0.0
Sub_05lux 100.0,105,84.375,84.375,0.0
Sub_05lux 100.0,106,84.375,84.375,0.0
Sub_05lux 100.0,107,84.375,84.375,0.0
Sub_05lux 100.0,108,84.375,84.375,0.0
Sub_05lux 100.0,109,84.375,84.375,0.0
Sub_05lux 100.0,110,91.40625,84.375,-7.03125
Sub_05lux 100.0,111,91.40625,84.375,-7.03125
Sub_05lux 100.0,112,91.40625,84.375,-7.03125
Sub_05lux 100.0,113,91.40625,84.375,-7.03125
Sub_05lux 100.0,114,91.40625,84.375,-7.03125
Sub_05lux 100.0,115,91.40625,84.375,-7.03125
Sub_05lux 100.0,116,91.40625,84.375,-7.03125
Sub_05lux 100.0,117,91.40625,84.375,-7.03125
Sub_05lux 100.0,118,84.375,84.375,0.0
Sub_05lux 100.0,119,84.375,84.375,0.0
Sub_05lux 100.0,120,84.375,84.375,0.0
Sub_05lux 100.0,121,84.375,84.375,0.0
Sub_05lux 100.0,122,84.375,84.375,0.0
Sub_05lux 100.0,123,84.375,84.375,0.0
Sub_05lux 100.0,124,84.375,84.375,0.0
Sub_05lux 100.0,125,84.375,84.375,0.0
Sub_05lux 100.0,126,84.375,84.375,0.0
Sub_05lux 100.0,127,84.375,84.375,0.0
Sub_05lux 100.0,128,84.375,84.375,0.0
Sub_05lux 100.0,129,84.375,84.375,0.0
Sub_05lux 100.0,130,84.375,84.375,0.0
Sub_05lux 100.0,131,84.375,84.375,0.0
Sub_05lux 100.0,132,84.375,84.375,0.0
Sub_05lux 100.0,133,84.375,84.375,0.0
Sub_05lux 100.0,134,84.375,84.375,0.0
Sub_05lux 100.0,135,84.375,84.375,0.0
Sub_05lux 100.0,136,84.375,84.375,0.0
Sub_05lux 100.0,137,84.375,84.375,0.0
Sub_05lux 100.0,138,84.375,84.375,0.0
Sub_05lux 100.0,139,84.375,84.375,0.0
Sub_05lux 100.0,140,84.375,84.375,0.0
Sub_05lux 100.0,141,84.375,84.375,0.0
Sub_05lux 100.0,142,84.375,84.375,0.0
Sub_05lux 100.0,143,84.375,84.375,0.0
Sub_05lux 100.0,144,84.375,84.375,0.0
Sub_05lux 100.0,145,91.40625,84.375,-7.03125
Sub_05lux 100.0,146,91.40625,84.375,-7.03125
Sub_05lux 100.0,147,91.40625,84.375,-7.03125
Sub_05lux 100.0,148,91.40625,84.375,-7.03125
Sub_05lux 100.0,149,91.40625,84.375,-7.03125
Sub_05lux 100.0,150,91.40625,84.375,-7.03125
Sub_05lux 100.0,151,91.40625,84.375,-7.03125
Sub_05lux 100.0,152,91.40625,84.375,-7.03125
Sub_05lux 100.0,153,91.40625,84.375,-7.03125
Sub_05lux 15.8,0,84.375,77.34375,-7.03125
Sub_05lux 15.8,1,84.375,84.375,0.0
Sub_05lux 15.8,2,84.375,70.3125,-14.0625
Sub_05lux 15.8,3,84.375,84.375,0.0
Sub_05lux 15.8,4,84.375,91.40625,7.03125
Sub_05lux 15.8,5,84.375,84.375,0.0
Sub_05lux 15.8,6,84.375,91.40625,7.03125
Sub_05lux 15.8,7,84.375,91.40625,7.03125
Sub_05lux 15.8,8,84.375,77.34375,-7.03125
Sub_05lux 15.8,9,84.375,77.34375,-7.03125
Sub_05lux 15.8,10,84.375,91.40625,7.03125
Sub_05lux 15.8,11,84.375,84.375,0.0
Sub_05lux 15.8,12,84.375,84.375,0.0
Sub_05lux 15.8,13,84.375,77.34375,-7.03125
Sub_05lux 15.8,14,84.375,84.375,0.0
Sub_05lux 15.8,15,77.34375,91.40625,14.0625
Sub_05lux 15.8,16,77.34375,84.375,7.03125
Sub_05lux 15.8,17,77.34375,84.375,7.03125
Sub_05lux 15.8,18,77.34375,84.375,7.03125
Sub_05lux 15.8,19,77.34375,84.375,7.03125
Sub_05lux 15.8,20,77.34375,84.375,7.03125
Sub_05lux 15.8,21,77.34375,84.375,7.03125
Sub_05lux 15.8,22,84.375,84.375,0.0
Sub_05lux 15.8,23,84.375,91.40625,7.03125
Sub_05lux 15.8,24,84.375,84.375,0.0
Sub_05lux 15.8,25,84.375,77.34375,-7.03125
Sub_05lux 15.8,26,84.375,84.375,0.0
Sub_05lux 15.8,27,84.375,77.34375,-7.03125
Sub_05lux 15.8,28,84.375,98.4375,14.0625
Sub_05lux 15.8,29,84.375,98.4375,14.0625
Sub_05lux 15.8,30,84.375,98.4375,14.0625
Sub_05lux 15.8,31,84.375,98.4375,14.0625
Sub_05lux 15.8,32,84.375,98.4375,14.0625
Sub_05lux 15.8,33,84.375,98.4375,14.0625
Sub_05lux 15.8,34,84.375,84.375,0.0
Sub_05lux 15.8,35,84.375,91.40625,7.03125
Sub_05lux 15.8,36,84.375,84.375,0.0
Sub_05lux 15.8,37,84.375,91.40625,7.03125
Sub_05lux 15.8,38,84.375,98.4375,14.0625
Sub_05lux 15.8,39,84.375,77.34375,-7.03125
Sub_05lux 15.8,40,84.375,98.4375,14.0625
Sub_05lux 15.8,41,84.375,84.375,0.0
Sub_05lux 15.8,42,84.375,77.34375,-7.03125
Sub_05lux 15.8,43,84.375,77.34375,-7.03125
Sub_05lux 15.8,44,84.375,77.34375,-7.03125
Sub_05lux 15.8,45,77.34375,77.34375,0.0
Sub_05lux 15.8,46,77.34375,77.34375,0.0
Sub_05lux 15.8,47,77.34375,77.34375,0.0
Sub_05lux 15.8,48,77.34375,77.34375,0.0
Sub_05lux 15.8,49,77.34375,77.34375,0.0
Sub_05lux 15.8,50,77.34375,77.34375,0.0
Sub_05lux 15.8,51,77.34375,77.34375,0.0
Sub_05lux 15.8,52,77.34375,77.34375,0.0
Sub_05lux 15.8,53,77.34375,77.34375,0.0
Sub_05lux 15.8,54,77.34375,77.34375,0.0
Sub_05lux 15.8,55,77.34375,77.34375,0.0
Sub_05lux 15.8,56,77.34375,77.34375,0.0
Sub_05lux 15.8,57,77.34375,77.34375,0.0
Sub_05lux 15.8,58,84.375,77.34375,-7.03125
Sub_05lux 15.8,59,84.375,77.34375,-7.03125
Sub_05lux 15.8,60,84.375,77.34375,-7.03125
Sub_05lux 15.8,61,84.375,77.34375,-7.03125
Sub_05lux 15.8,62,84.375,84.375,0.0
Sub_05lux 15.8,63,84.375,77.34375,-7.03125
Sub_05lux 15.8,64,84.375,84.375,0.0
Sub_05lux 15.8,65,84.375,77.34375,-7.03125
Sub_05lux 15.8,66,84.375,77.34375,-7.03125
Sub_05lux 15.8,67,84.375,77.34375,-7.03125
Sub_05lux 15.8,68,84.375,84.375,0.0
Sub_05lux 15.8,69,84.375,84.375,0.0
Sub_05lux 15.8,70,84.375,84.375,0.0
Sub_05lux 15.8,71,84.375,84.375,0.0
Sub_05lux 15.8,72,84.375,84.375,0.0
Sub_05lux 15.8,73,84.375,84.375,0.0
Sub_05lux 15.8,74,84.375,84.375,0.0
Sub_05lux 15.8,75,84.375,84.375,0.0
Sub_05lux 15.8,76,84.375,84.375,0.0
Sub_05lux 15.8,77,84.375,84.375,0.0
Sub_05lux 15.8,78,84.375,84.375,0.0
Sub_05lux 15.8,79,84.375,84.375,0.0
Sub_05lux 15.8,80,84.375,84.375,0.0
Sub_05lux 15.8,81,84.375,84.375,0.0
Sub_05lux 15.8,82,84.375,77.34375,-7.03125
Sub_05lux 15.8,83,84.375,77.34375,-7.03125
Sub_05lux 15.8,84,84.375,77.34375,-7.03125
Sub_05lux 15.8,85,84.375,77.34375,-7.03125
Sub_05lux 15.8,86,84.375,77.34375,-7.03125
Sub_05lux 15.8,87,84.375,77.34375,-7.03125
Sub_05lux 15.8,88,77.34375,77.34375,0.0
Sub_05lux 15.8,89,84.375,77.34375,-7.03125
Sub_05lux 15.8,90,77.34375,77.34375,0.0
Sub_05lux 15.8,91,77.34375,77.34375,0.0
Sub_05lux 15.8,92,77.34375,77.34375,0.0
Sub_05lux 15.8,93,77.34375,77.34375,0.0
Sub_05lux 15.8,94,77.34375,77.34375,0.0
Sub_05lux 15.8,95,77.34375,77.34375,0.0
Sub_05lux 15.8,96,77.34375,77.34375,0.0
Sub_05lux 15.8,97,84.375,77.34375,-7.03125
Sub_05lux 15.8,98,84.375,77.34375,-7.03125
Sub_05lux 15.8,99,84.375,77.34375,-7.03125
Sub_05lux 15.8,100,84.375,77.34375,-7.03125
Sub_05lux 15.8,101,84.375,77.34375,-7.03125
Sub_05lux 15.8,102,84.375,77.34375,-7.03125
Sub_05lux 15.8,103,84.375,77.34375,-7.03125
Sub_05lux 15.8,104,84.375,91.40625,7.03125
Sub_05lux 15.8,105,84.375,91.40625,7.03125
Sub_05lux 15.8,106,84.375,91.40625,7.03125
Sub_05lux 15.8,107,84.375,84.375,0.0
Sub_05lux 15.8,108,84.375,84.375,0.0
Sub_05lux 15.8,109,84.375,91.40625,7.03125
Sub_05lux 15.8,110,84.375,84.375,0.0
Sub_05lux 15.8,111,84.375,84.375,0.0
Sub_05lux 15.8,112,77.34375,84.375,7.03125
Sub_05lux 15.8,113,77.34375,84.375,7.03125
Sub_05lux 15.8,114,77.34375,84.375,7.03125
Sub_05lux 15.8,115,77.34375,84.375,7.03125
Sub_05lux 15.8,116,77.34375,84.375,7.03125
Sub_05lux 15.8,117,77.34375,84.375,7.03125
Sub_05lux 15.8,118,77.34375,77.34375,0.0
Sub_05lux 15.8,119,77.34375,77.34375,0.0
Sub_05lux 15.8,120,77.34375,84.375,7.03125
Sub_05lux 15.8,121,77.34375,84.375,7.03125
Sub_05lux 15.8,122,77.34375,77.34375,0.0
Sub_05lux 15.8,123,77.34375,77.34375,0.0
Sub_05lux 15.8,124,77.34375,77.34375,0.0
Sub_05lux 15.8,125,77.34375,77.34375,0.0
Sub_05lux 15.8,126,84.375,105.46875,21.09375
Sub_05lux 15.8,127,84.375,77.34375,-7.03125
Sub_05lux 15.8,128,84.375,77.34375,-7.03125
Sub_05lux 15.8,129,84.375,77.34375,-7.03125
Sub_05lux 15.8,130,84.375,77.34375,-7.03125
Sub_05lux 15.8,131,84.375,91.40625,7.03125
Sub_05lux 15.8,132,84.375,91.40625,7.03125
Sub_05lux 15.8,133,84.375,91.40625,7.03125
Sub_05lux 15.8,134,84.375,84.375,0.0
Sub_05lux 15.8,135,84.375,84.375,0.0
Sub_05lux 15.8,136,84.375,84.375,0.0
Sub_05lux 15.8,137,84.375,84.375,0.0
Sub_05lux 15.8,138,84.375,84.375,0.0
Sub_05lux 15.8,139,84.375,84.375,0.0
Sub_05lux 15.8,140,84.375,84.375,0.0
Sub_05lux 15.8,141,84.375,84.375,0.0
Sub_05lux 15.8,142,84.375,84.375,0.0
Sub_05lux 15.8,143,84.375,77.34375,-7.03125
Sub_05lux 15.8,144,84.375,77.34375,-7.03125
Sub_05lux 15.8,145,84.375,84.375,0.0
Sub_05lux 15.8,146,84.375,77.34375,-7.03125
Sub_05lux 15.8,147,84.375,77.34375,-7.03125
Sub_05lux 15.8,148,84.375,77.34375,-7.03125
Sub_05lux 15.8,149,84.375,84.375,0.0
Sub_05lux 15.8,150,84.375,98.4375,14.0625
Sub_05lux 15.8,151,84.375,98.4375,14.0625
Sub_05lux 15.8,152,84.375,77.34375,-7.03125
Sub_05lux 15.8,153,84.375,98.4375,14.0625
Sub_05lux 25.1,0,84.375,84.375,0.0
Sub_05lux 25.1,1,84.375,84.375,0.0
Sub_05lux 25.1,2,84.375,77.34375,-7.03125
Sub_05lux 25.1,3,84.375,84.375,0.0
Sub_05lux 25.1,4,84.375,84.375,0.0
Sub_05lux 25.1,5,84.375,84.375,0.0
Sub_05lux 25.1,6,84.375,77.34375,-7.03125
Sub_05lux 25.1,7,77.34375,77.34375,0.0
Sub_05lux 25.1,8,77.34375,91.40625,14.0625
Sub_05lux 25.1,9,77.34375,98.4375,21.09375
Sub_05lux 25.1,10,77.34375,91.40625,14.0625
Sub_05lux 25.1,11,77.34375,91.40625,14.0625
Sub_05lux 25.1,12,77.34375,91.40625,14.0625
Sub_05lux 25.1,13,77.34375,91.40625,14.0625
Sub_05lux 25.1,14,77.34375,91.40625,14.0625
Sub_05lux 25.1,15,77.34375,70.3125,-7.03125
Sub_05lux 25.1,16,77.34375,84.375,7.03125
Sub_05lux 25.1,17,77.34375,98.4375,21.09375
Sub_05lux 25.1,18,77.34375,84.375,7.03125
Sub_05lux 25.1,19,77.34375,70.3125,-7.03125
Sub_05lux 25.1,20,77.34375,84.375,7.03125
Sub_05lux 25.1,21,77.34375,84.375,7.03125
Sub_05lux 25.1,22,77.34375,84.375,7.03125
Sub_05lux 25.1,23,77.34375,84.375,7.03125
Sub_05lux 25.1,24,77.34375,84.375,7.03125
Sub_05lux 25.1,25,84.375,77.34375,-7.03125
Sub_05lux 25.1,26,84.375,84.375,0.0
Sub_05lux 25.1,27,84.375,77.34375,-7.03125
Sub_05lux 25.1,28,84.375,84.375,0.0
Sub_05lux 25.1,29,84.375,77.34375,-7.03125
Sub_05lux 25.1,30,84.375,77.34375,-7.03125
Sub_05lux 25.1,31,84.375,77.34375,-7.03125
Sub_05lux 25.1,32,84.375,77.34375,-7.03125
Sub_05lux 25.1,33,84.375,84.375,0.0
Sub_05lux 25.1,34,84.375,84.375,0.0
Sub_05lux 25.1,35,84.375,84.375,0.0
Sub_05lux 25.1,36,84.375,84.375,0.0
Sub_05lux 25.1,37,84.375,84.375,0.0
Sub_05lux 25.1,38,84.375,84.375,0.0
Sub_05lux 25.1,39,84.375,84.375,0.0
Sub_05lux 25.1,40,84.375,84.375,0.0
Sub_05lux 25.1,41,84.375,84.375,0.0
Sub_05lux 25.1,42,84.375,84.375,0.0
Sub_05lux 25.1,43,84.375,84.375,0.0
Sub_05lux 25.1,44,84.375,84.375,0.0
Sub_05lux 25.1,45,84.375,84.375,0.0
Sub_05lux 25.1,46,84.375,84.375,0.0
Sub_05lux 25.1,47,84.375,77.34375,-7.03125
Sub_05lux 25.1,48,84.375,77.34375,-7.03125
Sub_05lux 25.1,49,84.375,84.375,0.0
Sub_05lux 25.1,50,84.375,84.375,0.0
Sub_05lux 25.1,51,84.375,84.375,0.0
Sub_05lux 25.1,52,84.375,84.375,0.0
Sub_05lux 25.1,53,84.375,84.375,0.0
Sub_05lux 25.1,54,84.375,84.375,0.0
Sub_05lux 25.1,55,84.375,84.375,0.0
Sub_05lux 25.1,56,84.375,77.34375,-7.03125
Sub_05lux 25.1,57,84.375,98.4375,14.0625
Sub_05lux 25.1,58,84.375,77.34375,-7.03125
Sub_05lux 25.1,59,84.375,84.375,0.0
Sub_05lux 25.1,60,84.375,91.40625,7.03125
Sub_05lux 25.1,61,84.375,77.34375,-7.03125
Sub_05lux 25.1,62,84.375,91.40625,7.03125
Sub_05lux 25.1,63,84.375,91.40625,7.03125
Sub_05lux 25.1,64,84.375,91.40625,7.03125
Sub_05lux 25.1,65,84.375,91.40625,7.03125
Sub_05lux 25.1,66,91.40625,77.34375,-14.0625
Sub_05lux 25.1,67,91.40625,112.5,21.09375
Sub_05lux 25.1,68,91.40625,77.34375,-14.0625
Sub_05lux 25.1,69,91.40625,77.34375,-14.0625
Sub_05lux 25.1,70,91.40625,84.375,-7.03125
Sub_05lux 25.1,71,91.40625,84.375,-7.03125
Sub_05lux 25.1,72,91.40625,77.34375,-14.0625
Sub_05lux 25.1,73,84.375,77.34375,-7.03125
Sub_05lux 25.1,74,84.375,77.34375,-7.03125
Sub_05lux 25.1,75,84.375,84.375,0.0
Sub_05lux 25.1,76,84.375,84.375,0.0
Sub_05lux 25.1,77,84.375,77.34375,-7.03125
Sub_05lux 25.1,78,84.375,84.375,0.0
Sub_05lux 25.1,79,84.375,77.34375,-7.03125
Sub_05lux 25.1,80,77.34375,77.34375,0.0
Sub_05lux 25.1,81,77.34375,77.34375,0.0
Sub_05lux 25.1,82,77.34375,84.375,7.03125
Sub_05lux 25.1,83,77.34375,77.34375,0.0
Sub_05lux 25.1,84,77.34375,84.375,7.03125
Sub_05lux 25.1,85,77.34375,77.34375,0.0
Sub_05lux 25.1,86,77.34375,84.375,7.03125
Sub_05lux 25.1,87,77.34375,84.375,7.03125
Sub_05lux 25.1,88,77.34375,77.34375,0.0
Sub_05lux 25.1,89,77.34375,84.375,7.03125
Sub_05lux 25.1,90,77.34375,84.375,7.03125
Sub_05lux 25.1,91,77.34375,77.34375,0.0
Sub_05lux 25.1,92,77.34375,84.375,7.03125
Sub_05lux 25.1,93,77.34375,77.34375,0.0
Sub_05lux 25.1,94,84.375,84.375,0.0
Sub_05lux 25.1,95,84.375,84.375,0.0
Sub_05lux 25.1,96,84.375,70.3125,-14.0625
Sub_05lux 25.1,97,84.375,84.375,0.0
Sub_05lux 25.1,98,84.375,84.375,0.0
Sub_05lux 25.1,99,84.375,84.375,0.0
Sub_05lux 25.1,100,84.375,84.375,0.0
Sub_05lux 25.1,101,84.375,84.375,0.0
Sub_05lux 25.1,102,84.375,91.40625,7.03125
Sub_05lux 25.1,103,84.375,84.375,0.0
Sub_05lux 25.1,104,84.375,84.375,0.0
Sub_05lux 25.1,105,84.375,84.375,0.0
Sub_05lux 25.1,106,84.375,84.375,0.0
Sub_05lux 25.1,107,84.375,84.375,0.0
Sub_05lux 25.1,108,84.375,84.375,0.0
Sub_05lux 25.1,109,84.375,84.375,0.0
Sub_05lux 25.1,110,84.375,84.375,0.0
Sub_05lux 25.1,111,84.375,84.375,0.0
Sub_05lux 25.1,112,84.375,84.375,0.0
Sub_05lux 25.1,113,84.375,84.375,0.0
Sub_05lux 25.1,114,84.375,84.375,0.0
Sub_05lux 25.1,115,84.375,77.34375,-7.03125
Sub_05lux 25.1,116,77.34375,84.375,7.03125
Sub_05lux 25.1,117,77.34375,77.34375,0.0
Sub_05lux 25.1,118,77.34375,77.34375,0.0
Sub_05lux 25.1,119,77.34375,77.34375,0.0
Sub_05lux 25.1,120,77.34375,77.34375,0.0
Sub_05lux 25.1,121,77.34375,77.34375,0.0
Sub_05lux 25.1,122,77.34375,77.34375,0.0
Sub_05lux 25.1,123,77.34375,77.34375,0.0
Sub_05lux 25.1,124,77.34375,77.34375,0.0
Sub_05lux 25.1,125,77.34375,77.34375,0.0
Sub_05lux 25.1,126,77.34375,77.34375,0.0
Sub_05lux 25.1,127,77.34375,91.40625,14.0625
Sub_05lux 25.1,128,77.34375,91.40625,14.0625
Sub_05lux 25.1,129,77.34375,91.40625,14.0625
Sub_05lux 25.1,130,77.34375,70.3125,-7.03125
Sub_05lux 25.1,131,77.34375,70.3125,-7.03125
Sub_05lux 25.1,132,77.34375,77.34375,0.0
Sub_05lux 25.1,133,77.34375,91.40625,14.0625
Sub_05lux 25.1,134,77.34375,77.34375,0.0
Sub_05lux 25.1,135,77.34375,91.40625,14.0625
Sub_05lux 25.1,136,77.34375,77.34375,0.0
Sub_05lux 25.1,137,84.375,84.375,0.0
Sub_05lux 25.1,138,84.375,77.34375,-7.03125
Sub_05lux 25.1,139,84.375,91.40625,7.03125
Sub_05lux 25.1,140,84.375,77.34375,-7.03125
Sub_05lux 25.1,141,84.375,91.40625,7.03125
Sub_05lux 25.1,142,84.375,77.34375,-7.03125
Sub_05lux 25.1,143,84.375,84.375,0.0
Sub_05lux 25.1,144,84.375,84.375,0.0
Sub_05lux 25.1,145,84.375,84.375,0.0
Sub_05lux 25.1,146,84.375,84.375,0.0
Sub_05lux 25.1,147,84.375,84.375,0.0
Sub_05lux 25.1,148,84.375,84.375,0.0
Sub_05lux 25.1,149,84.375,84.375,0.0
Sub_05lux 25.1,150,84.375,84.375,0.0
Sub_05lux 25.1,151,84.375,84.375,0.0
Sub_05lux 25.1,152,84.375,91.40625,7.03125
Sub_05lux 25.1,153,91.40625,84.375,-7.03125
Sub_05lux 39.8,0,91.40625,77.34375,-14.0625
Sub_05lux 39.8,1,91.40625,91.40625,0.0
Sub_05lux 39.8,2,84.375,91.40625,7.03125
Sub_05lux 39.8,3,84.375,91.40625,7.03125
Sub_05lux 39.8,4,84.375,91.40625,7.03125
Sub_05lux 39.8,5,84.375,84.375,0.0
Sub_05lux 39.8,6,84.375,91.40625,7.03125
Sub_05lux 39.8,7,84.375,91.40625,7.03125
Sub_05lux 39.8,8,84.375,91.40625,7.03125
Sub_05lux 39.8,9,84.375,84.375,0.0
Sub_05lux 39.8,10,84.375,84.375,0.0
Sub_05lux 39.8,11,84.375,84.375,0.0
Sub_05lux 39.8,12,84.375,84.375,0.0
Sub_05lux 39.8,13,84.375,84.375,0.0
Sub_05lux 39.8,14,84.375,84.375,0.0
Sub_05lux 39.8,15,91.40625,84.375,-7.03125
Sub_05lux 39.8,16,91.40625,91.40625,0.0
Sub_05lux 39.8,17,91.40625,91.40625,0.0
Sub_05lux 39.8,18,91.40625,98.4375,7.03125
Sub_05lux 39.8,19,91.40625,84.375,-7.03125
Sub_05lux 39.8,20,91.40625,77.34375,-14.0625
Sub_05lux 39.8,21,91.40625,84.375,-7.03125
Sub_05lux 39.8,22,91.40625,84.375,-7.03125
Sub_05lux 39.8,23,91.40625,91.40625,0.0
Sub_05lux 39.8,24,91.40625,84.375,-7.03125
Sub_05lux 39.8,25,91.40625,91.40625,0.0
Sub_05lux 39.8,26,91.40625,84.375,-7.03125
Sub_05lux 39.8,27,91.40625,91.40625,0.0
Sub_05lux 39.8,28,91.40625,84.375,-7.03125
Sub_05lux 39.8,29,91.40625,91.40625,0.0
Sub_05lux 39.8,30,91.40625,84.375,-7.03125
Sub_05lux 39.8,31,91.40625,91.40625,0.0
Sub_05lux 39.8,32,91.40625,91.40625,0.0
Sub_05lux 39.8,33,77.34375,91.40625,14.0625
Sub_05lux 39.8,34,77.34375,91.40625,14.0625
Sub_05lux 39.8,35,77.34375,84.375,7.03125
Sub_05lux 39.8,36,77.34375,84.375,7.03125
Sub_05lux 39.8,37,77.34375,91.40625,14.0625
Sub_05lux 39.8,38,77.34375,77.34375,0.0
Sub_05lux 39.8,39,84.375,91.40625,7.03125
Sub_05lux 39.8,40,84.375,77.34375,-7.03125
Sub_05lux 39.8,41,84.375,77.34375,-7.03125
Sub_05lux 39.8,42,84.375,77.34375,-7.03125
Sub_05lux 39.8,43,84.375,77.34375,-7.03125
Sub_05lux 39.8,44,84.375,77.34375,-7.03125
Sub_05lux 39.8,45,84.375,77.34375,-7.03125
Sub_05lux 39.8,46,84.375,77.34375,-7.03125
Sub_05lux 39.8,47,84.375,77.34375,-7.03125
Sub_05lux 39.8,48,84.375,77.34375,-7.03125
Sub_05lux 39.8,49,84.375,77.34375,-7.03125
Sub_05lux 39.8,50,84.375,84.375,0.0
Sub_05lux 39.8,51,84.375,77.34375,-7.03125
Sub_05lux 39.8,52,84.375,77.34375,-7.03125
Sub_05lux 39.8,53,84.375,77.34375,-7.03125
Sub_05lux 39.8,54,84.375,84.375,0.0
Sub_05lux 39.8,55,91.40625,84.375,-7.03125
Sub_05lux 39.8,56,91.40625,77.34375,-14.0625
Sub_05lux 39.8,57,91.40625,70.3125,-21.09375
Sub_05lux 39.8,58,91.40625,84.375,-7.03125
Sub_05lux 39.8,59,91.40625,70.3125,-21.09375
Sub_05lux 39.8,60,91.40625,77.34375,-14.0625
Sub_05lux 39.8,61,91.40625,98.4375,7.03125
Sub_05lux 39.8,62,91.40625,112.5,21.09375
Sub_05lux 39.8,63,91.40625,91.40625,0.0
Sub_05lux 39.8,64,91.40625,84.375,-7.03125
Sub_05lux 39.8,65,91.40625,84.375,-7.03125
Sub_05lux 39.8,66,91.40625,91.40625,0.0
Sub_05lux 39.8,67,91.40625,91.40625,0.0
Sub_05lux 39.8,68,91.40625,84.375,-7.03125
Sub_05lux 39.8,69,91.40625,91.40625,0.0
Sub_05lux 39.8,70,91.40625,91.40625,0.0
Sub_05lux 39.8,71,91.40625,70.3125,-21.09375
Sub_05lux 39.8,72,91.40625,84.375,-7.03125
Sub_05lux 39.8,73,84.375,70.3125,-14.0625
Sub_05lux 39.8,74,84.375,91.40625,7.03125
Sub_05lux 39.8,75,84.375,91.40625,7.03125
Sub_05lux 39.8,76,84.375,84.375,0.0
Sub_05lux 39.8,77,84.375,84.375,0.0
Sub_05lux 39.8,78,84.375,84.375,0.0
Sub_05lux 39.8,79,84.375,91.40625,7.03125
Sub_05lux 39.8,80,84.375,91.40625,7.03125
Sub_05lux 39.8,81,84.375,91.40625,7.03125
Sub_05lux 39.8,82,84.375,84.375,0.0
Sub_05lux 39.8,83,84.375,84.375,0.0
Sub_05lux 39.8,84,84.375,77.34375,-7.03125
Sub_05lux 39.8,85,84.375,91.40625,7.03125
Sub_05lux 39.8,86,91.40625,84.375,-7.03125
Sub_05lux 39.8,87,91.40625,77.34375,-14.0625
Sub_05lux 39.8,88,91.40625,70.3125,-21.09375
Sub_05lux 39.8,89,91.40625,70.3125,-21.09375
Sub_05lux 39.8,90,91.40625,70.3125,-21.09375
Sub_05lux 39.8,91,91.40625,70.3125,-21.09375
Sub_05lux 39.8,92,91.40625,70.3125,-21.09375
Sub_05lux 39.8,93,91.40625,70.3125,-21.09375
Sub_05lux 39.8,94,91.40625,70.3125,-21.09375
Sub_05lux 39.8,95,91.40625,70.3125,-21.09375
Sub_05lux 39.8,96,91.40625,91.40625,0.0
Sub_05lux 39.8,97,91.40625,98.4375,7.03125
Sub_05lux 39.8,98,91.40625,63.28125,-28.125
Sub_05lux 39.8,99,91.40625,63.28125,-28.125
Sub_05lux 39.8,100,91.40625,63.28125,-28.125
Sub_05lux 39.8,101,91.40625,77.34375,-14.0625
Sub_05lux 39.8,102,91.40625,98.4375,7.03125
Sub_05lux 39.8,103,91.40625,63.28125,-28.125
Sub_05lux 39.8,104,84.375,70.3125,-14.0625
Sub_05lux 39.8,105,84.375,84.375,0.0
Sub_05lux 39.8,106,84.375,63.28125,-21.09375
Sub_05lux 39.8,107,84.375,84.375,0.0
Sub_05lux 39.8,108,84.375,84.375,0.0
Sub_05lux 39.8,109,84.375,84.375,0.0
Sub_05lux 39.8,110,84.375,84.375,0.0
Sub_05lux 39.8,111,84.375,84.375,0.0
Sub_05lux 39.8,112,84.375,84.375,0.0
Sub_05lux 39.8,113,84.375,84.375,0.0
Sub_05lux 39.8,114,84.375,84.375,0.0
Sub_05lux 39.8,115,84.375,84.375,0.0
Sub_05lux 39.8,116,84.375,84.375,0.0
Sub_05lux 39.8,117,84.375,84.375,0.0
Sub_05lux 39.8,118,84.375,84.375,0.0
Sub_05lux 39.8,119,84.375,84.375,0.0
Sub_05lux 39.8,120,84.375,84.375,0.0
Sub_05lux 39.8,121,84.375,84.375,0.0
Sub_05lux 39.8,122,84.375,84.375,0.0
Sub_05lux 39.8,123,84.375,84.375,0.0
Sub_05lux 39.8,124,84.375,84.375,0.0
Sub_05lux 39.8,125,84.375,84.375,0.0
Sub_05lux 39.8,126,84.375,84.375,0.0
Sub_05lux 39.8,127,84.375,84.375,0.0
Sub_05lux 39.8,128,84.375,84.375,0.0
Sub_05lux 39.8,129,84.375,84.375,0.0
Sub_05lux 39.8,130,84.375,84.375,0.0
Sub_05lux 39.8,131,84.375,84.375,0.0
Sub_05lux 39.8,132,84.375,84.375,0.0
Sub_05lux 39.8,133,91.40625,84.375,-7.03125
Sub_05lux 39.8,134,91.40625,84.375,-7.03125
Sub_05lux 39.8,135,91.40625,84.375,-7.03125
Sub_05lux 39.8,136,91.40625,84.375,-7.03125
Sub_05lux 39.8,137,91.40625,84.375,-7.03125
Sub_05lux 39.8,138,91.40625,84.375,-7.03125
Sub_05lux 39.8,139,91.40625,84.375,-7.03125
Sub_05lux 39.8,140,91.40625,84.375,-7.03125
Sub_05lux 39.8,141,91.40625,84.375,-7.03125
Sub_05lux 39.8,142,91.40625,84.375,-7.03125
Sub_05lux 39.8,143,91.40625,84.375,-7.03125
Sub_05lux 39.8,144,91.40625,84.375,-7.03125
Sub_05lux 39.8,145,91.40625,91.40625,0.0
Sub_05lux 39.8,146,91.40625,84.375,-7.03125
Sub_05lux 39.8,147,91.40625,91.40625,0.0
Sub_05lux 39.8,148,91.40625,91.40625,0.0
Sub_05lux 39.8,149,91.40625,91.40625,0.0
Sub_05lux 39.8,150,91.40625,91.40625,0.0
Sub_05lux 39.8,151,91.40625,91.40625,0.0
Sub_05lux 39.8,152,91.40625,77.34375,-14.0625
Sub_05lux 39.8,153,91.40625,91.40625,0.0
Sub_05lux 63.1,0,77.34375,77.34375,0.0
Sub_05lux 63.1,1,77.34375,84.375,7.03125
Sub_05lux 63.1,2,77.34375,77.34375,0.0
Sub_05lux 63.1,3,77.34375,84.375,7.03125
Sub_05lux 63.1,4,77.34375,84.375,7.03125
Sub_05lux 63.1,5,77.34375,84.375,7.03125
Sub_05lux 63.1,6,77.34375,84.375,7.03125
Sub_05lux 63.1,7,77.34375,77.34375,0.0
Sub_05lux 63.1,8,77.34375,84.375,7.03125
Sub_05lux 63.1,9,77.34375,84.375,7.03125
Sub_05lux 63.1,10,77.34375,77.34375,0.0
Sub_05lux 63.1,11,77.34375,91.40625,14.0625
Sub_05lux 63.1,12,77.34375,91.40625,14.0625
Sub_05lux 63.1,13,77.34375,91.40625,14.0625
Sub_05lux 63.1,14,84.375,91.40625,7.03125
Sub_05lux 63.1,15,84.375,91.40625,7.03125
Sub_05lux 63.1,16,84.375,91.40625,7.03125
Sub_05lux 63.1,17,84.375,91.40625,7.03125
Sub_05lux 63.1,18,84.375,84.375,0.0
Sub_05lux 63.1,19,84.375,91.40625,7.03125
Sub_05lux 63.1,20,84.375,84.375,0.0
Sub_05lux 63.1,21,84.375,84.375,0.0
Sub_05lux 63.1,22,84.375,84.375,0.0
Sub_05lux 63.1,23,84.375,84.375,0.0
Sub_05lux 63.1,24,84.375,84.375,0.0
Sub_05lux 63.1,25,84.375,84.375,0.0
Sub_05lux 63.1,26,84.375,84.375,0.0
Sub_05lux 63.1,27,84.375,84.375,0.0
Sub_05lux 63.1,28,84.375,84.375,0.0
Sub_05lux 63.1,29,84.375,84.375,0.0
Sub_05lux 63.1,30,84.375,84.375,0.0
Sub_05lux 63.1,31,84.375,77.34375,-7.03125
Sub_05lux 63.1,32,84.375,77.34375,-7.03125
Sub_05lux 63.1,33,84.375,77.34375,-7.03125
Sub_05lux 63.1,34,84.375,77.34375,-7.03125
Sub_05lux 63.1,35,84.375,77.34375,-7.03125
Sub_05lux 63.1,36,84.375,77.34375,-7.03125
Sub_05lux 63.1,37,84.375,77.34375,-7.03125
Sub_05lux 63.1,38,84.375,77.34375,-7.03125
Sub_05lux 63.1,39,84.375,77.34375,-7.03125
Sub_05lux 63.1,40,84.375,77.34375,-7.03125
Sub_05lux 63.1,41,84.375,77.34375,-7.03125
Sub_05lux 63.1,42,84.375,77.34375,-7.03125
Sub_05lux 63.1,43,84.375,77.34375,-7.03125
Sub_05lux 63.1,44,84.375,77.34375,-7.03125
Sub_05lux 63.1,45,84.375,77.34375,-7.03125
Sub_05lux 63.1,46,84.375,77.34375,-7.03125
Sub_05lux 63.1,47,84.375,84.375,0.0
Sub_05lux 63.1,48,84.375,84.375,0.0
Sub_05lux 63.1,49,84.375,84.375,0.0
Sub_05lux 63.1,50,84.375,84.375,0.0
Sub_05lux 63.1,51,84.375,84.375,0.0
Sub_05lux 63.1,52,84.375,84.375,0.0
Sub_05lux 63.1,53,84.375,84.375,0.0
Sub_05lux 63.1,54,84.375,84.375,0.0
Sub_05lux 63.1,55,84.375,84.375,0.0
Sub_05lux 63.1,56,84.375,84.375,0.0
Sub_05lux 63.1,57,84.375,84.375,0.0
Sub_05lux 63.1,58,84.375,84.375,0.0
Sub_05lux 63.1,59,84.375,84.375,0.0
Sub_05lux 63.1,60,84.375,84.375,0.0
Sub_05lux 63.1,61,84.375,84.375,0.0
Sub_05lux 63.1,62,84.375,84.375,0.0
Sub_05lux 63.1,63,84.375,84.375,0.0
Sub_05lux 63.1,64,84.375,84.375,0.0
Sub_05lux 63.1,65,84.375,84.375,0.0
Sub_05lux 63.1,66,84.375,84.375,0.0
Sub_05lux 63.1,67,84.375,77.34375,-7.03125
Sub_05lux 63.1,68,84.375,84.375,0.0
Sub_05lux 63.1,69,84.375,84.375,0.0
Sub_05lux 63.1,70,84.375,77.34375,-7.03125
Sub_05lux 63.1,71,84.375,77.34375,-7.03125
Sub_05lux 63.1,72,84.375,77.34375,-7.03125
Sub_05lux 63.1,73,84.375,77.34375,-7.03125
Sub_05lux 63.1,74,84.375,77.34375,-7.03125
Sub_05lux 63.1,75,84.375,77.34375,-7.03125
Sub_05lux 63.1,76,84.375,77.34375,-7.03125
Sub_05lux 63.1,77,84.375,84.375,0.0
Sub_05lux 63.1,78,84.375,84.375,0.0
Sub_05lux 63.1,79,84.375,77.34375,-7.03125
Sub_05lux 63.1,80,84.375,77.34375,-7.03125
Sub_05lux 63.1,81,84.375,77.34375,-7.03125
Sub_05lux 63.1,82,84.375,84.375,0.0
Sub_05lux 63.1,83,84.375,84.375,0.0
Sub_05lux 63.1,84,84.375,84.375,0.0
Sub_05lux 63.1,85,84.375,77.34375,-7.03125
Sub_05lux 63.1,86,84.375,77.34375,-7.03125
Sub_05lux 63.1,87,84.375,77.34375,-7.03125
Sub_05lux 63.1,88,84.375,77.34375,-7.03125
Sub_05lux 63.1,89,84.375,77.34375,-7.03125
Sub_05lux 63.1,90,84.375,84.375,0.0
Sub_05lux 63.1,91,84.375,77.34375,-7.03125
Sub_05lux 63.1,92,84.375,98.4375,14.0625
Sub_05lux 63.1,93,84.375,98.4375,14.0625
Sub_05lux 63.1,94,84.375,98.4375,14.0625
Sub_05lux 63.1,95,84.375,98.4375,14.0625
Sub_05lux 63.1,96,84.375,98.4375,14.0625
Sub_05lux 63.1,97,84.375,98.4375,14.0625
Sub_05lux 63.1,98,84.375,98.4375,14.0625
Sub_05lux 63.1,99,84.375,70.3125,-14.0625
Sub_05lux 63.1,100,84.375,84.375,0.0
Sub_05lux 63.1,101,84.375,84.375,0.0
Sub_05lux 63.1,102,84.375,84.375,0.0
Sub_05lux 63.1,103,84.375,84.375,0.0
Sub_05lux 63.1,104,84.375,84.375,0.0
Sub_05lux 63.1,105,84.375,91.40625,7.03125
Sub_05lux 63.1,106,84.375,84.375,0.0
Sub_05lux 63.1,107,84.375,84.375,0.0
Sub_05lux 63.1,108,84.375,84.375,0.0
Sub_05lux 63.1,109,84.375,77.34375,-7.03125
Sub_05lux 63.1,110,84.375,84.375,0.0
Sub_05lux 63.1,111,84.375,84.375,0.0
Sub_05lux 63.1,112,84.375,84.375,0.0
Sub_05lux 63.1,113,84.375,84.375,0.0
Sub_05lux 63.1,114,84.375,84.375,0.0
Sub_05lux 63.1,115,84.375,84.375,0.0
Sub_05lux 63.1,116,84.375,84.375,0.0
Sub_05lux 63.1,117,84.375,84.375,0.0
Sub_05lux 63.1,118,84.375,84.375,0.0
Sub_05lux 63.1,119,84.375,84.375,0.0
Sub_05lux 63.1,120,84.375,84.375,0.0
Sub_05lux 63.1,121,84.375,84.375,0.0
Sub_05lux 63.1,122,84.375,84.375,0.0
Sub_05lux 63.1,123,84.375,84.375,0.0
Sub_05lux 63.1,124,84.375,84.375,0.0
Sub_05lux 63.1,125,84.375,84.375,0.0
Sub_05lux 63.1,126,84.375,84.375,0.0
Sub_05lux 63.1,127,84.375,84.375,0.0
Sub_05lux 63.1,128,84.375,84.375,0.0
Sub_05lux 63.1,129,84.375,84.375,0.0
Sub_05lux 63.1,130,84.375,84.375,0.0
Sub_05lux 63.1,131,84.375,84.375,0.0
Sub_05lux 63.1,132,84.375,84.375,0.0
Sub_05lux 63.1,133,84.375,77.34375,-7.03125
Sub_05lux 63.1,134,84.375,77.34375,-7.03125
Sub_05lux 63.1,135,84.375,77.34375,-7.03125
Sub_05lux 63.1,136,84.375,77.34375,-7.03125
Sub_05lux 63.1,137,84.375,77.34375,-7.03125
Sub_05lux 63.1,138,84.375,77.34375,-7.03125
Sub_05lux 63.1,139,84.375,77.34375,-7.03125
Sub_05lux 63.1,140,84.375,77.34375,-7.03125
Sub_05lux 63.1,141,84.375,77.34375,-7.03125
Sub_05lux 63.1,142,84.375,84.375,0.0
Sub_05lux 63.1,143,84.375,84.375,0.0
Sub_05lux 63.1,144,84.375,84.375,0.0
Sub_05lux 63.1,145,84.375,84.375,0.0
Sub_05lux 63.1,146,84.375,84.375,0.0
Sub_05lux 63.1,147,84.375,84.375,0.0
Sub_05lux 63.1,148,84.375,84.375,0.0
Sub_05lux 63.1,149,84.375,84.375,0.0
Sub_05lux 63.1,150,84.375,84.375,0.0
Sub_05lux 63.1,151,84.375,84.375,0.0
Sub_05lux 63.1,152,84.375,84.375,0.0
Sub_05lux 63.1,153,84.375,84.375,0.0
Sub_06lux 10.0,0,63.28125,56.25,-7.03125
Sub_06lux 10.0,1,63.28125,63.28125,0.0
Sub_06lux 10.0,2,63.28125,63.28125,0.0
Sub_06lux 10.0,3,63.28125,119.53125,56.25
Sub_06lux 10.0,4,63.28125,70.3125,7.03125
Sub_06lux 10.0,5,63.28125,56.25,-7.03125
Sub_06lux 10.0,6,63.28125,56.25,-7.03125
Sub_06lux 10.0,7,63.28125,84.375,21.09375
Sub_06lux 10.0,8,56.25,63.28125,7.03125
Sub_06lux 10.0,9,56.25,56.25,0.0
Sub_06lux 10.0,10,56.25,56.25,0.0
Sub_06lux 10.0,11,56.25,84.375,28.125
Sub_06lux 10.0,12,56.25,84.375,28.125
Sub_06lux 10.0,13,56.25,84.375,28.125
Sub_06lux 10.0,14,56.25,84.375,28.125
Sub_06lux 10.0,15,56.25,84.375,28.125
Sub_06lux 10.0,16,56.25,84.375,28.125
Sub_06lux 10.0,17,56.25,84.375,28.125
Sub_06lux 10.0,18,56.25,84.375,28.125
Sub_06lux 10.0,19,56.25,84.375,28.125
Sub_06lux 10.0,20,56.25,84.375,28.125
Sub_06lux 10.0,21,56.25,56.25,0.0
Sub_06lux 10.0,22,56.25,91.40625,35.15625
Sub_06lux 10.0,23,56.25,91.40625,35.15625
Sub_06lux 10.0,24,56.25,56.25,0.0
Sub_06lux 10.0,25,56.25,91.40625,35.15625
Sub_06lux 10.0,26,56.25,91.40625,35.15625
Sub_06lux 10.0,27,56.25,56.25,0.0
Sub_06lux 10.0,28,56.25,91.40625,35.15625
Sub_06lux 10.0,29,56.25,91.40625,35.15625
Sub_06lux 10.0,30,56.25,56.25,0.0
Sub_06lux 10.0,31,56.25,77.34375,21.09375
Sub_06lux 10.0,32,56.25,77.34375,21.09375
Sub_06lux 10.0,33,56.25,63.28125,7.03125
Sub_06lux 10.0,34,56.25,77.34375,21.09375
Sub_06lux 10.0,35,56.25,77.34375,21.09375
Sub_06lux 10.0,36,56.25,77.34375,21.09375
Sub_06lux 10.0,37,56.25,77.34375,21.09375
Sub_06lux 10.0,38,56.25,77.34375,21.09375
Sub_06lux 10.0,39,56.25,77.34375,21.09375
Sub_06lux 10.0,40,56.25,77.34375,21.09375
Sub_06lux 10.0,41,56.25,56.25,0.0
Sub_06lux 10.0,42,56.25,77.34375,21.09375
Sub_06lux 10.0,43,56.25,56.25,0.0
Sub_06lux 10.0,44,56.25,56.25,0.0
Sub_06lux 10.0,45,56.25,56.25,0.0
Sub_06lux 10.0,46,56.25,56.25,0.0
Sub_06lux 10.0,47,56.25,56.25,0.0
Sub_06lux 10.0,48,56.25,70.3125,14.0625
Sub_06lux 10.0,49,56.25,70.3125,14.0625
Sub_06lux 10.0,50,56.25,70.3125,14.0625
Sub_06lux 10.0,51,56.25,70.3125,14.0625
Sub_06lux 10.0,52,56.25,70.3125,14.0625
Sub_06lux 10.0,53,56.25,56.25,0.0
Sub_06lux 10.0,54,56.25,84.375,28.125
Sub_06lux 10.0,55,56.25,70.3125,14.0625
Sub_06lux 10.0,56,56.25,84.375,28.125
Sub_06lux 10.0,57,56.25,56.25,0.0
Sub_06lux 10.0,58,56.25,84.375,28.125
Sub_06lux 10.0,59,56.25,56.25,0.0
Sub_06lux 10.0,60,56.25,56.25,0.0
Sub_06lux 10.0,61,56.25,56.25,0.0
Sub_06lux 10.0,62,56.25,56.25,0.0
Sub_06lux 10.0,63,56.25,56.25,0.0
Sub_06lux 10.0,64,56.25,84.375,28.125
Sub_06lux 10.0,65,56.25,56.25,0.0
Sub_06lux 10.0,66,56.25,56.25,0.0
Sub_06lux 10.0,67,56.25,56.25,0.0
Sub_06lux 10.0,68,56.25,112.5,56.25
Sub_06lux 10.0,69,56.25,56.25,0.0
Sub_06lux 10.0,70,56.25,56.25,0.0
Sub_06lux 10.0,71,56.25,56.25,0.0
Sub_06lux 10.0,72,56.25,56.25,0.0
Sub_06lux 10.0,73,56.25,56.25,0.0
Sub_06lux 10.0,74,56.25,56.25,0.0
Sub_06lux 10.0,75,56.25,56.25,0.0
Sub_06lux 10.0,76,56.25,56.25,0.0
Sub_06lux 10.0,77,56.25,56.25,0.0
Sub_06lux 10.0,78,56.25,56.25,0.0
Sub_06lux 10.0,79,56.25,56.25,0.0
Sub_06lux 10.0,80,56.25,56.25,0.0
Sub_06lux 10.0,81,56.25,56.25,0.0
Sub_06lux 10.0,82,56.25,56.25,0.0
Sub_06lux 10.0,83,56.25,56.25,0.0
Sub_06lux 10.0,84,56.25,56.25,0.0
Sub_06lux 10.0,85,56.25,56.25,0.0
Sub_06lux 10.0,86,56.25,56.25,0.0
Sub_06lux 10.0,87,56.25,56.25,0.0
Sub_06lux 10.0,88,56.25,84.375,28.125
Sub_06lux 10.0,89,56.25,98.4375,42.1875
Sub_06lux 10.0,90,56.25,70.3125,14.0625
Sub_06lux 10.0,91,56.25,56.25,0.0
Sub_06lux 10.0,92,56.25,56.25,0.0
Sub_06lux 10.0,93,56.25,98.4375,42.1875
Sub_06lux 10.0,94,56.25,56.25,0.0
Sub_06lux 10.0,95,56.25,56.25,0.0
Sub_06lux 10.0,96,56.25,56.25,0.0
Sub_06lux 10.0,97,56.25,56.25,0.0
Sub_06lux 10.0,98,56.25,56.25,0.0
Sub_06lux 10.0,99,56.25,56.25,0.0
Sub_06lux 10.0,100,56.25,56.25,0.0
Sub_06lux 10.0,101,56.25,56.25,0.0
Sub_06lux 10.0,102,56.25,56.25,0.0
Sub_06lux 10.0,103,56.25,56.25,0.0
Sub_06lux 10.0,104,56.25,56.25,0.0
Sub_06lux 10.0,105,56.25,56.25,0.0
Sub_06lux 10.0,106,56.25,56.25,0.0
Sub_06lux 10.0,107,56.25,56.25,0.0
Sub_06lux 10.0,108,56.25,56.25,0.0
Sub_06lux 10.0,109,56.25,56.25,0.0
Sub_06lux 10.0,110,56.25,56.25,0.0
Sub_06lux 10.0,111,56.25,56.25,0.0
Sub_06lux 10.0,112,56.25,56.25,0.0
Sub_06lux 10.0,113,56.25,56.25,0.0
Sub_06lux 10.0,114,56.25,56.25,0.0
Sub_06lux 10.0,115,56.25,56.25,0.0
Sub_06lux 10.0,116,56.25,56.25,0.0
Sub_06lux 10.0,117,56.25,56.25,0.0
Sub_06lux 10.0,118,56.25,56.25,0.0
Sub_06lux 10.0,119,56.25,56.25,0.0
Sub_06lux 10.0,120,56.25,56.25,0.0
Sub_06lux 10.0,121,56.25,56.25,0.0
Sub_06lux 10.0,122,56.25,56.25,0.0
Sub_06lux 10.0,123,56.25,56.25,0.0
Sub_06lux 10.0,124,56.25,56.25,0.0
Sub_06lux 10.0,125,56.25,56.25,0.0
Sub_06lux 10.0,126,56.25,56.25,0.0
Sub_06lux 10.0,127,56.25,56.25,0.0
Sub_06lux 10.0,128,56.25,56.25,0.0
Sub_06lux 10.0,129,56.25,70.3125,14.0625
Sub_06lux 10.0,130,56.25,56.25,0.0
Sub_06lux 10.0,131,56.25,56.25,0.0
Sub_06lux 10.0,132,56.25,98.4375,42.1875
Sub_06lux 10.0,133,56.25,77.34375,21.09375
Sub_06lux 10.0,134,56.25,70.3125,14.0625
Sub_06lux 10.0,135,56.25,98.4375,42.1875
Sub_06lux 10.0,136,56.25,91.40625,35.15625
Sub_06lux 10.0,137,56.25,91.40625,35.15625
Sub_06lux 10.0,138,56.25,91.40625,35.15625
Sub_06lux 10.0,139,56.25,91.40625,35.15625
Sub_06lux 10.0,140,56.25,91.40625,35.15625
Sub_06lux 10.0,141,56.25,77.34375,21.09375
Sub_06lux 10.0,142,56.25,77.34375,21.09375
Sub_06lux 10.0,143,56.25,77.34375,21.09375
Sub_06lux 10.0,144,56.25,77.34375,21.09375
Sub_06lux 10.0,145,119.53125,77.34375,-42.1875
Sub_06lux 10.0,146,119.53125,77.34375,-42.1875
Sub_06lux 10.0,147,56.25,77.34375,21.09375
Sub_06lux 10.0,148,56.25,77.34375,21.09375
Sub_06lux 10.0,149,56.25,77.34375,21.09375
Sub_06lux 10.0,150,56.25,77.34375,21.09375
Sub_06lux 10.0,151,56.25,84.375,28.125
Sub_06lux 10.0,152,56.25,84.375,28.125
Sub_06lux 10.0,153,56.25,84.375,28.125
Sub_06lux 100.0,0,56.25,56.25,0.0
Sub_06lux 100.0,1,56.25,98.4375,42.1875
Sub_06lux 100.0,2,56.25,56.25,0.0
Sub_06lux 100.0,3,56.25,56.25,0.0
Sub_06lux 100.0,4,56.25,56.25,0.0
Sub_06lux 100.0,5,56.25,56.25,0.0
Sub_06lux 100.0,6,56.25,56.25,0.0
Sub_06lux 100.0,7,56.25,56.25,0.0
Sub_06lux 100.0,8,56.25,56.25,0.0
Sub_06lux 100.0,9,56.25,56.25,0.0
Sub_06lux 100.0,10,56.25,56.25,0.0
Sub_06lux 100.0,11,56.25,56.25,0.0
Sub_06lux 100.0,12,56.25,56.25,0.0
Sub_06lux 100.0,13,56.25,56.25,0.0
Sub_06lux 100.0,14,56.25,56.25,0.0
Sub_06lux 100.0,15,56.25,56.25,0.0
Sub_06lux 100.0,16,56.25,56.25,0.0
Sub_06lux 100.0,17,56.25,56.25,0.0
Sub_06lux 100.0,18,56.25,56.25,0.0
Sub_06lux 100.0,19,56.25,56.25,0.0
Sub_06lux 100.0,20,56.25,56.25,0.0
Sub_06lux 100.0,21,56.25,56.25,0.0
Sub_06lux 100.0,22,56.25,56.25,0.0
Sub_06lux 100.0,23,56.25,56.25,0.0
Sub_06lux 100.0,24,56.25,56.25,0.0
Sub_06lux 100.0,25,56.25,56.25,0.0
Sub_06lux 100.0,26,56.25,56.25,0.0
Sub_06lux 100.0,27,56.25,56.25,0.0
Sub_06lux 100.0,28,56.25,56.25,0.0
Sub_06lux 100.0,29,56.25,56.25,0.0
Sub_06lux 100.0,30,56.25,56.25,0.0
Sub_06lux 100.0,31,56.25,56.25,0.0
Sub_06lux 100.0,32,56.25,56.25,0.0
Sub_06lux 100.0,33,56.25,56.25,0.0
Sub_06lux 100.0,34,56.25,56.25,0.0
Sub_06lux 100.0,35,56.25,56.25,0.0
Sub_06lux 100.0,36,56.25,56.25,0.0
Sub_06lux 100.0,37,56.25,56.25,0.0
Sub_06lux 100.0,38,56.25,56.25,0.0
Sub_06lux 100.0,39,56.25,56.25,0.0
Sub_06lux 100.0,40,56.25,56.25,0.0
Sub_06lux 100.0,41,56.25,56.25,0.0
Sub_06lux 100.0,42,56.25,56.25,0.0
Sub_06lux 100.0,43,56.25,56.25,0.0
Sub_06lux 100.0,44,56.25,56.25,0.0
Sub_06lux 100.0,45,56.25,56.25,0.0
Sub_06lux 100.0,46,56.25,56.25,0.0
Sub_06lux 100.0,47,56.25,56.25,0.0
Sub_06lux 100.0,48,56.25,56.25,0.0
Sub_06lux 100.0,49,56.25,56.25,0.0
Sub_06lux 100.0,50,56.25,56.25,0.0
Sub_06lux 100.0,51,56.25,56.25,0.0
Sub_06lux 100.0,52,56.25,56.25,0.0
Sub_06lux 100.0,53,56.25,56.25,0.0
Sub_06lux 100.0,54,56.25,56.25,0.0
Sub_06lux 100.0,55,56.25,56.25,0.0
Sub_06lux 100.0,56,56.25,56.25,0.0
Sub_06lux 100.0,57,56.25,56.25,0.0
Sub_06lux 100.0,58,56.25,56.25,0.0
Sub_06lux 100.0,59,56.25,56.25,0.0
Sub_06lux 100.0,60,56.25,56.25,0.0
Sub_06lux 100.0,61,56.25,56.25,0.0
Sub_06lux 100.0,62,56.25,56.25,0.0
Sub_06lux 100.0,63,56.25,56.25,0.0
Sub_06lux 100.0,64,56.25,56.25,0.0
Sub_06lux 100.0,65,56.25,56.25,0.0
Sub_06lux 100.0,66,56.25,56.25,0.0
Sub_06lux 100.0,67,56.25,56.25,0.0
Sub_06lux 100.0,68,56.25,56.25,0.0
Sub_06lux 100.0,69,56.25,56.25,0.0
Sub_06lux 100.0,70,56.25,56.25,0.0
Sub_06lux 100.0,71,56.25,56.25,0.0
Sub_06lux 100.0,72,56.25,56.25,0.0
Sub_06lux 100.0,73,56.25,56.25,0.0
Sub_06lux 100.0,74,56.25,56.25,0.0
Sub_06lux 100.0,75,56.25,56.25,0.0
Sub_06lux 100.0,76,56.25,56.25,0.0
Sub_06lux 100.0,77,56.25,56.25,0.0
Sub_06lux 100.0,78,56.25,56.25,0.0
Sub_06lux 100.0,79,56.25,56.25,0.0
Sub_06lux 100.0,80,56.25,56.25,0.0
Sub_06lux 100.0,81,56.25,56.25,0.0
Sub_06lux 100.0,82,56.25,56.25,0.0
Sub_06lux 100.0,83,56.25,56.25,0.0
Sub_06lux 100.0,84,56.25,56.25,0.0
Sub_06lux 100.0,85,56.25,56.25,0.0
Sub_06lux 100.0,86,56.25,56.25,0.0
Sub_06lux 100.0,87,56.25,56.25,0.0
Sub_06lux 100.0,88,56.25,56.25,0.0
Sub_06lux 100.0,89,56.25,56.25,0.0
Sub_06lux 100.0,90,56.25,56.25,0.0
Sub_06lux 100.0,91,56.25,56.25,0.0
Sub_06lux 100.0,92,56.25,56.25,0.0
Sub_06lux 100.0,93,56.25,56.25,0.0
Sub_06lux 100.0,94,56.25,56.25,0.0
Sub_06lux 100.0,95,56.25,56.25,0.0
Sub_06lux 100.0,96,56.25,56.25,0.0
Sub_06lux 100.0,97,56.25,56.25,0.0
Sub_06lux 100.0,98,56.25,56.25,0.0
Sub_06lux 100.0,99,56.25,56.25,0.0
Sub_06lux 100.0,100,56.25,56.25,0.0
Sub_06lux 100.0,101,56.25,56.25,0.0
Sub_06lux 100.0,102,56.25,56.25,0.0
Sub_06lux 100.0,103,56.25,56.25,0.0
Sub_06lux 100.0,104,56.25,56.25,0.0
Sub_06lux 100.0,105,56.25,56.25,0.0
Sub_06lux 100.0,106,56.25,56.25,0.0
Sub_06lux 100.0,107,56.25,56.25,0.0
Sub_06lux 100.0,108,119.53125,56.25,-63.28125
Sub_06lux 100.0,109,119.53125,56.25,-63.28125
Sub_06lux 100.0,110,119.53125,56.25,-63.28125
Sub_06lux 100.0,111,119.53125,56.25,-63.28125
Sub_06lux 100.0,112,119.53125,56.25,-63.28125
Sub_06lux 100.0,113,119.53125,56.25,-63.28125
Sub_06lux 100.0,114,119.53125,56.25,-63.28125
Sub_06lux 100.0,115,119.53125,56.25,-63.28125
Sub_06lux 100.0,116,119.53125,56.25,-63.28125
Sub_06lux 100.0,117,119.53125,56.25,-63.28125
Sub_06lux 100.0,118,119.53125,56.25,-63.28125
Sub_06lux 100.0,119,119.53125,56.25,-63.28125
Sub_06lux 100.0,120,119.53125,56.25,-63.28125
Sub_06lux 100.0,121,63.28125,56.25,-7.03125
Sub_06lux 100.0,122,119.53125,56.25,-63.28125
Sub_06lux 100.0,123,119.53125,56.25,-63.28125
Sub_06lux 100.0,124,63.28125,56.25,-7.03125
Sub_06lux 100.0,125,119.53125,56.25,-63.28125
Sub_06lux 100.0,126,119.53125,56.25,-63.28125
Sub_06lux 100.0,127,119.53125,56.25,-63.28125
Sub_06lux 100.0,128,119.53125,56.25,-63.28125
Sub_06lux 100.0,129,119.53125,56.25,-63.28125
Sub_06lux 100.0,130,119.53125,56.25,-63.28125
Sub_06lux 100.0,131,119.53125,56.25,-63.28125
Sub_06lux 100.0,132,119.53125,56.25,-63.28125
Sub_06lux 100.0,133,119.53125,56.25,-63.28125
Sub_06lux 100.0,134,119.53125,56.25,-63.28125
Sub_06lux 100.0,135,56.25,56.25,0.0
Sub_06lux 100.0,136,56.25,56.25,0.0
Sub_06lux 100.0,137,56.25,56.25,0.0
Sub_06lux 100.0,138,56.25,56.25,0.0
Sub_06lux 100.0,139,56.25,56.25,0.0
Sub_06lux 100.0,140,56.25,56.25,0.0
Sub_06lux 100.0,141,56.25,56.25,0.0
Sub_06lux 100.0,142,56.25,56.25,0.0
Sub_06lux 100.0,143,56.25,56.25,0.0
Sub_06lux 100.0,144,56.25,56.25,0.0
Sub_06lux 100.0,145,56.25,56.25,0.0
Sub_06lux 100.0,146,56.25,56.25,0.0
Sub_06lux 100.0,147,56.25,56.25,0.0
Sub_06lux 100.0,148,56.25,56.25,0.0
Sub_06lux 100.0,149,56.25,56.25,0.0
Sub_06lux 100.0,150,56.25,56.25,0.0
Sub_06lux 100.0,151,56.25,56.25,0.0
Sub_06lux 100.0,152,56.25,56.25,0.0
Sub_06lux 100.0,153,56.25,56.25,0.0
Sub_06lux 15.8,0,119.53125,56.25,-63.28125
Sub_06lux 15.8,1,119.53125,56.25,-63.28125
Sub_06lux 15.8,2,63.28125,119.53125,56.25
Sub_06lux 15.8,3,119.53125,56.25,-63.28125
Sub_06lux 15.8,4,119.53125,56.25,-63.28125
Sub_06lux 15.8,5,63.28125,119.53125,56.25
Sub_06lux 15.8,6,119.53125,56.25,-63.28125
Sub_06lux 15.8,7,119.53125,56.25,-63.28125
Sub_06lux 15.8,8,63.28125,56.25,-7.03125
Sub_06lux 15.8,9,63.28125,56.25,-7.03125
Sub_06lux 15.8,10,63.28125,56.25,-7.03125
Sub_06lux 15.8,11,63.28125,77.34375,14.0625
Sub_06lux 15.8,12,63.28125,56.25,-7.03125
Sub_06lux 15.8,13,63.28125,63.28125,0.0
Sub_06lux 15.8,14,63.28125,63.28125,0.0
Sub_06lux 15.8,15,63.28125,70.3125,7.03125
Sub_06lux 15.8,16,63.28125,56.25,-7.03125
Sub_06lux 15.8,17,63.28125,63.28125,0.0
Sub_06lux 15.8,18,63.28125,63.28125,0.0
Sub_06lux 15.8,19,63.28125,63.28125,0.0
Sub_06lux 15.8,20,63.28125,63.28125,0.0
Sub_06lux 15.8,21,63.28125,77.34375,14.0625
Sub_06lux 15.8,22,63.28125,63.28125,0.0
Sub_06lux 15.8,23,63.28125,63.28125,0.0
Sub_06lux 15.8,24,63.28125,63.28125,0.0
Sub_06lux 15.8,25,63.28125,91.40625,28.125
Sub_06lux 15.8,26,63.28125,98.4375,35.15625
Sub_06lux 15.8,27,63.28125,70.3125,7.03125
Sub_06lux 15.8,28,63.28125,70.3125,7.03125
Sub_06lux 15.8,29,63.28125,70.3125,7.03125
Sub_06lux 15.8,30,63.28125,70.3125,7.03125
Sub_06lux 15.8,31,63.28125,98.4375,35.15625
Sub_06lux 15.8,32,63.28125,84.375,21.09375
Sub_06lux 15.8,33,63.28125,84.375,21.09375
Sub_06lux 15.8,34,63.28125,56.25,-7.03125
Sub_06lux 15.8,35,63.28125,98.4375,35.15625
Sub_06lux 15.8,36,63.28125,84.375,21.09375
Sub_06lux 15.8,37,63.28125,56.25,-7.03125
Sub_06lux 15.8,38,63.28125,56.25,-7.03125
Sub_06lux 15.8,39,63.28125,84.375,21.09375
Sub_06lux 15.8,40,63.28125,77.34375,14.0625
Sub_06lux 15.8,41,63.28125,77.34375,14.0625
Sub_06lux 15.8,42,63.28125,84.375,21.09375
Sub_06lux 15.8,43,63.28125,77.34375,14.0625
Sub_06lux 15.8,44,63.28125,70.3125,7.03125
Sub_06lux 15.8,45,63.28125,70.3125,7.03125
Sub_06lux 15.8,46,63.28125,70.3125,7.03125
Sub_06lux 15.8,47,63.28125,70.3125,7.03125
Sub_06lux 15.8,48,63.28125,70.3125,7.03125
Sub_06lux 15.8,49,63.28125,70.3125,7.03125
Sub_06lux 15.8,50,63.28125,70.3125,7.03125
Sub_06lux 15.8,51,63.28125,70.3125,7.03125
Sub_06lux 15.8,52,63.28125,70.3125,7.03125
Sub_06lux 15.8,53,63.28125,70.3125,7.03125
Sub_06lux 15.8,54,63.28125,70.3125,7.03125
Sub_06lux 15.8,55,63.28125,70.3125,7.03125
Sub_06lux 15.8,56,63.28125,70.3125,7.03125
Sub_06lux 15.8,57,63.28125,70.3125,7.03125
Sub_06lux 15.8,58,63.28125,63.28125,0.0
Sub_06lux 15.8,59,63.28125,63.28125,0.0
Sub_06lux 15.8,60,63.28125,56.25,-7.03125
Sub_06lux 15.8,61,63.28125,63.28125,0.0
Sub_06lux 15.8,62,63.28125,63.28125,0.0
Sub_06lux 15.8,63,63.28125,56.25,-7.03125
Sub_06lux 15.8,64,63.28125,56.25,-7.03125
Sub_06lux 15.8,65,63.28125,56.25,-7.03125
Sub_06lux 15.8,66,63.28125,56.25,-7.03125
Sub_06lux 15.8,67,63.28125,56.25,-7.03125
Sub_06lux 15.8,68,119.53125,56.25,-63.28125
Sub_06lux 15.8,69,119.53125,56.25,-63.28125
Sub_06lux 15.8,70,119.53125,56.25,-63.28125
Sub_06lux 15.8,71,56.25,56.25,0.0
Sub_06lux 15.8,72,56.25,56.25,0.0
Sub_06lux 15.8,73,56.25,56.25,0.0
Sub_06lux 15.8,74,56.25,56.25,0.0
Sub_06lux 15.8,75,56.25,56.25,0.0
Sub_06lux 15.8,76,56.25,56.25,0.0
Sub_06lux 15.8,77,56.25,56.25,0.0
Sub_06lux 15.8,78,56.25,56.25,0.0
Sub_06lux 15.8,79,56.25,56.25,0.0
Sub_06lux 15.8,80,56.25,56.25,0.0
Sub_06lux 15.8,81,56.25,56.25,0.0
Sub_06lux 15.8,82,56.25,56.25,0.0
Sub_06lux 15.8,83,56.25,56.25,0.0
Sub_06lux 15.8,84,56.25,56.25,0.0
Sub_06lux 15.8,85,56.25,56.25,0.0
Sub_06lux 15.8,86,56.25,56.25,0.0
Sub_06lux 15.8,87,56.25,56.25,0.0
Sub_06lux 15.8,88,56.25,56.25,0.0
Sub_06lux 15.8,89,56.25,56.25,0.0
Sub_06lux 15.8,90,56.25,56.25,0.0
Sub_06lux 15.8,91,56.25,56.25,0.0
Sub_06lux 15.8,92,56.25,56.25,0.0
Sub_06lux 15.8,93,56.25,56.25,0.0
Sub_06lux 15.8,94,56.25,56.25,0.0
Sub_06lux 15.8,95,63.28125,56.25,-7.03125
Sub_06lux 15.8,96,63.28125,56.25,-7.03125
Sub_06lux 15.8,97,63.28125,56.25,-7.03125
Sub_06lux 15.8,98,63.28125,63.28125,0.0
Sub_06lux 15.8,99,63.28125,56.25,-7.03125
Sub_06lux 15.8,100,63.28125,56.25,-7.03125
Sub_06lux 15.8,101,63.28125,63.28125,0.0
Sub_06lux 15.8,102,63.28125,63.28125,0.0
Sub_06lux 15.8,103,63.28125,63.28125,0.0
Sub_06lux 15.8,104,63.28125,63.28125,0.0
Sub_06lux 15.8,105,63.28125,63.28125,0.0
Sub_06lux 15.8,106,63.28125,98.4375,35.15625
Sub_06lux 15.8,107,63.28125,63.28125,0.0
Sub_06lux 15.8,108,63.28125,119.53125,56.25
Sub_06lux 15.8,109,63.28125,91.40625,28.125
Sub_06lux 15.8,110,63.28125,77.34375,14.0625
Sub_06lux 15.8,111,63.28125,77.34375,14.0625
Sub_06lux 15.8,112,63.28125,77.34375,14.0625
Sub_06lux 15.8,113,63.28125,77.34375,14.0625
Sub_06lux 15.8,114,63.28125,77.34375,14.0625
Sub_06lux 15.8,115,63.28125,77.34375,14.0625
Sub_06lux 15.8,116,63.28125,63.28125,0.0
Sub_06lux 15.8,117,63.28125,91.40625,28.125
Sub_06lux 15.8,118,63.28125,77.34375,14.0625
Sub_06lux 15.8,119,63.28125,77.34375,14.0625
Sub_06lux 15.8,120,63.28125,77.34375,14.0625
Sub_06lux 15.8,121,63.28125,77.34375,14.0625
Sub_06lux 15.8,122,63.28125,77.34375,14.0625
Sub_06lux 15.8,123,63.28125,77.34375,14.0625
Sub_06lux 15.8,124,63.28125,77.34375,14.0625
Sub_06lux 15.8,125,63.28125,77.34375,14.0625
Sub_06lux 15.8,126,63.28125,70.3125,7.03125
Sub_06lux 15.8,127,63.28125,77.34375,14.0625
Sub_06lux 15.8,128,63.28125,70.3125,7.03125
Sub_06lux 15.8,129,63.28125,70.3125,7.03125
Sub_06lux 15.8,130,63.28125,70.3125,7.03125
Sub_06lux 15.8,131,63.28125,70.3125,7.03125
Sub_06lux 15.8,132,63.28125,98.4375,35.15625
Sub_06lux 15.8,133,63.28125,133.59375,70.3125
Sub_06lux 15.8,134,63.28125,77.34375,14.0625
Sub_06lux 15.8,135,63.28125,77.34375,14.0625
Sub_06lux 15.8,136,63.28125,84.375,21.09375
Sub_06lux 15.8,137,63.28125,77.34375,14.0625
Sub_06lux 15.8,138,63.28125,77.34375,14.0625
Sub_06lux 15.8,139,63.28125,77.34375,14.0625
Sub_06lux 15.8,140,63.28125,63.28125,0.0
Sub_06lux 15.8,141,63.28125,70.3125,7.03125
Sub_06lux 15.8,142,63.28125,63.28125,0.0
Sub_06lux 15.8,143,63.28125,63.28125,0.0
Sub_06lux 15.8,144,63.28125,77.34375,14.0625
Sub_06lux 15.8,145,63.28125,77.34375,14.0625
Sub_06lux 15.8,146,63.28125,77.34375,14.0625
Sub_06lux 15.8,147,63.28125,77.34375,14.0625
Sub_06lux 15.8,148,63.28125,56.25,-7.03125
Sub_06lux 15.8,149,63.28125,84.375,21.09375
Sub_06lux 15.8,150,63.28125,77.34375,14.0625
Sub_06lux 15.8,151,63.28125,56.25,-7.03125
Sub_06lux 15.8,152,63.28125,63.28125,0.0
Sub_06lux 15.8,153,63.28125,63.28125,0.0
Sub_06lux 25.1,0,63.28125,63.28125,0.0
Sub_06lux 25.1,1,63.28125,63.28125,0.0
Sub_06lux 25.1,2,63.28125,63.28125,0.0
Sub_06lux 25.1,3,63.28125,63.28125,0.0
Sub_06lux 25.1,4,63.28125,63.28125,0.0
Sub_06lux 25.1,5,63.28125,63.28125,0.0
Sub_06lux 25.1,6,63.28125,63.28125,0.0
Sub_06lux 25.1,7,63.28125,63.28125,0.0
Sub_06lux 25.1,8,63.28125,63.28125,0.0
Sub_06lux 25.1,9,63.28125,63.28125,0.0
Sub_06lux 25.1,10,63.28125,63.28125,0.0
Sub_06lux 25.1,11,63.28125,63.28125,0.0
Sub_06lux 25.1,12,63.28125,63.28125,0.0
Sub_06lux 25.1,13,63.28125,63.28125,0.0
Sub_06lux 25.1,14,63.28125,63.28125,0.0
Sub_06lux 25.1,15,63.28125,63.28125,0.0
Sub_06lux 25.1,16,63.28125,63.28125,0.0
Sub_06lux 25.1,17,56.25,63.28125,7.03125
Sub_06lux 25.1,18,56.25,63.28125,7.03125
Sub_06lux 25.1,19,56.25,63.28125,7.03125
Sub_06lux 25.1,20,56.25,56.25,0.0
Sub_06lux 25.1,21,56.25,63.28125,7.03125
Sub_06lux 25.1,22,56.25,77.34375,21.09375
Sub_06lux 25.1,23,56.25,56.25,0.0
Sub_06lux 25.1,24,56.25,77.34375,21.09375
Sub_06lux 25.1,25,56.25,56.25,0.0
Sub_06lux 25.1,26,56.25,56.25,0.0
Sub_06lux 25.1,27,56.25,56.25,0.0
Sub_06lux 25.1,28,56.25,56.25,0.0
Sub_06lux 25.1,29,56.25,84.375,28.125
Sub_06lux 25.1,30,56.25,56.25,0.0
Sub_06lux 25.1,31,56.25,84.375,28.125
Sub_06lux 25.1,32,56.25,56.25,0.0
Sub_06lux 25.1,33,119.53125,56.25,-63.28125
Sub_06lux 25.1,34,119.53125,56.25,-63.28125
Sub_06lux 25.1,35,119.53125,63.28125,-56.25
Sub_06lux 25.1,36,63.28125,84.375,21.09375
Sub_06lux 25.1,37,63.28125,63.28125,0.0
Sub_06lux 25.1,38,63.28125,63.28125,0.0
Sub_06lux 25.1,39,63.28125,63.28125,0.0
Sub_06lux 25.1,40,63.28125,63.28125,0.0
Sub_06lux 25.1,41,63.28125,63.28125,0.0
Sub_06lux 25.1,42,63.28125,63.28125,0.0
Sub_06lux 25.1,43,63.28125,63.28125,0.0
Sub_06lux 25.1,44,63.28125,63.28125,0.0
Sub_06lux 25.1,45,63.28125,63.28125,0.0
Sub_06lux 25.1,46,63.28125,63.28125,0.0
Sub_06lux 25.1,47,63.28125,63.28125,0.0
Sub_06lux 25.1,48,63.28125,63.28125,0.0
Sub_06lux 25.1,49,63.28125,63.28125,0.0
Sub_06lux 25.1,50,63.28125,63.28125,0.0
Sub_06lux 25.1,51,63.28125,63.28125,0.0
Sub_06lux 25.1,52,63.28125,63.28125,0.0
Sub_06lux 25.1,53,63.28125,63.28125,0.0
Sub_06lux 25.1,54,63.28125,63.28125,0.0
Sub_06lux 25.1,55,63.28125,63.28125,0.0
Sub_06lux 25.1,56,63.28125,63.28125,0.0
Sub_06lux 25.1,57,63.28125,63.28125,0.0
Sub_06lux 25.1,58,63.28125,63.28125,0.0
Sub_06lux 25.1,59,63.28125,63.28125,0.0
Sub_06lux 25.1,60,63.28125,63.28125,0.0
Sub_06lux 25.1,61,63.28125,63.28125,0.0
Sub_06lux 25.1,62,63.28125,63.28125,0.0
Sub_06lux 25.1,63,63.28125,63.28125,0.0
Sub_06lux 25.1,64,63.28125,56.25,-7.03125
Sub_06lux 25.1,65,63.28125,63.28125,0.0
Sub_06lux 25.1,66,56.25,56.25,0.0
Sub_06lux 25.1,67,119.53125,70.3125,-49.21875
Sub_06lux 25.1,68,56.25,56.25,0.0
Sub_06lux 25.1,69,56.25,91.40625,35.15625
Sub_06lux 25.1,70,119.53125,56.25,-63.28125
Sub_06lux 25.1,71,56.25,56.25,0.0
Sub_06lux 25.1,72,56.25,56.25,0.0
Sub_06lux 25.1,73,119.53125,56.25,-63.28125
Sub_06lux 25.1,74,119.53125,56.25,-63.28125
Sub_06lux 25.1,75,119.53125,56.25,-63.28125
Sub_06lux 25.1,76,119.53125,56.25,-63.28125
Sub_06lux 25.1,77,63.28125,56.25,-7.03125
Sub_06lux 25.1,78,63.28125,56.25,-7.03125
Sub_06lux 25.1,79,119.53125,84.375,-35.15625
Sub_06lux 25.1,80,63.28125,56.25,-7.03125
Sub_06lux 25.1,81,63.28125,56.25,-7.03125
Sub_06lux 25.1,82,119.53125,63.28125,-56.25
Sub_06lux 25.1,83,63.28125,56.25,-7.03125
Sub_06lux 25.1,84,63.28125,56.25,-7.03125
Sub_06lux 25.1,85,119.53125,63.28125,-56.25
Sub_06lux 25.1,86,63.28125,56.25,-7.03125
Sub_06lux 25.1,87,63.28125,56.25,-7.03125
Sub_06lux 25.1,88,119.53125,56.25,-63.28125
Sub_06lux 25.1,89,56.25,56.25,0.0
Sub_06lux 25.1,90,56.25,56.25,0.0
Sub_06lux 25.1,91,119.53125,56.25,-63.28125
Sub_06lux 25.1,92,56.25,56.25,0.0
Sub_06lux 25.1,93,56.25,70.3125,14.0625
Sub_06lux 25.1,94,56.25,56.25,0.0
Sub_06lux 25.1,95,56.25,56.25,0.0
Sub_06lux 25.1,96,56.25,56.25,0.0
Sub_06lux 25.1,97,56.25,56.25,0.0
Sub_06lux 25.1,98,56.25,56.25,0.0
Sub_06lux 25.1,99,56.25,56.25,0.0
Sub_06lux 25.1,100,56.25,56.25,0.0
Sub_06lux 25.1,101,56.25,56.25,0.0
Sub_06lux 25.1,102,56.25,56.25,0.0
Sub_06lux 25.1,103,56.25,56.25,0.0
Sub_06lux 25.1,104,56.25,56.25,0.0
Sub_06lux 25.1,105,56.25,56.25,0.0
Sub_06lux 25.1,106,56.25,56.25,0.0
Sub_06lux 25.1,107,56.25,56.25,0.0
Sub_06lux 25.1,108,56.25,56.25,0.0
Sub_06lux 25.1,109,56.25,56.25,0.0
Sub_06lux 25.1,110,56.25,56.25,0.0
Sub_06lux 25.1,111,56.25,56.25,0.0
Sub_06lux 25.1,112,56.25,56.25,0.0
Sub_06lux 25.1,113,56.25,56.25,0.0
Sub_06lux 25.1,114,56.25,56.25,0.0
Sub_06lux 25.1,115,56.25,56.25,0.0
Sub_06lux 25.1,116,56.25,56.25,0.0
Sub_06lux 25.1,117,56.25,56.25,0.0
Sub_06lux 25.1,118,56.25,56.25,0.0
Sub_06lux 25.1,119,56.25,56.25,0.0
Sub_06lux 25.1,120,56.25,56.25,0.0
Sub_06lux 25.1,121,56.25,56.25,0.0
Sub_06lux 25.1,122,56.25,56.25,0.0
Sub_06lux 25.1,123,63.28125,56.25,-7.03125
Sub_06lux 25.1,124,63.28125,56.25,-7.03125
Sub_06lux 25.1,125,63.28125,56.25,-7.03125
Sub_06lux 25.1,126,63.28125,56.25,-7.03125
Sub_06lux 25.1,127,63.28125,63.28125,0.0
Sub_06lux 25.1,128,63.28125,63.28125,0.0
Sub_06lux 25.1,129,63.28125,63.28125,0.0
Sub_06lux 25.1,130,63.28125,63.28125,0.0
Sub_06lux 25.1,131,63.28125,63.28125,0.0
Sub_06lux 25.1,132,63.28125,63.28125,0.0
Sub_06lux 25.1,133,63.28125,63.28125,0.0
Sub_06lux 25.1,134,63.28125,63.28125,0.0
Sub_06lux 25.1,135,63.28125,63.28125,0.0
Sub_06lux 25.1,136,63.28125,63.28125,0.0
Sub_06lux 25.1,137,63.28125,63.28125,0.0
Sub_06lux 25.1,138,63.28125,63.28125,0.0
Sub_06lux 25.1,139,63.28125,63.28125,0.0
Sub_06lux 25.1,140,63.28125,63.28125,0.0
Sub_06lux 25.1,141,63.28125,63.28125,0.0
Sub_06lux 25.1,142,63.28125,63.28125,0.0
Sub_06lux 25.1,143,63.28125,63.28125,0.0
Sub_06lux 25.1,144,63.28125,63.28125,0.0
Sub_06lux 25.1,145,63.28125,63.28125,0.0
Sub_06lux 25.1,146,63.28125,77.34375,14.0625
Sub_06lux 25.1,147,63.28125,77.34375,14.0625
Sub_06lux 25.1,148,63.28125,63.28125,0.0
Sub_06lux 25.1,149,63.28125,63.28125,0.0
Sub_06lux 25.1,150,63.28125,91.40625,28.125
Sub_06lux 25.1,151,63.28125,77.34375,14.0625
Sub_06lux 25.1,152,63.28125,63.28125,0.0
Sub_06lux 25.1,153,63.28125,63.28125,0.0
Sub_06lux 39.8,0,119.53125,56.25,-63.28125
Sub_06lux 39.8,1,119.53125,56.25,-63.28125
Sub_06lux 39.8,2,119.53125,56.25,-63.28125
Sub_06lux 39.8,3,119.53125,56.25,-63.28125
Sub_06lux 39.8,4,119.53125,56.25,-63.28125
Sub_06lux 39.8,5,119.53125,56.25,-63.28125
Sub_06lux 39.8,6,119.53125,56.25,-63.28125
Sub_06lux 39.8,7,119.53125,98.4375,-21.09375
Sub_06lux 39.8,8,119.53125,56.25,-63.28125
Sub_06lux 39.8,9,119.53125,56.25,-63.28125
Sub_06lux 39.8,10,63.28125,56.25,-7.03125
Sub_06lux 39.8,11,119.53125,56.25,-63.28125
Sub_06lux 39.8,12,119.53125,56.25,-63.28125
Sub_06lux 39.8,13,63.28125,56.25,-7.03125
Sub_06lux 39.8,14,119.53125,56.25,-63.28125
Sub_06lux 39.8,15,119.53125,56.25,-63.28125
Sub_06lux 39.8,16,119.53125,56.25,-63.28125
Sub_06lux 39.8,17,119.53125,56.25,-63.28125
Sub_06lux 39.8,18,119.53125,56.25,-63.28125
Sub_06lux 39.8,19,119.53125,77.34375,-42.1875
Sub_06lux 39.8,20,119.53125,56.25,-63.28125
Sub_06lux 39.8,21,119.53125,56.25,-63.28125
Sub_06lux 39.8,22,119.53125,63.28125,-56.25
Sub_06lux 39.8,23,119.53125,63.28125,-56.25
Sub_06lux 39.8,24,119.53125,56.25,-63.28125
Sub_06lux 39.8,25,119.53125,56.25,-63.28125
Sub_06lux 39.8,26,119.53125,56.25,-63.28125
Sub_06lux 39.8,27,119.53125,77.34375,-42.1875
Sub_06lux 39.8,28,119.53125,56.25,-63.28125
Sub_06lux 39.8,29,119.53125,77.34375,-42.1875
Sub_06lux 39.8,30,119.53125,56.25,-63.28125
Sub_06lux 39.8,31,119.53125,56.25,-63.28125
Sub_06lux 39.8,32,119.53125,56.25,-63.28125
Sub_06lux 39.8,33,56.25,56.25,0.0
Sub_06lux 39.8,34,56.25,84.375,28.125
Sub_06lux 39.8,35,56.25,56.25,0.0
Sub_06lux 39.8,36,56.25,56.25,0.0
Sub_06lux 39.8,37,56.25,56.25,0.0
Sub_06lux 39.8,38,56.25,84.375,28.125
Sub_06lux 39.8,39,56.25,84.375,28.125
Sub_06lux 39.8,40,56.25,84.375,28.125
Sub_06lux 39.8,41,56.25,84.375,28.125
Sub_06lux 39.8,42,56.25,84.375,28.125
Sub_06lux 39.8,43,56.25,84.375,28.125
Sub_06lux 39.8,44,56.25,91.40625,35.15625
Sub_06lux 39.8,45,56.25,56.25,0.0
Sub_06lux 39.8,46,56.25,56.25,0.0
Sub_06lux 39.8,47,56.25,84.375,28.125
Sub_06lux 39.8,48,56.25,56.25,0.0
Sub_06lux 39.8,49,56.25,56.25,0.0
Sub_06lux 39.8,50,56.25,105.46875,49.21875
Sub_06lux 39.8,51,56.25,77.34375,21.09375
Sub_06lux 39.8,52,56.25,56.25,0.0
Sub_06lux 39.8,53,56.25,56.25,0.0
Sub_06lux 39.8,54,56.25,56.25,0.0
Sub_06lux 39.8,55,56.25,56.25,0.0
Sub_06lux 39.8,56,56.25,56.25,0.0
Sub_06lux 39.8,57,56.25,56.25,0.0
Sub_06lux 39.8,58,56.25,56.25,0.0
Sub_06lux 39.8,59,56.25,56.25,0.0
Sub_06lux 39.8,60,56.25,56.25,0.0
Sub_06lux 39.8,61,56.25,56.25,0.0
Sub_06lux 39.8,62,56.25,56.25,0.0
Sub_06lux 39.8,63,56.25,56.25,0.0
Sub_06lux 39.8,64,56.25,56.25,0.0
Sub_06lux 39.8,65,56.25,56.25,0.0
Sub_06lux 39.8,66,56.25,56.25,0.0
Sub_06lux 39.8,67,56.25,56.25,0.0
Sub_06lux 39.8,68,56.25,56.25,0.0
Sub_06lux 39.8,69,56.25,56.25,0.0
Sub_06lux 39.8,70,119.53125,56.25,-63.28125
Sub_06lux 39.8,71,119.53125,56.25,-63.28125
Sub_06lux 39.8,72,119.53125,56.25,-63.28125
Sub_06lux 39.8,73,119.53125,56.25,-63.28125
Sub_06lux 39.8,74,119.53125,56.25,-63.28125
Sub_06lux 39.8,75,119.53125,56.25,-63.28125
Sub_06lux 39.8,76,119.53125,56.25,-63.28125
Sub_06lux 39.8,77,119.53125,56.25,-63.28125
Sub_06lux 39.8,78,56.25,56.25,0.0
Sub_06lux 39.8,79,56.25,56.25,0.0
Sub_06lux 39.8,80,56.25,56.25,0.0
Sub_06lux 39.8,81,56.25,56.25,0.0
Sub_06lux 39.8,82,56.25,56.25,0.0
Sub_06lux 39.8,83,56.25,56.25,0.0
Sub_06lux 39.8,84,56.25,56.25,0.0
Sub_06lux 39.8,85,56.25,84.375,28.125
Sub_06lux 39.8,86,56.25,84.375,28.125
Sub_06lux 39.8,87,56.25,56.25,0.0
Sub_06lux 39.8,88,56.25,56.25,0.0
Sub_06lux 39.8,89,56.25,84.375,28.125
Sub_06lux 39.8,90,56.25,77.34375,21.09375
Sub_06lux 39.8,91,56.25,56.25,0.0
Sub_06lux 39.8,92,56.25,56.25,0.0
Sub_06lux 39.8,93,112.5,56.25,-56.25
Sub_06lux 39.8,94,56.25,56.25,0.0
Sub_06lux 39.8,95,56.25,56.25,0.0
Sub_06lux 39.8,96,56.25,77.34375,21.09375
Sub_06lux 39.8,97,56.25,77.34375,21.09375
Sub_06lux 39.8,98,56.25,77.34375,21.09375
Sub_06lux 39.8,99,56.25,77.34375,21.09375
Sub_06lux 39.8,100,56.25,77.34375,21.09375
Sub_06lux 39.8,101,56.25,56.25,0.0
Sub_06lux 39.8,102,56.25,77.34375,21.09375
Sub_06lux 39.8,103,56.25,56.25,0.0
Sub_06lux 39.8,104,112.5,56.25,-56.25
Sub_06lux 39.8,105,56.25,56.25,0.0
Sub_06lux 39.8,106,56.25,56.25,0.0
Sub_06lux 39.8,107,56.25,56.25,0.0
Sub_06lux 39.8,108,56.25,56.25,0.0
Sub_06lux 39.8,109,56.25,56.25,0.0
Sub_06lux 39.8,110,56.25,56.25,0.0
Sub_06lux 39.8,111,56.25,56.25,0.0
Sub_06lux 39.8,112,56.25,56.25,0.0
Sub_06lux 39.8,113,56.25,56.25,0.0
Sub_06lux 39.8,114,56.25,56.25,0.0
Sub_06lux 39.8,115,56.25,56.25,0.0
Sub_06lux 39.8,116,56.25,56.25,0.0
Sub_06lux 39.8,117,56.25,56.25,0.0
Sub_06lux 39.8,118,56.25,56.25,0.0
Sub_06lux 39.8,119,56.25,56.25,0.0
Sub_06lux 39.8,120,56.25,56.25,0.0
Sub_06lux 39.8,121,56.25,56.25,0.0
Sub_06lux 39.8,122,56.25,56.25,0.0
Sub_06lux 39.8,123,56.25,56.25,0.0
Sub_06lux 39.8,124,56.25,56.25,0.0
Sub_06lux 39.8,125,56.25,56.25,0.0
Sub_06lux 39.8,126,56.25,56.25,0.0
Sub_06lux 39.8,127,56.25,56.25,0.0
Sub_06lux 39.8,128,56.25,56.25,0.0
Sub_06lux 39.8,129,56.25,56.25,0.0
Sub_06lux 39.8,130,56.25,56.25,0.0
Sub_06lux 39.8,131,56.25,56.25,0.0
Sub_06lux 39.8,132,56.25,56.25,0.0
Sub_06lux 39.8,133,56.25,56.25,0.0
Sub_06lux 39.8,134,56.25,56.25,0.0
Sub_06lux 39.8,135,56.25,56.25,0.0
Sub_06lux 39.8,136,119.53125,56.25,-63.28125
Sub_06lux 39.8,137,119.53125,56.25,-63.28125
Sub_06lux 39.8,138,119.53125,56.25,-63.28125
Sub_06lux 39.8,139,119.53125,56.25,-63.28125
Sub_06lux 39.8,140,119.53125,56.25,-63.28125
Sub_06lux 39.8,141,119.53125,56.25,-63.28125
Sub_06lux 39.8,142,119.53125,56.25,-63.28125
Sub_06lux 39.8,143,119.53125,56.25,-63.28125
Sub_06lux 39.8,144,56.25,56.25,0.0
Sub_06lux 39.8,145,56.25,56.25,0.0
Sub_06lux 39.8,146,56.25,56.25,0.0
Sub_06lux 39.8,147,56.25,56.25,0.0
Sub_06lux 39.8,148,56.25,56.25,0.0
Sub_06lux 39.8,149,56.25,56.25,0.0
Sub_06lux 39.8,150,56.25,56.25,0.0
Sub_06lux 39.8,151,56.25,56.25,0.0
Sub_06lux 39.8,152,56.25,56.25,0.0
Sub_06lux 39.8,153,56.25,56.25,0.0
Sub_06lux 63.1,0,119.53125,56.25,-63.28125
Sub_06lux 63.1,1,119.53125,56.25,-63.28125
Sub_06lux 63.1,2,119.53125,56.25,-63.28125
Sub_06lux 63.1,3,119.53125,56.25,-63.28125
Sub_06lux 63.1,4,119.53125,56.25,-63.28125
Sub_06lux 63.1,5,119.53125,56.25,-63.28125
Sub_06lux 63.1,6,56.25,56.25,0.0
Sub_06lux 63.1,7,119.53125,56.25,-63.28125
Sub_06lux 63.1,8,56.25,56.25,0.0
Sub_06lux 63.1,9,56.25,56.25,0.0
Sub_06lux 63.1,10,56.25,56.25,0.0
Sub_06lux 63.1,11,56.25,56.25,0.0
Sub_06lux 63.1,12,56.25,56.25,0.0
Sub_06lux 63.1,13,56.25,56.25,0.0
Sub_06lux 63.1,14,56.25,56.25,0.0
Sub_06lux 63.1,15,56.25,56.25,0.0
Sub_06lux 63.1,16,56.25,56.25,0.0
Sub_06lux 63.1,17,56.25,56.25,0.0
Sub_06lux 63.1,18,56.25,56.25,0.0
Sub_06lux 63.1,19,56.25,56.25,0.0
Sub_06lux 63.1,20,56.25,56.25,0.0
Sub_06lux 63.1,21,56.25,56.25,0.0
Sub_06lux 63.1,22,56.25,56.25,0.0
Sub_06lux 63.1,23,56.25,56.25,0.0
Sub_06lux 63.1,24,56.25,56.25,0.0
Sub_06lux 63.1,25,56.25,56.25,0.0
Sub_06lux 63.1,26,56.25,56.25,0.0
Sub_06lux 63.1,27,56.25,56.25,0.0
Sub_06lux 63.1,28,56.25,56.25,0.0
Sub_06lux 63.1,29,56.25,56.25,0.0
Sub_06lux 63.1,30,56.25,56.25,0.0
Sub_06lux 63.1,31,56.25,56.25,0.0
Sub_06lux 63.1,32,56.25,56.25,0.0
Sub_06lux 63.1,33,56.25,56.25,0.0
Sub_06lux 63.1,34,56.25,56.25,0.0
Sub_06lux 63.1,35,56.25,56.25,0.0
Sub_06lux 63.1,36,56.25,56.25,0.0
Sub_06lux 63.1,37,56.25,56.25,0.0
Sub_06lux 63.1,38,56.25,56.25,0.0
Sub_06lux 63.1,39,56.25,56.25,0.0
Sub_06lux 63.1,40,56.25,56.25,0.0
Sub_06lux 63.1,41,56.25,56.25,0.0
Sub_06lux 63.1,42,56.25,56.25,0.0
Sub_06lux 63.1,43,56.25,56.25,0.0
Sub_06lux 63.1,44,56.25,56.25,0.0
Sub_06lux 63.1,45,56.25,56.25,0.0
Sub_06lux 63.1,46,56.25,56.25,0.0
Sub_06lux 63.1,47,56.25,56.25,0.0
Sub_06lux 63.1,48,56.25,56.25,0.0
Sub_06lux 63.1,49,56.25,56.25,0.0
Sub_06lux 63.1,50,56.25,56.25,0.0
Sub_06lux 63.1,51,56.25,56.25,0.0
Sub_06lux 63.1,52,56.25,56.25,0.0
Sub_06lux 63.1,53,56.25,56.25,0.0
Sub_06lux 63.1,54,56.25,56.25,0.0
Sub_06lux 63.1,55,56.25,56.25,0.0
Sub_06lux 63.1,56,56.25,56.25,0.0
Sub_06lux 63.1,57,56.25,56.25,0.0
Sub_06lux 63.1,58,56.25,56.25,0.0
Sub_06lux 63.1,59,56.25,56.25,0.0
Sub_06lux 63.1,60,56.25,56.25,0.0
Sub_06lux 63.1,61,56.25,56.25,0.0
Sub_06lux 63.1,62,56.25,56.25,0.0
Sub_06lux 63.1,63,56.25,56.25,0.0
Sub_06lux 63.1,64,119.53125,56.25,-63.28125
Sub_06lux 63.1,65,119.53125,56.25,-63.28125
Sub_06lux 63.1,66,119.53125,56.25,-63.28125
Sub_06lux 63.1,67,119.53125,56.25,-63.28125
Sub_06lux 63.1,68,119.53125,56.25,-63.28125
Sub_06lux 63.1,69,119.53125,56.25,-63.28125
Sub_06lux 63.1,70,119.53125,56.25,-63.28125
Sub_06lux 63.1,71,119.53125,56.25,-63.28125
Sub_06lux 63.1,72,119.53125,56.25,-63.28125
Sub_06lux 63.1,73,119.53125,56.25,-63.28125
Sub_06lux 63.1,74,56.25,56.25,0.0
Sub_06lux 63.1,75,56.25,56.25,0.0
Sub_06lux 63.1,76,56.25,56.25,0.0
Sub_06lux 63.1,77,56.25,56.25,0.0
Sub_06lux 63.1,78,56.25,56.25,0.0
Sub_06lux 63.1,79,56.25,56.25,0.0
Sub_06lux 63.1,80,56.25,56.25,0.0
Sub_06lux 63.1,81,56.25,56.25,0.0
Sub_06lux 63.1,82,56.25,56.25,0.0
Sub_06lux 63.1,83,56.25,56.25,0.0
Sub_06lux 63.1,84,56.25,56.25,0.0
Sub_06lux 63.1,85,56.25,56.25,0.0
Sub_06lux 63.1,86,56.25,56.25,0.0
Sub_06lux 63.1,87,56.25,56.25,0.0
Sub_06lux 63.1,88,56.25,56.25,0.0
Sub_06lux 63.1,89,56.25,56.25,0.0
Sub_06lux 63.1,90,56.25,56.25,0.0
Sub_06lux 63.1,91,56.25,56.25,0.0
Sub_06lux 63.1,92,56.25,56.25,0.0
Sub_06lux 63.1,93,56.25,56.25,0.0
Sub_06lux 63.1,94,56.25,56.25,0.0
Sub_06lux 63.1,95,56.25,56.25,0.0
Sub_06lux 63.1,96,56.25,56.25,0.0
Sub_06lux 63.1,97,56.25,56.25,0.0
Sub_06lux 63.1,98,56.25,56.25,0.0
Sub_06lux 63.1,99,56.25,56.25,0.0
Sub_06lux 63.1,100,56.25,56.25,0.0
Sub_06lux 63.1,101,56.25,56.25,0.0
Sub_06lux 63.1,102,56.25,56.25,0.0
Sub_06lux 63.1,103,56.25,56.25,0.0
Sub_06lux 63.1,104,56.25,56.25,0.0
Sub_06lux 63.1,105,56.25,56.25,0.0
Sub_06lux 63.1,106,119.53125,56.25,-63.28125
Sub_06lux 63.1,107,119.53125,56.25,-63.28125
Sub_06lux 63.1,108,119.53125,56.25,-63.28125
Sub_06lux 63.1,109,119.53125,56.25,-63.28125
Sub_06lux 63.1,110,119.53125,56.25,-63.28125
Sub_06lux 63.1,111,119.53125,56.25,-63.28125
Sub_06lux 63.1,112,119.53125,56.25,-63.28125
Sub_06lux 63.1,113,119.53125,56.25,-63.28125
Sub_06lux 63.1,114,119.53125,56.25,-63.28125
Sub_06lux 63.1,115,119.53125,56.25,-63.28125
Sub_06lux 63.1,116,119.53125,56.25,-63.28125
Sub_06lux 63.1,117,119.53125,63.28125,-56.25
Sub_06lux 63.1,118,63.28125,63.28125,0.0
Sub_06lux 63.1,119,63.28125,63.28125,0.0
Sub_06lux 63.1,120,63.28125,63.28125,0.0
Sub_06lux 63.1,121,63.28125,63.28125,0.0
Sub_06lux 63.1,122,63.28125,63.28125,0.0
Sub_06lux 63.1,123,63.28125,63.28125,0.0
Sub_06lux 63.1,124,63.28125,63.28125,0.0
Sub_06lux 63.1,125,63.28125,63.28125,0.0
Sub_06lux 63.1,126,63.28125,63.28125,0.0
Sub_06lux 63.1,127,63.28125,63.28125,0.0
Sub_06lux 63.1,128,63.28125,63.28125,0.0
Sub_06lux 63.1,129,63.28125,63.28125,0.0
Sub_06lux 63.1,130,63.28125,63.28125,0.0
Sub_06lux 63.1,131,119.53125,56.25,-63.28125
Sub_06lux 63.1,132,119.53125,56.25,-63.28125
Sub_06lux 63.1,133,119.53125,56.25,-63.28125
Sub_06lux 63.1,134,56.25,56.25,0.0
Sub_06lux 63.1,135,56.25,56.25,0.0
Sub_06lux 63.1,136,56.25,56.25,0.0
Sub_06lux 63.1,137,56.25,56.25,0.0
Sub_06lux 63.1,138,56.25,56.25,0.0
Sub_06lux 63.1,139,56.25,56.25,0.0
Sub_06lux 63.1,140,56.25,56.25,0.0
Sub_06lux 63.1,141,56.25,56.25,0.0
Sub_06lux 63.1,142,56.25,56.25,0.0
Sub_06lux 63.1,143,56.25,56.25,0.0
Sub_06lux 63.1,144,56.25,56.25,0.0
Sub_06lux 63.1,145,56.25,56.25,0.0
Sub_06lux 63.1,146,56.25,56.25,0.0
Sub_06lux 63.1,147,56.25,56.25,0.0
Sub_06lux 63.1,148,56.25,56.25,0.0
Sub_06lux 63.1,149,56.25,56.25,0.0
Sub_06lux 63.1,150,56.25,56.25,0.0
Sub_06lux 63.1,151,56.25,56.25,0.0
Sub_06lux 63.1,152,56.25,56.25,0.0
Sub_06lux 63.1,153,56.25,56.25,0.0
Sub_07lux 10.0,0,77.34375,77.34375,0.0
Sub_07lux 10.0,1,84.375,77.34375,-7.03125
Sub_07lux 10.0,2,84.375,77.34375,-7.03125
Sub_07lux 10.0,3,84.375,77.34375,-7.03125
Sub_07lux 10.0,4,84.375,70.3125,-14.0625
Sub_07lux 10.0,5,84.375,84.375,0.0
Sub_07lux 10.0,6,84.375,84.375,0.0
Sub_07lux 10.0,7,84.375,84.375,0.0
Sub_07lux 10.0,8,84.375,70.3125,-14.0625
Sub_07lux 10.0,9,84.375,84.375,0.0
Sub_07lux 10.0,10,84.375,84.375,0.0
Sub_07lux 10.0,11,84.375,84.375,0.0
Sub_07lux 10.0,12,84.375,84.375,0.0
Sub_07lux 10.0,13,84.375,84.375,0.0
Sub_07lux 10.0,14,84.375,84.375,0.0
Sub_07lux 10.0,15,84.375,84.375,0.0
Sub_07lux 10.0,16,84.375,84.375,0.0
Sub_07lux 10.0,17,84.375,84.375,0.0
Sub_07lux 10.0,18,84.375,77.34375,-7.03125
Sub_07lux 10.0,19,84.375,84.375,0.0
Sub_07lux 10.0,20,84.375,77.34375,-7.03125
Sub_07lux 10.0,21,84.375,84.375,0.0
Sub_07lux 10.0,22,84.375,77.34375,-7.03125
Sub_07lux 10.0,23,84.375,84.375,0.0
Sub_07lux 10.0,24,84.375,77.34375,-7.03125
Sub_07lux 10.0,25,84.375,84.375,0.0
Sub_07lux 10.0,26,84.375,84.375,0.0
Sub_07lux 10.0,27,84.375,84.375,0.0
Sub_07lux 10.0,28,84.375,84.375,0.0
Sub_07lux 10.0,29,84.375,84.375,0.0
Sub_07lux 10.0,30,84.375,84.375,0.0
Sub_07lux 10.0,31,84.375,77.34375,-7.03125
Sub_07lux 10.0,32,77.34375,84.375,7.03125
Sub_07lux 10.0,33,77.34375,77.34375,0.0
Sub_07lux 10.0,34,77.34375,77.34375,0.0
Sub_07lux 10.0,35,77.34375,77.34375,0.0
Sub_07lux 10.0,36,77.34375,77.34375,0.0
Sub_07lux 10.0,37,77.34375,77.34375,0.0
Sub_07lux 10.0,38,77.34375,77.34375,0.0
Sub_07lux 10.0,39,77.34375,77.34375,0.0
Sub_07lux 10.0,40,77.34375,77.34375,0.0
Sub_07lux 10.0,41,77.34375,77.34375,0.0
Sub_07lux 10.0,42,77.34375,77.34375,0.0
Sub_07lux 10.0,43,77.34375,77.34375,0.0
Sub_07lux 10.0,44,77.34375,77.34375,0.0
Sub_07lux 10.0,45,77.34375,77.34375,0.0
Sub_07lux 10.0,46,77.34375,77.34375,0.0
Sub_07lux 10.0,47,77.34375,77.34375,0.0
Sub_07lux 10.0,48,77.34375,77.34375,0.0
Sub_07lux 10.0,49,77.34375,77.34375,0.0
Sub_07lux 10.0,50,77.34375,77.34375,0.0
Sub_07lux 10.0,51,77.34375,77.34375,0.0
Sub_07lux 10.0,52,77.34375,77.34375,0.0
Sub_07lux 10.0,53,77.34375,77.34375,0.0
Sub_07lux 10.0,54,77.34375,77.34375,0.0
Sub_07lux 10.0,55,77.34375,77.34375,0.0
Sub_07lux 10.0,56,77.34375,77.34375,0.0
Sub_07lux 10.0,57,77.34375,77.34375,0.0
Sub_07lux 10.0,58,77.34375,77.34375,0.0
Sub_07lux 10.0,59,77.34375,77.34375,0.0
Sub_07lux 10.0,60,77.34375,77.34375,0.0
Sub_07lux 10.0,61,77.34375,77.34375,0.0
Sub_07lux 10.0,62,77.34375,77.34375,0.0
Sub_07lux 10.0,63,77.34375,77.34375,0.0
Sub_07lux 10.0,64,77.34375,77.34375,0.0
Sub_07lux 10.0,65,77.34375,77.34375,0.0
Sub_07lux 10.0,66,77.34375,77.34375,0.0
Sub_07lux 10.0,67,77.34375,77.34375,0.0
Sub_07lux 10.0,68,77.34375,77.34375,0.0
Sub_07lux 10.0,69,77.34375,77.34375,0.0
Sub_07lux 10.0,70,77.34375,77.34375,0.0
Sub_07lux 10.0,71,77.34375,77.34375,0.0
Sub_07lux 10.0,72,77.34375,77.34375,0.0
Sub_07lux 10.0,73,77.34375,77.34375,0.0
Sub_07lux 10.0,74,77.34375,77.34375,0.0
Sub_07lux 10.0,75,77.34375,77.34375,0.0
Sub_07lux 10.0,76,77.34375,77.34375,0.0
Sub_07lux 10.0,77,77.34375,77.34375,0.0
Sub_07lux 10.0,78,77.34375,77.34375,0.0
Sub_07lux 10.0,79,77.34375,77.34375,0.0
Sub_07lux 10.0,80,77.34375,77.34375,0.0
Sub_07lux 10.0,81,77.34375,77.34375,0.0
Sub_07lux 10.0,82,84.375,84.375,0.0
Sub_07lux 10.0,83,84.375,77.34375,-7.03125
Sub_07lux 10.0,84,84.375,77.34375,-7.03125
Sub_07lux 10.0,85,84.375,77.34375,-7.03125
Sub_07lux 10.0,86,84.375,77.34375,-7.03125
Sub_07lux 10.0,87,84.375,84.375,0.0
Sub_07lux 10.0,88,84.375,77.34375,-7.03125
Sub_07lux 10.0,89,84.375,91.40625,7.03125
Sub_07lux 10.0,90,84.375,77.34375,-7.03125
Sub_07lux 10.0,91,84.375,77.34375,-7.03125
Sub_07lux 10.0,92,84.375,77.34375,-7.03125
Sub_07lux 10.0,93,84.375,77.34375,-7.03125
Sub_07lux 10.0,94,84.375,77.34375,-7.03125
Sub_07lux 10.0,95,84.375,77.34375,-7.03125
Sub_07lux 10.0,96,84.375,77.34375,-7.03125
Sub_07lux 10.0,97,84.375,77.34375,-7.03125
Sub_07lux 10.0,98,84.375,91.40625,7.03125
Sub_07lux 10.0,99,84.375,77.34375,-7.03125
Sub_07lux 10.0,100,84.375,77.34375,-7.03125
Sub_07lux 10.0,101,84.375,77.34375,-7.03125
Sub_07lux 10.0,102,84.375,77.34375,-7.03125
Sub_07lux 10.0,103,84.375,77.34375,-7.03125
Sub_07lux 10.0,104,84.375,77.34375,-7.03125
Sub_07lux 10.0,105,84.375,77.34375,-7.03125
Sub_07lux 10.0,106,84.375,84.375,0.0
Sub_07lux 10.0,107,84.375,63.28125,-21.09375
Sub_07lux 10.0,108,84.375,63.28125,-21.09375
Sub_07lux 10.0,109,84.375,84.375,0.0
Sub_07lux 10.0,110,84.375,63.28125,-21.09375
Sub_07lux 10.0,111,84.375,63.28125,-21.09375
Sub_07lux 10.0,112,84.375,63.28125,-21.09375
Sub_07lux 10.0,113,84.375,63.28125,-21.09375
Sub_07lux 10.0,114,84.375,98.4375,14.0625
Sub_07lux 10.0,115,84.375,98.4375,14.0625
Sub_07lux 10.0,116,77.34375,63.28125,-14.0625
Sub_07lux 10.0,117,77.34375,98.4375,21.09375
Sub_07lux 10.0,118,77.34375,63.28125,-14.0625
Sub_07lux 10.0,119,77.34375,63.28125,-14.0625
Sub_07lux 10.0,120,77.34375,105.46875,28.125
Sub_07lux 10.0,121,77.34375,84.375,7.03125
Sub_07lux 10.0,122,77.34375,91.40625,14.0625
Sub_07lux 10.0,123,77.34375,84.375,7.03125
Sub_07lux 10.0,124,77.34375,84.375,7.03125
Sub_07lux 10.0,125,77.34375,84.375,7.03125
Sub_07lux 10.0,126,77.34375,77.34375,0.0
Sub_07lux 10.0,127,84.375,84.375,0.0
Sub_07lux 10.0,128,84.375,77.34375,-7.03125
Sub_07lux 10.0,129,84.375,77.34375,-7.03125
Sub_07lux 10.0,130,84.375,77.34375,-7.03125
Sub_07lux 10.0,131,84.375,84.375,0.0
Sub_07lux 10.0,132,84.375,84.375,0.0
Sub_07lux 10.0,133,84.375,84.375,0.0
Sub_07lux 10.0,134,84.375,84.375,0.0
Sub_07lux 10.0,135,84.375,77.34375,-7.03125
Sub_07lux 10.0,136,84.375,77.34375,-7.03125
Sub_07lux 10.0,137,84.375,77.34375,-7.03125
Sub_07lux 10.0,138,84.375,77.34375,-7.03125
Sub_07lux 10.0,139,84.375,77.34375,-7.03125
Sub_07lux 10.0,140,84.375,84.375,0.0
Sub_07lux 10.0,141,84.375,77.34375,-7.03125
Sub_07lux 10.0,142,84.375,84.375,0.0
Sub_07lux 10.0,143,84.375,84.375,0.0
Sub_07lux 10.0,144,84.375,84.375,0.0
Sub_07lux 10.0,145,84.375,84.375,0.0
Sub_07lux 10.0,146,84.375,84.375,0.0
Sub_07lux 10.0,147,84.375,84.375,0.0
Sub_07lux 10.0,148,84.375,84.375,0.0
Sub_07lux 10.0,149,84.375,84.375,0.0
Sub_07lux 10.0,150,84.375,84.375,0.0
Sub_07lux 10.0,151,84.375,84.375,0.0
Sub_07lux 10.0,152,84.375,84.375,0.0
Sub_07lux 10.0,153,84.375,84.375,0.0
Sub_07lux 100.0,0,91.40625,84.375,-7.03125
Sub_07lux 100.0,1,91.40625,84.375,-7.03125
Sub_07lux 100.0,2,91.40625,84.375,-7.03125
Sub_07lux 100.0,3,91.40625,84.375,-7.03125
Sub_07lux 100.0,4,91.40625,84.375,-7.03125
Sub_07lux 100.0,5,91.40625,84.375,-7.03125
Sub_07lux 100.0,6,91.40625,84.375,-7.03125
Sub_07lux 100.0,7,91.40625,84.375,-7.03125
Sub_07lux 100.0,8,91.40625,84.375,-7.03125
Sub_07lux 100.0,9,91.40625,84.375,-7.03125
Sub_07lux 100.0,10,91.40625,84.375,-7.03125
Sub_07lux 100.0,11,91.40625,91.40625,0.0
Sub_07lux 100.0,12,91.40625,91.40625,0.0
Sub_07lux 100.0,13,91.40625,91.40625,0.0
Sub_07lux 100.0,14,91.40625,91.40625,0.0
Sub_07lux 100.0,15,84.375,84.375,0.0
Sub_07lux 100.0,16,84.375,91.40625,7.03125
Sub_07lux 100.0,17,84.375,84.375,0.0
Sub_07lux 100.0,18,84.375,84.375,0.0
Sub_07lux 100.0,19,84.375,84.375,0.0
Sub_07lux 100.0,20,84.375,84.375,0.0
Sub_07lux 100.0,21,84.375,84.375,0.0
Sub_07lux 100.0,22,84.375,84.375,0.0
Sub_07lux 100.0,23,84.375,84.375,0.0
Sub_07lux 100.0,24,84.375,84.375,0.0
Sub_07lux 100.0,25,84.375,84.375,0.0
Sub_07lux 100.0,26,84.375,84.375,0.0
Sub_07lux 100.0,27,84.375,77.34375,-7.03125
Sub_07lux 100.0,28,84.375,84.375,0.0
Sub_07lux 100.0,29,84.375,77.34375,-7.03125
Sub_07lux 100.0,30,84.375,84.375,0.0
Sub_07lux 100.0,31,84.375,77.34375,-7.03125
Sub_07lux 100.0,32,84.375,77.34375,-7.03125
Sub_07lux 100.0,33,84.375,77.34375,-7.03125
Sub_07lux 100.0,34,84.375,77.34375,-7.03125
Sub_07lux 100.0,35,84.375,84.375,0.0
Sub_07lux 100.0,36,84.375,84.375,0.0
Sub_07lux 100.0,37,84.375,84.375,0.0
Sub_07lux 100.0,38,84.375,84.375,0.0
Sub_07lux 100.0,39,84.375,84.375,0.0
Sub_07lux 100.0,40,84.375,84.375,0.0
Sub_07lux 100.0,41,84.375,84.375,0.0
Sub_07lux 100.0,42,84.375,84.375,0.0
Sub_07lux 100.0,43,84.375,84.375,0.0
Sub_07lux 100.0,44,84.375,84.375,0.0
Sub_07lux 100.0,45,84.375,84.375,0.0
Sub_07lux 100.0,46,84.375,84.375,0.0
Sub_07lux 100.0,47,84.375,84.375,0.0
Sub_07lux 100.0,48,84.375,84.375,0.0
Sub_07lux 100.0,49,84.375,84.375,0.0
Sub_07lux 100.0,50,84.375,84.375,0.0
Sub_07lux 100.0,51,84.375,84.375,0.0
Sub_07lux 100.0,52,84.375,84.375,0.0
Sub_07lux 100.0,53,84.375,84.375,0.0
Sub_07lux 100.0,54,84.375,84.375,0.0
Sub_07lux 100.0,55,84.375,84.375,0.0
Sub_07lux 100.0,56,84.375,84.375,0.0
Sub_07lux 100.0,57,84.375,84.375,0.0
Sub_07lux 100.0,58,84.375,84.375,0.0
Sub_07lux 100.0,59,84.375,84.375,0.0
Sub_07lux 100.0,60,84.375,84.375,0.0
Sub_07lux 100.0,61,84.375,84.375,0.0
Sub_07lux 100.0,62,84.375,84.375,0.0
Sub_07lux 100.0,63,84.375,84.375,0.0
Sub_07lux 100.0,64,84.375,84.375,0.0
Sub_07lux 100.0,65,84.375,84.375,0.0
Sub_07lux 100.0,66,84.375,84.375,0.0
Sub_07lux 100.0,67,84.375,84.375,0.0
Sub_07lux 100.0,68,84.375,84.375,0.0
Sub_07lux 100.0,69,84.375,84.375,0.0
Sub_07lux 100.0,70,84.375,84.375,0.0
Sub_07lux 100.0,71,84.375,84.375,0.0
Sub_07lux 100.0,72,84.375,84.375,0.0
Sub_07lux 100.0,73,84.375,84.375,0.0
Sub_07lux 100.0,74,84.375,84.375,0.0
Sub_07lux 100.0,75,84.375,84.375,0.0
Sub_07lux 100.0,76,84.375,84.375,0.0
Sub_07lux 100.0,77,84.375,84.375,0.0
Sub_07lux 100.0,78,84.375,84.375,0.0
Sub_07lux 100.0,79,84.375,84.375,0.0
Sub_07lux 100.0,80,84.375,84.375,0.0
Sub_07lux 100.0,81,84.375,84.375,0.0
Sub_07lux 100.0,82,84.375,84.375,0.0
Sub_07lux 100.0,83,84.375,84.375,0.0
Sub_07lux 100.0,84,84.375,84.375,0.0
Sub_07lux 100.0,85,84.375,84.375,0.0
Sub_07lux 100.0,86,84.375,84.375,0.0
Sub_07lux 100.0,87,84.375,84.375,0.0
Sub_07lux 100.0,88,84.375,84.375,0.0
Sub_07lux 100.0,89,84.375,84.375,0.0
Sub_07lux 100.0,90,84.375,84.375,0.0
Sub_07lux 100.0,91,84.375,84.375,0.0
Sub_07lux 100.0,92,84.375,84.375,0.0
Sub_07lux 100.0,93,91.40625,84.375,-7.03125
Sub_07lux 100.0,94,91.40625,84.375,-7.03125
Sub_07lux 100.0,95,91.40625,84.375,-7.03125
Sub_07lux 100.0,96,91.40625,84.375,-7.03125
Sub_07lux 100.0,97,91.40625,84.375,-7.03125
Sub_07lux 100.0,98,91.40625,84.375,-7.03125
Sub_07lux 100.0,99,91.40625,84.375,-7.03125
Sub_07lux 100.0,100,91.40625,84.375,-7.03125
Sub_07lux 100.0,101,91.40625,84.375,-7.03125
Sub_07lux 100.0,102,91.40625,84.375,-7.03125
Sub_07lux 100.0,103,91.40625,84.375,-7.03125
Sub_07lux 100.0,104,91.40625,84.375,-7.03125
Sub_07lux 100.0,105,91.40625,84.375,-7.03125
Sub_07lux 100.0,106,91.40625,84.375,-7.03125
Sub_07lux 100.0,107,91.40625,84.375,-7.03125
Sub_07lux 100.0,108,91.40625,84.375,-7.03125
Sub_07lux 100.0,109,91.40625,84.375,-7.03125
Sub_07lux 100.0,110,91.40625,84.375,-7.03125
Sub_07lux 100.0,111,91.40625,84.375,-7.03125
Sub_07lux 100.0,112,91.40625,84.375,-7.03125
Sub_07lux 100.0,113,91.40625,84.375,-7.03125
Sub_07lux 100.0,114,91.40625,84.375,-7.03125
Sub_07lux 100.0,115,91.40625,84.375,-7.03125
Sub_07lux 100.0,116,91.40625,84.375,-7.03125
Sub_07lux 100.0,117,91.40625,84.375,-7.03125
Sub_07lux 100.0,118,91.40625,84.375,-7.03125
Sub_07lux 100.0,119,91.40625,84.375,-7.03125
Sub_07lux 100.0,120,91.40625,84.375,-7.03125
Sub_07lux 100.0,121,91.40625,84.375,-7.03125
Sub_07lux 100.0,122,91.40625,84.375,-7.03125
Sub_07lux 100.0,123,91.40625,84.375,-7.03125
Sub_07lux 100.0,124,91.40625,84.375,-7.03125
Sub_07lux 100.0,125,91.40625,84.375,-7.03125
Sub_07lux 100.0,126,91.40625,84.375,-7.03125
Sub_07lux 100.0,127,84.375,84.375,0.0
Sub_07lux 100.0,128,91.40625,84.375,-7.03125
Sub_07lux 100.0,129,91.40625,84.375,-7.03125
Sub_07lux 100.0,130,91.40625,84.375,-7.03125
Sub_07lux 100.0,131,91.40625,84.375,-7.03125
Sub_07lux 100.0,132,91.40625,84.375,-7.03125
Sub_07lux 100.0,133,91.40625,91.40625,0.0
Sub_07lux 100.0,134,91.40625,84.375,-7.03125
Sub_07lux 100.0,135,91.40625,84.375,-7.03125
Sub_07lux 100.0,136,91.40625,84.375,-7.03125
Sub_07lux 100.0,137,91.40625,84.375,-7.03125
Sub_07lux 100.0,138,91.40625,84.375,-7.03125
Sub_07lux 100.0,139,91.40625,84.375,-7.03125
Sub_07lux 100.0,140,91.40625,84.375,-7.03125
Sub_07lux 100.0,141,91.40625,84.375,-7.03125
Sub_07lux 100.0,142,91.40625,84.375,-7.03125
Sub_07lux 100.0,143,91.40625,84.375,-7.03125
Sub_07lux 100.0,144,91.40625,84.375,-7.03125
Sub_07lux 100.0,145,91.40625,84.375,-7.03125
Sub_07lux 100.0,146,91.40625,84.375,-7.03125
Sub_07lux 100.0,147,91.40625,84.375,-7.03125
Sub_07lux 100.0,148,91.40625,84.375,-7.03125
Sub_07lux 100.0,149,91.40625,84.375,-7.03125
Sub_07lux 100.0,150,91.40625,84.375,-7.03125
Sub_07lux 100.0,151,91.40625,84.375,-7.03125
Sub_07lux 100.0,152,91.40625,84.375,-7.03125
Sub_07lux 100.0,153,84.375,84.375,0.0
Sub_07lux 15.8,0,84.375,84.375,0.0
Sub_07lux 15.8,1,84.375,84.375,0.0
Sub_07lux 15.8,2,84.375,70.3125,-14.0625
Sub_07lux 15.8,3,63.28125,98.4375,35.15625
Sub_07lux 15.8,4,63.28125,84.375,21.09375
Sub_07lux 15.8,5,63.28125,84.375,21.09375
Sub_07lux 15.8,6,63.28125,70.3125,7.03125
Sub_07lux 15.8,7,63.28125,77.34375,14.0625
Sub_07lux 15.8,8,63.28125,70.3125,7.03125
Sub_07lux 15.8,9,63.28125,105.46875,42.1875
Sub_07lux 15.8,10,63.28125,98.4375,35.15625
Sub_07lux 15.8,11,63.28125,98.4375,35.15625
Sub_07lux 15.8,12,63.28125,98.4375,35.15625
Sub_07lux 15.8,13,63.28125,63.28125,0.0
Sub_07lux 15.8,14,63.28125,105.46875,42.1875
Sub_07lux 15.8,15,63.28125,98.4375,35.15625
Sub_07lux 15.8,16,63.28125,98.4375,35.15625
Sub_07lux 15.8,17,63.28125,98.4375,35.15625
Sub_07lux 15.8,18,63.28125,98.4375,35.15625
Sub_07lux 15.8,19,63.28125,98.4375,35.15625
Sub_07lux 15.8,20,63.28125,91.40625,28.125
Sub_07lux 15.8,21,63.28125,98.4375,35.15625
Sub_07lux 15.8,22,63.28125,91.40625,28.125
Sub_07lux 15.8,23,63.28125,98.4375,35.15625
Sub_07lux 15.8,24,63.28125,91.40625,28.125
Sub_07lux 15.8,25,63.28125,63.28125,0.0
Sub_07lux 15.8,26,63.28125,91.40625,28.125
Sub_07lux 15.8,27,63.28125,63.28125,0.0
Sub_07lux 15.8,28,63.28125,63.28125,0.0
Sub_07lux 15.8,29,63.28125,63.28125,0.0
Sub_07lux 15.8,30,63.28125,63.28125,0.0
Sub_07lux 15.8,31,63.28125,84.375,21.09375
Sub_07lux 15.8,32,63.28125,63.28125,0.0
Sub_07lux 15.8,33,63.28125,84.375,21.09375
Sub_07lux 15.8,34,63.28125,91.40625,28.125
Sub_07lux 15.8,35,63.28125,84.375,21.09375
Sub_07lux 15.8,36,63.28125,63.28125,0.0
Sub_07lux 15.8,37,63.28125,63.28125,0.0
Sub_07lux 15.8,38,70.3125,63.28125,-7.03125
Sub_07lux 15.8,39,70.3125,91.40625,21.09375
Sub_07lux 15.8,40,70.3125,63.28125,-7.03125
Sub_07lux 15.8,41,70.3125,70.3125,0.0
Sub_07lux 15.8,42,70.3125,70.3125,0.0
Sub_07lux 15.8,43,70.3125,63.28125,-7.03125
Sub_07lux 15.8,44,70.3125,91.40625,21.09375
Sub_07lux 15.8,45,70.3125,63.28125,-7.03125
Sub_07lux 15.8,46,70.3125,63.28125,-7.03125
Sub_07lux 15.8,47,70.3125,70.3125,0.0
Sub_07lux 15.8,48,70.3125,63.28125,-7.03125
Sub_07lux 15.8,49,70.3125,70.3125,0.0
Sub_07lux 15.8,50,70.3125,63.28125,-7.03125
Sub_07lux 15.8,51,63.28125,63.28125,0.0
Sub_07lux 15.8,52,63.28125,63.28125,0.0
Sub_07lux 15.8,53,63.28125,63.28125,0.0
Sub_07lux 15.8,54,63.28125,63.28125,0.0
Sub_07lux 15.8,55,63.28125,63.28125,0.0
Sub_07lux 15.8,56,63.28125,63.28125,0.0
Sub_07lux 15.8,57,63.28125,63.28125,0.0
Sub_07lux 15.8,58,63.28125,63.28125,0.0
Sub_07lux 15.8,59,63.28125,63.28125,0.0
Sub_07lux 15.8,60,63.28125,63.28125,0.0
Sub_07lux 15.8,61,63.28125,63.28125,0.0
Sub_07lux 15.8,62,63.28125,63.28125,0.0
Sub_07lux 15.8,63,63.28125,63.28125,0.0
Sub_07lux 15.8,64,63.28125,84.375,21.09375
Sub_07lux 15.8,65,63.28125,84.375,21.09375
Sub_07lux 15.8,66,63.28125,84.375,21.09375
Sub_07lux 15.8,67,63.28125,84.375,21.09375
Sub_07lux 15.8,68,63.28125,84.375,21.09375
Sub_07lux 15.8,69,63.28125,70.3125,7.03125
Sub_07lux 15.8,70,63.28125,70.3125,7.03125
Sub_07lux 15.8,71,63.28125,70.3125,7.03125
Sub_07lux 15.8,72,63.28125,70.3125,7.03125
Sub_07lux 15.8,73,63.28125,70.3125,7.03125
Sub_07lux 15.8,74,63.28125,70.3125,7.03125
Sub_07lux 15.8,75,63.28125,70.3125,7.03125
Sub_07lux 15.8,76,63.28125,91.40625,28.125
Sub_07lux 15.8,77,63.28125,91.40625,28.125
Sub_07lux 15.8,78,63.28125,91.40625,28.125
Sub_07lux 15.8,79,63.28125,91.40625,28.125
Sub_07lux 15.8,80,63.28125,91.40625,28.125
Sub_07lux 15.8,81,63.28125,77.34375,14.0625
Sub_07lux 15.8,82,63.28125,91.40625,28.125
Sub_07lux 15.8,83,63.28125,77.34375,14.0625
Sub_07lux 15.8,84,63.28125,112.5,49.21875
Sub_07lux 15.8,85,63.28125,77.34375,14.0625
Sub_07lux 15.8,86,63.28125,63.28125,0.0
Sub_07lux 15.8,87,63.28125,63.28125,0.0
Sub_07lux 15.8,88,70.3125,63.28125,-7.03125
Sub_07lux 15.8,89,70.3125,63.28125,-7.03125
Sub_07lux 15.8,90,70.3125,63.28125,-7.03125
Sub_07lux 15.8,91,70.3125,84.375,14.0625
Sub_07lux 15.8,92,70.3125,63.28125,-7.03125
Sub_07lux 15.8,93,70.3125,84.375,14.0625
Sub_07lux 15.8,94,70.3125,63.28125,-7.03125
Sub_07lux 15.8,95,70.3125,63.28125,-7.03125
Sub_07lux 15.8,96,70.3125,63.28125,-7.03125
Sub_07lux 15.8,97,70.3125,70.3125,0.0
Sub_07lux 15.8,98,70.3125,70.3125,0.0
Sub_07lux 15.8,99,70.3125,70.3125,0.0
Sub_07lux 15.8,100,70.3125,63.28125,-7.03125
Sub_07lux 15.8,101,70.3125,84.375,14.0625
Sub_07lux 15.8,102,70.3125,84.375,14.0625
Sub_07lux 15.8,103,63.28125,84.375,21.09375
Sub_07lux 15.8,104,63.28125,84.375,21.09375
Sub_07lux 15.8,105,63.28125,84.375,21.09375
Sub_07lux 15.8,106,63.28125,63.28125,0.0
Sub_07lux 15.8,107,63.28125,63.28125,0.0
Sub_07lux 15.8,108,63.28125,63.28125,0.0
Sub_07lux 15.8,109,63.28125,77.34375,14.0625
Sub_07lux 15.8,110,63.28125,63.28125,0.0
Sub_07lux 15.8,111,63.28125,63.28125,0.0
Sub_07lux 15.8,112,63.28125,84.375,21.09375
Sub_07lux 15.8,113,63.28125,63.28125,0.0
Sub_07lux 15.8,114,63.28125,63.28125,0.0
Sub_07lux 15.8,115,70.3125,63.28125,-7.03125
Sub_07lux 15.8,116,70.3125,63.28125,-7.03125
Sub_07lux 15.8,117,70.3125,63.28125,-7.03125
Sub_07lux 15.8,118,70.3125,63.28125,-7.03125
Sub_07lux 15.8,119,70.3125,70.3125,0.0
Sub_07lux 15.8,120,70.3125,70.3125,0.0
Sub_07lux 15.8,121,70.3125,70.3125,0.0
Sub_07lux 15.8,122,70.3125,70.3125,0.0
Sub_07lux 15.8,123,70.3125,70.3125,0.0
Sub_07lux 15.8,124,70.3125,70.3125,0.0
Sub_07lux 15.8,125,70.3125,70.3125,0.0
Sub_07lux 15.8,126,70.3125,70.3125,0.0
Sub_07lux 15.8,127,70.3125,70.3125,0.0
Sub_07lux 15.8,128,70.3125,70.3125,0.0
Sub_07lux 15.8,129,70.3125,70.3125,0.0
Sub_07lux 15.8,130,70.3125,70.3125,0.0
Sub_07lux 15.8,131,70.3125,70.3125,0.0
Sub_07lux 15.8,132,70.3125,70.3125,0.0
Sub_07lux 15.8,133,63.28125,63.28125,0.0
Sub_07lux 15.8,134,63.28125,63.28125,0.0
Sub_07lux 15.8,135,63.28125,63.28125,0.0
Sub_07lux 15.8,136,63.28125,63.28125,0.0
Sub_07lux 15.8,137,63.28125,63.28125,0.0
Sub_07lux 15.8,138,63.28125,63.28125,0.0
Sub_07lux 15.8,139,63.28125,63.28125,0.0
Sub_07lux 15.8,140,63.28125,63.28125,0.0
Sub_07lux 15.8,141,63.28125,63.28125,0.0
Sub_07lux 15.8,142,63.28125,63.28125,0.0
Sub_07lux 15.8,143,56.25,63.28125,7.03125
Sub_07lux 15.8,144,56.25,63.28125,7.03125
Sub_07lux 15.8,145,56.25,56.25,0.0
Sub_07lux 15.8,146,56.25,56.25,0.0
Sub_07lux 15.8,147,56.25,56.25,0.0
Sub_07lux 15.8,148,56.25,56.25,0.0
Sub_07lux 15.8,149,56.25,56.25,0.0
Sub_07lux 15.8,150,56.25,77.34375,21.09375
Sub_07lux 15.8,151,56.25,56.25,0.0
Sub_07lux 15.8,152,56.25,56.25,0.0
Sub_07lux 15.8,153,56.25,70.3125,14.0625
Sub_07lux 25.1,0,91.40625,84.375,-7.03125
Sub_07lux 25.1,1,91.40625,91.40625,0.0
Sub_07lux 25.1,2,91.40625,91.40625,0.0
Sub_07lux 25.1,3,91.40625,84.375,-7.03125
Sub_07lux 25.1,4,91.40625,91.40625,0.0
Sub_07lux 25.1,5,91.40625,84.375,-7.03125
Sub_07lux 25.1,6,91.40625,91.40625,0.0
Sub_07lux 25.1,7,91.40625,91.40625,0.0
Sub_07lux 25.1,8,91.40625,91.40625,0.0
Sub_07lux 25.1,9,91.40625,91.40625,0.0
Sub_07lux 25.1,10,91.40625,91.40625,0.0
Sub_07lux 25.1,11,91.40625,91.40625,0.0
Sub_07lux 25.1,12,91.40625,91.40625,0.0
Sub_07lux 25.1,13,91.40625,84.375,-7.03125
Sub_07lux 25.1,14,91.40625,91.40625,0.0
Sub_07lux 25.1,15,91.40625,84.375,-7.03125
Sub_07lux 25.1,16,91.40625,84.375,-7.03125
Sub_07lux 25.1,17,91.40625,84.375,-7.03125
Sub_07lux 25.1,18,91.40625,84.375,-7.03125
Sub_07lux 25.1,19,91.40625,84.375,-7.03125
Sub_07lux 25.1,20,91.40625,98.4375,7.03125
Sub_07lux 25.1,21,91.40625,84.375,-7.03125
Sub_07lux 25.1,22,91.40625,84.375,-7.03125
Sub_07lux 25.1,23,91.40625,84.375,-7.03125
Sub_07lux 25.1,24,91.40625,84.375,-7.03125
Sub_07lux 25.1,25,91.40625,84.375,-7.03125
Sub_07lux 25.1,26,91.40625,84.375,-7.03125
Sub_07lux 25.1,27,91.40625,84.375,-7.03125
Sub_07lux 25.1,28,91.40625,84.375,-7.03125
Sub_07lux 25.1,29,91.40625,84.375,-7.03125
Sub_07lux 25.1,30,91.40625,84.375,-7.03125
Sub_07lux 25.1,31,91.40625,70.3125,-21.09375
Sub_07lux 25.1,32,91.40625,84.375,-7.03125
Sub_07lux 25.1,33,91.40625,70.3125,-21.09375
Sub_07lux 25.1,34,91.40625,84.375,-7.03125
Sub_07lux 25.1,35,91.40625,70.3125,-21.09375
Sub_07lux 25.1,36,91.40625,84.375,-7.03125
Sub_07lux 25.1,37,91.40625,91.40625,0.0
Sub_07lux 25.1,38,91.40625,84.375,-7.03125
Sub_07lux 25.1,39,91.40625,84.375,-7.03125
Sub_07lux 25.1,40,91.40625,84.375,-7.03125
Sub_07lux 25.1,41,91.40625,91.40625,0.0
Sub_07lux 25.1,42,91.40625,63.28125,-28.125
Sub_07lux 25.1,43,91.40625,91.40625,0.0
Sub_07lux 25.1,44,91.40625,98.4375,7.03125
Sub_07lux 25.1,45,91.40625,91.40625,0.0
Sub_07lux 25.1,46,91.40625,91.40625,0.0
Sub_07lux 25.1,47,91.40625,98.4375,7.03125
Sub_07lux 25.1,48,91.40625,98.4375,7.03125
Sub_07lux 25.1,49,91.40625,91.40625,0.0
Sub_07lux 25.1,50,91.40625,98.4375,7.03125
Sub_07lux 25.1,51,91.40625,98.4375,7.03125
Sub_07lux 25.1,52,91.40625,98.4375,7.03125
Sub_07lux 25.1,53,91.40625,91.40625,0.0
Sub_07lux 25.1,54,91.40625,84.375,-7.03125
Sub_07lux 25.1,55,91.40625,98.4375,7.03125
Sub_07lux 25.1,56,91.40625,84.375,-7.03125
Sub_07lux 25.1,57,91.40625,84.375,-7.03125
Sub_07lux 25.1,58,91.40625,70.3125,-21.09375
Sub_07lux 25.1,59,91.40625,84.375,-7.03125
Sub_07lux 25.1,60,91.40625,98.4375,7.03125
Sub_07lux 25.1,61,91.40625,84.375,-7.03125
Sub_07lux 25.1,62,91.40625,84.375,-7.03125
Sub_07lux 25.1,63,91.40625,98.4375,7.03125
Sub_07lux 25.1,64,91.40625,84.375,-7.03125
Sub_07lux 25.1,65,91.40625,84.375,-7.03125
Sub_07lux 25.1,66,84.375,84.375,0.0
Sub_07lux 25.1,67,84.375,84.375,0.0
Sub_07lux 25.1,68,84.375,84.375,0.0
Sub_07lux 25.1,69,84.375,84.375,0.0
Sub_07lux 25.1,70,84.375,84.375,0.0
Sub_07lux 25.1,71,84.375,84.375,0.0
Sub_07lux 25.1,72,84.375,84.375,0.0
Sub_07lux 25.1,73,84.375,84.375,0.0
Sub_07lux 25.1,74,84.375,84.375,0.0
Sub_07lux 25.1,75,84.375,84.375,0.0
Sub_07lux 25.1,76,84.375,84.375,0.0
Sub_07lux 25.1,77,84.375,84.375,0.0
Sub_07lux 25.1,78,84.375,91.40625,7.03125
Sub_07lux 25.1,79,84.375,77.34375,-7.03125
Sub_07lux 25.1,80,84.375,84.375,0.0
Sub_07lux 25.1,81,84.375,84.375,0.0
Sub_07lux 25.1,82,84.375,84.375,0.0
Sub_07lux 25.1,83,84.375,84.375,0.0
Sub_07lux 25.1,84,84.375,84.375,0.0
Sub_07lux 25.1,85,84.375,84.375,0.0
Sub_07lux 25.1,86,84.375,84.375,0.0
Sub_07lux 25.1,87,84.375,84.375,0.0
Sub_07lux 25.1,88,84.375,77.34375,-7.03125
Sub_07lux 25.1,89,84.375,98.4375,14.0625
Sub_07lux 25.1,90,84.375,98.4375,14.0625
Sub_07lux 25.1,91,84.375,91.40625,7.03125
Sub_07lux 25.1,92,84.375,91.40625,7.03125
Sub_07lux 25.1,93,91.40625,91.40625,0.0
Sub_07lux 25.1,94,84.375,91.40625,7.03125
Sub_07lux 25.1,95,91.40625,91.40625,0.0
Sub_07lux 25.1,96,84.375,91.40625,7.03125
Sub_07lux 25.1,97,84.375,91.40625,7.03125
Sub_07lux 25.1,98,84.375,91.40625,7.03125
Sub_07lux 25.1,99,84.375,91.40625,7.03125
Sub_07lux 25.1,100,84.375,91.40625,7.03125
Sub_07lux 25.1,101,84.375,84.375,0.0
Sub_07lux 25.1,102,84.375,84.375,0.0
Sub_07lux 25.1,103,84.375,77.34375,-7.03125
Sub_07lux 25.1,104,84.375,84.375,0.0
Sub_07lux 25.1,105,84.375,84.375,0.0
Sub_07lux 25.1,106,84.375,77.34375,-7.03125
Sub_07lux 25.1,107,84.375,70.3125,-14.0625
Sub_07lux 25.1,108,84.375,84.375,0.0
Sub_07lux 25.1,109,84.375,70.3125,-14.0625
Sub_07lux 25.1,110,84.375,84.375,0.0
Sub_07lux 25.1,111,84.375,84.375,0.0
Sub_07lux 25.1,112,91.40625,84.375,-7.03125
Sub_07lux 25.1,113,91.40625,84.375,-7.03125
Sub_07lux 25.1,114,91.40625,84.375,-7.03125
Sub_07lux 25.1,115,91.40625,84.375,-7.03125
Sub_07lux 25.1,116,91.40625,84.375,-7.03125
Sub_07lux 25.1,117,91.40625,84.375,-7.03125
Sub_07lux 25.1,118,91.40625,84.375,-7.03125
Sub_07lux 25.1,119,91.40625,84.375,-7.03125
Sub_07lux 25.1,120,91.40625,84.375,-7.03125
Sub_07lux 25.1,121,91.40625,70.3125,-21.09375
Sub_07lux 25.1,122,91.40625,70.3125,-21.09375
Sub_07lux 25.1,123,91.40625,70.3125,-21.09375
Sub_07lux 25.1,124,91.40625,91.40625,0.0
Sub_07lux 25.1,125,91.40625,91.40625,0.0
Sub_07lux 25.1,126,91.40625,91.40625,0.0
Sub_07lux 25.1,127,91.40625,91.40625,0.0
Sub_07lux 25.1,128,91.40625,77.34375,-14.0625
Sub_07lux 25.1,129,91.40625,98.4375,7.03125
Sub_07lux 25.1,130,84.375,84.375,0.0
Sub_07lux 25.1,131,84.375,77.34375,-7.03125
Sub_07lux 25.1,132,84.375,84.375,0.0
Sub_07lux 25.1,133,84.375,77.34375,-7.03125
Sub_07lux 25.1,134,84.375,84.375,0.0
Sub_07lux 25.1,135,84.375,84.375,0.0
Sub_07lux 25.1,136,84.375,84.375,0.0
Sub_07lux 25.1,137,84.375,84.375,0.0
Sub_07lux 25.1,138,84.375,84.375,0.0
Sub_07lux 25.1,139,84.375,84.375,0.0
Sub_07lux 25.1,140,84.375,84.375,0.0
Sub_07lux 25.1,141,84.375,84.375,0.0
Sub_07lux 25.1,142,84.375,84.375,0.0
Sub_07lux 25.1,143,84.375,84.375,0.0
Sub_07lux 25.1,144,84.375,84.375,0.0
Sub_07lux 25.1,145,84.375,84.375,0.0
Sub_07lux 25.1,146,84.375,84.375,0.0
Sub_07lux 25.1,147,84.375,84.375,0.0
Sub_07lux 25.1,148,84.375,84.375,0.0
Sub_07lux 25.1,149,84.375,84.375,0.0
Sub_07lux 25.1,150,84.375,84.375,0.0
Sub_07lux 25.1,151,84.375,84.375,0.0
Sub_07lux 25.1,152,84.375,84.375,0.0
Sub_07lux 25.1,153,84.375,84.375,0.0
Sub_07lux 39.8,0,84.375,84.375,0.0
Sub_07lux 39.8,1,84.375,84.375,0.0
Sub_07lux 39.8,2,84.375,84.375,0.0
Sub_07lux 39.8,3,84.375,84.375,0.0
Sub_07lux 39.8,4,84.375,84.375,0.0
Sub_07lux 39.8,5,84.375,77.34375,-7.03125
Sub_07lux 39.8,6,84.375,77.34375,-7.03125
Sub_07lux 39.8,7,84.375,77.34375,-7.03125
Sub_07lux 39.8,8,84.375,77.34375,-7.03125
Sub_07lux 39.8,9,84.375,77.34375,-7.03125
Sub_07lux 39.8,10,84.375,77.34375,-7.03125
Sub_07lux 39.8,11,84.375,77.34375,-7.03125
Sub_07lux 39.8,12,84.375,77.34375,-7.03125
Sub_07lux 39.8,13,77.34375,77.34375,0.0
Sub_07lux 39.8,14,77.34375,77.34375,0.0
Sub_07lux 39.8,15,77.34375,77.34375,0.0
Sub_07lux 39.8,16,77.34375,77.34375,0.0
Sub_07lux 39.8,17,77.34375,77.34375,0.0
Sub_07lux 39.8,18,77.34375,77.34375,0.0
Sub_07lux 39.8,19,84.375,77.34375,-7.03125
Sub_07lux 39.8,20,84.375,77.34375,-7.03125
Sub_07lux 39.8,21,84.375,77.34375,-7.03125
Sub_07lux 39.8,22,84.375,77.34375,-7.03125
Sub_07lux 39.8,23,84.375,84.375,0.0
Sub_07lux 39.8,24,84.375,77.34375,-7.03125
Sub_07lux 39.8,25,84.375,91.40625,7.03125
Sub_07lux 39.8,26,84.375,77.34375,-7.03125
Sub_07lux 39.8,27,84.375,84.375,0.0
Sub_07lux 39.8,28,84.375,84.375,0.0
Sub_07lux 39.8,29,84.375,91.40625,7.03125
Sub_07lux 39.8,30,84.375,91.40625,7.03125
Sub_07lux 39.8,31,84.375,91.40625,7.03125
Sub_07lux 39.8,32,84.375,84.375,0.0
Sub_07lux 39.8,33,84.375,91.40625,7.03125
Sub_07lux 39.8,34,84.375,84.375,0.0
Sub_07lux 39.8,35,84.375,91.40625,7.03125
Sub_07lux 39.8,36,84.375,84.375,0.0
Sub_07lux 39.8,37,84.375,91.40625,7.03125
Sub_07lux 39.8,38,91.40625,91.40625,0.0
Sub_07lux 39.8,39,91.40625,84.375,-7.03125
Sub_07lux 39.8,40,91.40625,84.375,-7.03125
Sub_07lux 39.8,41,91.40625,84.375,-7.03125
Sub_07lux 39.8,42,91.40625,84.375,-7.03125
Sub_07lux 39.8,43,91.40625,84.375,-7.03125
Sub_07lux 39.8,44,91.40625,84.375,-7.03125
Sub_07lux 39.8,45,91.40625,84.375,-7.03125
Sub_07lux 39.8,46,91.40625,84.375,-7.03125
Sub_07lux 39.8,47,91.40625,84.375,-7.03125
Sub_07lux 39.8,48,91.40625,84.375,-7.03125
Sub_07lux 39.8,49,91.40625,84.375,-7.03125
Sub_07lux 39.8,50,84.375,84.375,0.0
Sub_07lux 39.8,51,84.375,84.375,0.0
Sub_07lux 39.8,52,84.375,84.375,0.0
Sub_07lux 39.8,53,84.375,84.375,0.0
Sub_07lux 39.8,54,84.375,84.375,0.0
Sub_07lux 39.8,55,84.375,84.375,0.0
Sub_07lux 39.8,56,84.375,84.375,0.0
Sub_07lux 39.8,57,84.375,84.375,0.0
Sub_07lux 39.8,58,84.375,84.375,0.0
Sub_07lux 39.8,59,84.375,77.34375,-7.03125
Sub_07lux 39.8,60,84.375,91.40625,7.03125
Sub_07lux 39.8,61,84.375,77.34375,-7.03125
Sub_07lux 39.8,62,84.375,77.34375,-7.03125
Sub_07lux 39.8,63,84.375,77.34375,-7.03125
Sub_07lux 39.8,64,77.34375,77.34375,0.0
Sub_07lux 39.8,65,77.34375,77.34375,0.0
Sub_07lux 39.8,66,77.34375,77.34375,0.0
Sub_07lux 39.8,67,77.34375,77.34375,0.0
Sub_07lux 39.8,68,77.34375,77.34375,0.0
Sub_07lux 39.8,69,84.375,77.34375,-7.03125
Sub_07lux 39.8,70,84.375,77.34375,-7.03125
Sub_07lux 39.8,71,84.375,77.34375,-7.03125
Sub_07lux 39.8,72,84.375,77.34375,-7.03125
Sub_07lux 39.8,73,84.375,77.34375,-7.03125
Sub_07lux 39.8,74,84.375,77.34375,-7.03125
Sub_07lux 39.8,75,84.375,77.34375,-7.03125
Sub_07lux 39.8,76,84.375,77.34375,-7.03125
Sub_07lux 39.8,77,84.375,77.34375,-7.03125
Sub_07lux 39.8,78,84.375,84.375,0.0
Sub_07lux 39.8,79,84.375,84.375,0.0
Sub_07lux 39.8,80,84.375,84.375,0.0
Sub_07lux 39.8,81,84.375,84.375,0.0
Sub_07lux 39.8,82,84.375,84.375,0.0
Sub_07lux 39.8,83,84.375,84.375,0.0
Sub_07lux 39.8,84,91.40625,84.375,-7.03125
Sub_07lux 39.8,85,91.40625,84.375,-7.03125
Sub_07lux 39.8,86,91.40625,84.375,-7.03125
Sub_07lux 39.8,87,91.40625,84.375,-7.03125
Sub_07lux 39.8,88,91.40625,84.375,-7.03125
Sub_07lux 39.8,89,91.40625,84.375,-7.03125
Sub_07lux 39.8,90,91.40625,84.375,-7.03125
Sub_07lux 39.8,91,91.40625,84.375,-7.03125
Sub_07lux 39.8,92,91.40625,84.375,-7.03125
Sub_07lux 39.8,93,91.40625,84.375,-7.03125
Sub_07lux 39.8,94,91.40625,84.375,-7.03125
Sub_07lux 39.8,95,91.40625,91.40625,0.0
Sub_07lux 39.8,96,91.40625,91.40625,0.0
Sub_07lux 39.8,97,91.40625,91.40625,0.0
Sub_07lux 39.8,98,91.40625,91.40625,0.0
Sub_07lux 39.8,99,91.40625,91.40625,0.0
Sub_07lux 39.8,100,91.40625,91.40625,0.0
Sub_07lux 39.8,101,91.40625,91.40625,0.0
Sub_07lux 39.8,102,91.40625,91.40625,0.0
Sub_07lux 39.8,103,91.40625,91.40625,0.0
Sub_07lux 39.8,104,91.40625,91.40625,0.0
Sub_07lux 39.8,105,91.40625,91.40625,0.0
Sub_07lux 39.8,106,91.40625,91.40625,0.0
Sub_07lux 39.8,107,91.40625,91.40625,0.0
Sub_07lux 39.8,108,91.40625,91.40625,0.0
Sub_07lux 39.8,109,91.40625,91.40625,0.0
Sub_07lux 39.8,110,91.40625,91.40625,0.0
Sub_07lux 39.8,111,91.40625,91.40625,0.0
Sub_07lux 39.8,112,91.40625,91.40625,0.0
Sub_07lux 39.8,113,91.40625,91.40625,0.0
Sub_07lux 39.8,114,91.40625,91.40625,0.0
Sub_07lux 39.8,115,91.40625,91.40625,0.0
Sub_07lux 39.8,116,91.40625,91.40625,0.0
Sub_07lux 39.8,117,91.40625,91.40625,0.0
Sub_07lux 39.8,118,91.40625,91.40625,0.0
Sub_07lux 39.8,119,91.40625,91.40625,0.0
Sub_07lux 39.8,120,91.40625,91.40625,0.0
Sub_07lux 39.8,121,91.40625,91.40625,0.0
Sub_07lux 39.8,122,91.40625,91.40625,0.0
Sub_07lux 39.8,123,91.40625,91.40625,0.0
Sub_07lux 39.8,124,91.40625,91.40625,0.0
Sub_07lux 39.8,125,91.40625,91.40625,0.0
Sub_07lux 39.8,126,91.40625,91.40625,0.0
Sub_07lux 39.8,127,91.40625,91.40625,0.0
Sub_07lux 39.8,128,91.40625,91.40625,0.0
Sub_07lux 39.8,129,91.40625,91.40625,0.0
Sub_07lux 39.8,130,91.40625,91.40625,0.0
Sub_07lux 39.8,131,91.40625,91.40625,0.0
Sub_07lux 39.8,132,91.40625,91.40625,0.0
Sub_07lux 39.8,133,91.40625,91.40625,0.0
Sub_07lux 39.8,134,91.40625,91.40625,0.0
Sub_07lux 39.8,135,91.40625,91.40625,0.0
Sub_07lux 39.8,136,91.40625,91.40625,0.0
Sub_07lux 39.8,137,91.40625,91.40625,0.0
Sub_07lux 39.8,138,91.40625,91.40625,0.0
Sub_07lux 39.8,139,91.40625,91.40625,0.0
Sub_07lux 39.8,140,91.40625,91.40625,0.0
Sub_07lux 39.8,141,91.40625,91.40625,0.0
Sub_07lux 39.8,142,91.40625,91.40625,0.0
Sub_07lux 39.8,143,91.40625,91.40625,0.0
Sub_07lux 39.8,144,91.40625,91.40625,0.0
Sub_07lux 39.8,145,91.40625,91.40625,0.0
Sub_07lux 39.8,146,91.40625,91.40625,0.0
Sub_07lux 39.8,147,91.40625,91.40625,0.0
Sub_07lux 39.8,148,91.40625,84.375,-7.03125
Sub_07lux 39.8,149,91.40625,91.40625,0.0
Sub_07lux 39.8,150,91.40625,91.40625,0.0
Sub_07lux 39.8,151,91.40625,84.375,-7.03125
Sub_07lux 39.8,152,84.375,91.40625,7.03125
Sub_07lux 39.8,153,84.375,84.375,0.0
Sub_07lux 63.1,0,84.375,84.375,0.0
Sub_07lux 63.1,1,84.375,84.375,0.0
Sub_07lux 63.1,2,84.375,84.375,0.0
Sub_07lux 63.1,3,84.375,84.375,0.0
Sub_07lux 63.1,4,84.375,84.375,0.0
Sub_07lux 63.1,5,84.375,84.375,0.0
Sub_07lux 63.1,6,84.375,77.34375,-7.03125
Sub_07lux 63.1,7,84.375,84.375,0.0
Sub_07lux 63.1,8,84.375,84.375,0.0
Sub_07lux 63.1,9,84.375,84.375,0.0
Sub_07lux 63.1,10,84.375,77.34375,-7.03125
Sub_07lux 63.1,11,84.375,84.375,0.0
Sub_07lux 63.1,12,84.375,84.375,0.0
Sub_07lux 63.1,13,84.375,84.375,0.0
Sub_07lux 63.1,14,84.375,84.375,0.0
Sub_07lux 63.1,15,84.375,70.3125,-14.0625
Sub_07lux 63.1,16,84.375,84.375,0.0
Sub_07lux 63.1,17,84.375,84.375,0.0
Sub_07lux 63.1,18,84.375,70.3125,-14.0625
Sub_07lux 63.1,19,84.375,70.3125,-14.0625
Sub_07lux 63.1,20,84.375,84.375,0.0
Sub_07lux 63.1,21,84.375,84.375,0.0
Sub_07lux 63.1,22,84.375,84.375,0.0
Sub_07lux 63.1,23,84.375,84.375,0.0
Sub_07lux 63.1,24,84.375,84.375,0.0
Sub_07lux 63.1,25,84.375,84.375,0.0
Sub_07lux 63.1,26,84.375,84.375,0.0
Sub_07lux 63.1,27,84.375,84.375,0.0
Sub_07lux 63.1,28,84.375,84.375,0.0
Sub_07lux 63.1,29,84.375,84.375,0.0
Sub_07lux 63.1,30,84.375,84.375,0.0
Sub_07lux 63.1,31,84.375,84.375,0.0
Sub_07lux 63.1,32,84.375,84.375,0.0
Sub_07lux 63.1,33,84.375,84.375,0.0
Sub_07lux 63.1,34,84.375,84.375,0.0
Sub_07lux 63.1,35,84.375,84.375,0.0
Sub_07lux 63.1,36,84.375,84.375,0.0
Sub_07lux 63.1,37,84.375,84.375,0.0
Sub_07lux 63.1,38,84.375,84.375,0.0
Sub_07lux 63.1,39,84.375,84.375,0.0
Sub_07lux 63.1,40,84.375,84.375,0.0
Sub_07lux 63.1,41,84.375,84.375,0.0
Sub_07lux 63.1,42,84.375,84.375,0.0
Sub_07lux 63.1,43,84.375,84.375,0.0
Sub_07lux 63.1,44,84.375,84.375,0.0
Sub_07lux 63.1,45,84.375,84.375,0.0
Sub_07lux 63.1,46,84.375,84.375,0.0
Sub_07lux 63.1,47,84.375,84.375,0.0
Sub_07lux 63.1,48,84.375,84.375,0.0
Sub_07lux 63.1,49,84.375,84.375,0.0
Sub_07lux 63.1,50,84.375,84.375,0.0
Sub_07lux 63.1,51,84.375,84.375,0.0
Sub_07lux 63.1,52,84.375,84.375,0.0
Sub_07lux 63.1,53,84.375,84.375,0.0
Sub_07lux 63.1,54,84.375,84.375,0.0
Sub_07lux 63.1,55,84.375,84.375,0.0
Sub_07lux 63.1,56,84.375,84.375,0.0
Sub_07lux 63.1,57,84.375,84.375,0.0
Sub_07lux 63.1,58,84.375,84.375,0.0
Sub_07lux 63.1,59,84.375,84.375,0.0
Sub_07lux 63.1,60,84.375,84.375,0.0
Sub_07lux 63.1,61,84.375,84.375,0.0
Sub_07lux 63.1,62,84.375,84.375,0.0
Sub_07lux 63.1,63,84.375,84.375,0.0
Sub_07lux 63.1,64,84.375,84.375,0.0
Sub_07lux 63.1,65,84.375,84.375,0.0
Sub_07lux 63.1,66,84.375,84.375,0.0
Sub_07lux 63.1,67,84.375,84.375,0.0
Sub_07lux 63.1,68,84.375,84.375,0.0
Sub_07lux 63.1,69,84.375,84.375,0.0
Sub_07lux 63.1,70,84.375,84.375,0.0
Sub_07lux 63.1,71,84.375,84.375,0.0
Sub_07lux 63.1,72,84.375,84.375,0.0
Sub_07lux 63.1,73,84.375,84.375,0.0
Sub_07lux 63.1,74,84.375,84.375,0.0
Sub_07lux 63.1,75,84.375,77.34375,-7.03125
Sub_07lux 63.1,76,84.375,77.34375,-7.03125
Sub_07lux 63.1,77,84.375,77.34375,-7.03125
Sub_07lux 63.1,78,84.375,77.34375,-7.03125
Sub_07lux 63.1,79,84.375,77.34375,-7.03125
Sub_07lux 63.1,80,84.375,77.34375,-7.03125
Sub_07lux 63.1,81,84.375,77.34375,-7.03125
Sub_07lux 63.1,82,84.375,77.34375,-7.03125
Sub_07lux 63.1,83,84.375,77.34375,-7.03125
Sub_07lux 63.1,84,84.375,77.34375,-7.03125
Sub_07lux 63.1,85,84.375,77.34375,-7.03125
Sub_07lux 63.1,86,84.375,77.34375,-7.03125
Sub_07lux 63.1,87,84.375,77.34375,-7.03125
Sub_07lux 63.1,88,84.375,77.34375,-7.03125
Sub_07lux 63.1,89,84.375,77.34375,-7.03125
Sub_07lux 63.1,90,84.375,77.34375,-7.03125
Sub_07lux 63.1,91,84.375,84.375,0.0
Sub_07lux 63.1,92,84.375,84.375,0.0
Sub_07lux 63.1,93,84.375,77.34375,-7.03125
Sub_07lux 63.1,94,84.375,77.34375,-7.03125
Sub_07lux 63.1,95,84.375,77.34375,-7.03125
Sub_07lux 63.1,96,84.375,84.375,0.0
Sub_07lux 63.1,97,84.375,84.375,0.0
Sub_07lux 63.1,98,84.375,84.375,0.0
Sub_07lux 63.1,99,84.375,84.375,0.0
Sub_07lux 63.1,100,84.375,84.375,0.0
Sub_07lux 63.1,101,84.375,84.375,0.0
Sub_07lux 63.1,102,84.375,84.375,0.0
Sub_07lux 63.1,103,84.375,84.375,0.0
Sub_07lux 63.1,104,84.375,84.375,0.0
Sub_07lux 63.1,105,84.375,84.375,0.0
Sub_07lux 63.1,106,84.375,84.375,0.0
Sub_07lux 63.1,107,84.375,84.375,0.0
Sub_07lux 63.1,108,84.375,84.375,0.0
Sub_07lux 63.1,109,84.375,84.375,0.0
Sub_07lux 63.1,110,84.375,84.375,0.0
Sub_07lux 63.1,111,84.375,84.375,0.0
Sub_07lux 63.1,112,84.375,84.375,0.0
Sub_07lux 63.1,113,84.375,84.375,0.0
Sub_07lux 63.1,114,84.375,84.375,0.0
Sub_07lux 63.1,115,84.375,84.375,0.0
Sub_07lux 63.1,116,84.375,84.375,0.0
Sub_07lux 63.1,117,84.375,84.375,0.0
Sub_07lux 63.1,118,84.375,84.375,0.0
Sub_07lux 63.1,119,84.375,84.375,0.0
Sub_07lux 63.1,120,84.375,84.375,0.0
Sub_07lux 63.1,121,84.375,84.375,0.0
Sub_07lux 63.1,122,84.375,84.375,0.0
Sub_07lux 63.1,123,84.375,84.375,0.0
Sub_07lux 63.1,124,84.375,84.375,0.0
Sub_07lux 63.1,125,84.375,84.375,0.0
Sub_07lux 63.1,126,84.375,84.375,0.0
Sub_07lux 63.1,127,84.375,84.375,0.0
Sub_07lux 63.1,128,84.375,84.375,0.0
Sub_07lux 63.1,129,84.375,84.375,0.0
Sub_07lux 63.1,130,84.375,84.375,0.0
Sub_07lux 63.1,131,84.375,84.375,0.0
Sub_07lux 63.1,132,84.375,84.375,0.0
Sub_07lux 63.1,133,84.375,84.375,0.0
Sub_07lux 63.1,134,84.375,84.375,0.0
Sub_07lux 63.1,135,91.40625,84.375,-7.03125
Sub_07lux 63.1,136,91.40625,84.375,-7.03125
Sub_07lux 63.1,137,91.40625,84.375,-7.03125
Sub_07lux 63.1,138,91.40625,84.375,-7.03125
Sub_07lux 63.1,139,91.40625,84.375,-7.03125
Sub_07lux 63.1,140,91.40625,84.375,-7.03125
Sub_07lux 63.1,141,91.40625,84.375,-7.03125
Sub_07lux 63.1,142,91.40625,84.375,-7.03125
Sub_07lux 63.1,143,91.40625,84.375,-7.03125
Sub_07lux 63.1,144,91.40625,84.375,-7.03125
Sub_07lux 63.1,145,91.40625,84.375,-7.03125
Sub_07lux 63.1,146,91.40625,84.375,-7.03125
Sub_07lux 63.1,147,91.40625,84.375,-7.03125
Sub_07lux 63.1,148,91.40625,84.375,-7.03125
Sub_07lux 63.1,149,91.40625,84.375,-7.03125
Sub_07lux 63.1,150,91.40625,84.375,-7.03125
Sub_07lux 63.1,151,91.40625,84.375,-7.03125
Sub_07lux 63.1,152,91.40625,84.375,-7.03125
Sub_07lux 63.1,153,91.40625,84.375,-7.03125
Sub_08lux 10.0,0,98.4375,98.4375,0.0
Sub_08lux 10.0,1,98.4375,98.4375,0.0
Sub_08lux 10.0,2,98.4375,98.4375,0.0
Sub_08lux 10.0,3,98.4375,98.4375,0.0
Sub_08lux 10.0,4,98.4375,98.4375,0.0
Sub_08lux 10.0,5,98.4375,98.4375,0.0
Sub_08lux 10.0,6,98.4375,84.375,-14.0625
Sub_08lux 10.0,7,98.4375,98.4375,0.0
Sub_08lux 10.0,8,98.4375,98.4375,0.0
Sub_08lux 10.0,9,98.4375,84.375,-14.0625
Sub_08lux 10.0,10,105.46875,98.4375,-7.03125
Sub_08lux 10.0,11,105.46875,105.46875,0.0
Sub_08lux 10.0,12,91.40625,84.375,-7.03125
Sub_08lux 10.0,13,91.40625,77.34375,-14.0625
Sub_08lux 10.0,14,91.40625,84.375,-7.03125
Sub_08lux 10.0,15,91.40625,84.375,-7.03125
Sub_08lux 10.0,16,91.40625,98.4375,7.03125
Sub_08lux 10.0,17,91.40625,91.40625,0.0
Sub_08lux 10.0,18,91.40625,84.375,-7.03125
Sub_08lux 10.0,19,91.40625,84.375,-7.03125
Sub_08lux 10.0,20,91.40625,84.375,-7.03125
Sub_08lux 10.0,21,91.40625,84.375,-7.03125
Sub_08lux 10.0,22,91.40625,84.375,-7.03125
Sub_08lux 10.0,23,91.40625,84.375,-7.03125
Sub_08lux 10.0,24,91.40625,84.375,-7.03125
Sub_08lux 10.0,25,91.40625,84.375,-7.03125
Sub_08lux 10.0,26,91.40625,84.375,-7.03125
Sub_08lux 10.0,27,98.4375,77.34375,-21.09375
Sub_08lux 10.0,28,98.4375,84.375,-14.0625
Sub_08lux 10.0,29,98.4375,77.34375,-21.09375
Sub_08lux 10.0,30,98.4375,84.375,-14.0625
Sub_08lux 10.0,31,98.4375,77.34375,-21.09375
Sub_08lux 10.0,32,98.4375,77.34375,-21.09375
Sub_08lux 10.0,33,98.4375,77.34375,-21.09375
Sub_08lux 10.0,34,98.4375,91.40625,-7.03125
Sub_08lux 10.0,35,98.4375,91.40625,-7.03125
Sub_08lux 10.0,36,98.4375,91.40625,-7.03125
Sub_08lux 10.0,37,98.4375,77.34375,-21.09375
Sub_08lux 10.0,38,98.4375,91.40625,-7.03125
Sub_08lux 10.0,39,98.4375,91.40625,-7.03125
Sub_08lux 10.0,40,98.4375,91.40625,-7.03125
Sub_08lux 10.0,41,98.4375,91.40625,-7.03125
Sub_08lux 10.0,42,98.4375,91.40625,-7.03125
Sub_08lux 10.0,43,98.4375,91.40625,-7.03125
Sub_08lux 10.0,44,91.40625,91.40625,0.0
Sub_08lux 10.0,45,91.40625,70.3125,-21.09375
Sub_08lux 10.0,46,91.40625,91.40625,0.0
Sub_08lux 10.0,47,91.40625,91.40625,0.0
Sub_08lux 10.0,48,91.40625,91.40625,0.0
Sub_08lux 10.0,49,91.40625,91.40625,0.0
Sub_08lux 10.0,50,91.40625,91.40625,0.0
Sub_08lux 10.0,51,91.40625,91.40625,0.0
Sub_08lux 10.0,52,91.40625,77.34375,-14.0625
Sub_08lux 10.0,53,91.40625,70.3125,-21.09375
Sub_08lux 10.0,54,98.4375,77.34375,-21.09375
Sub_08lux 10.0,55,98.4375,70.3125,-28.125
Sub_08lux 10.0,56,98.4375,70.3125,-28.125
Sub_08lux 10.0,57,98.4375,77.34375,-21.09375
Sub_08lux 10.0,58,98.4375,77.34375,-21.09375
Sub_08lux 10.0,59,98.4375,91.40625,-7.03125
Sub_08lux 10.0,60,98.4375,91.40625,-7.03125
Sub_08lux 10.0,61,98.4375,70.3125,-28.125
Sub_08lux 10.0,62,98.4375,77.34375,-21.09375
Sub_08lux 10.0,63,98.4375,77.34375,-21.09375
Sub_08lux 10.0,64,98.4375,77.34375,-21.09375
Sub_08lux 10.0,65,98.4375,70.3125,-28.125
Sub_08lux 10.0,66,98.4375,77.34375,-21.09375
Sub_08lux 10.0,67,98.4375,70.3125,-28.125
Sub_08lux 10.0,68,98.4375,70.3125,-28.125
Sub_08lux 10.0,69,98.4375,77.34375,-21.09375
Sub_08lux 10.0,70,98.4375,70.3125,-28.125
Sub_08lux 10.0,71,98.4375,70.3125,-28.125
Sub_08lux 10.0,72,98.4375,70.3125,-28.125
Sub_08lux 10.0,73,98.4375,84.375,-14.0625
Sub_08lux 10.0,74,98.4375,84.375,-14.0625
Sub_08lux 10.0,75,98.4375,84.375,-14.0625
Sub_08lux 10.0,76,98.4375,84.375,-14.0625
Sub_08lux 10.0,77,98.4375,84.375,-14.0625
Sub_08lux 10.0,78,98.4375,91.40625,-7.03125
Sub_08lux 10.0,79,98.4375,91.40625,-7.03125
Sub_08lux 10.0,80,98.4375,91.40625,-7.03125
Sub_08lux 10.0,81,98.4375,91.40625,-7.03125
Sub_08lux 10.0,82,98.4375,84.375,-14.0625
Sub_08lux 10.0,83,98.4375,91.40625,-7.03125
Sub_08lux 10.0,84,98.4375,91.40625,-7.03125
Sub_08lux 10.0,85,98.4375,84.375,-14.0625
Sub_08lux 10.0,86,98.4375,77.34375,-21.09375
Sub_08lux 10.0,87,98.4375,91.40625,-7.03125
Sub_08lux 10.0,88,98.4375,98.4375,0.0
Sub_08lux 10.0,89,98.4375,77.34375,-21.09375
Sub_08lux 10.0,90,98.4375,98.4375,0.0
Sub_08lux 10.0,91,98.4375,98.4375,0.0
Sub_08lux 10.0,92,98.4375,98.4375,0.0
Sub_08lux 10.0,93,98.4375,98.4375,0.0
Sub_08lux 10.0,94,98.4375,77.34375,-21.09375
Sub_08lux 10.0,95,98.4375,91.40625,-7.03125
Sub_08lux 10.0,96,98.4375,91.40625,-7.03125
Sub_08lux 10.0,97,98.4375,91.40625,-7.03125
Sub_08lux 10.0,98,98.4375,98.4375,0.0
Sub_08lux 10.0,99,98.4375,91.40625,-7.03125
Sub_08lux 10.0,100,98.4375,91.40625,-7.03125
Sub_08lux 10.0,101,98.4375,91.40625,-7.03125
Sub_08lux 10.0,102,98.4375,84.375,-14.0625
Sub_08lux 10.0,103,98.4375,91.40625,-7.03125
Sub_08lux 10.0,104,98.4375,77.34375,-21.09375
Sub_08lux 10.0,105,98.4375,77.34375,-21.09375
Sub_08lux 10.0,106,98.4375,84.375,-14.0625
Sub_08lux 10.0,107,98.4375,84.375,-14.0625
Sub_08lux 10.0,108,98.4375,84.375,-14.0625
Sub_08lux 10.0,109,98.4375,84.375,-14.0625
Sub_08lux 10.0,110,98.4375,84.375,-14.0625
Sub_08lux 10.0,111,98.4375,98.4375,0.0
Sub_08lux 10.0,112,98.4375,84.375,-14.0625
Sub_08lux 10.0,113,98.4375,98.4375,0.0
Sub_08lux 10.0,114,98.4375,98.4375,0.0
Sub_08lux 10.0,115,91.40625,77.34375,-14.0625
Sub_08lux 10.0,116,91.40625,77.34375,-14.0625
Sub_08lux 10.0,117,91.40625,98.4375,7.03125
Sub_08lux 10.0,118,98.4375,63.28125,-35.15625
Sub_08lux 10.0,119,98.4375,91.40625,-7.03125
Sub_08lux 10.0,120,98.4375,77.34375,-21.09375
Sub_08lux 10.0,121,98.4375,77.34375,-21.09375
Sub_08lux 10.0,122,98.4375,98.4375,0.0
Sub_08lux 10.0,123,98.4375,77.34375,-21.09375
Sub_08lux 10.0,124,98.4375,77.34375,-21.09375
Sub_08lux 10.0,125,98.4375,84.375,-14.0625
Sub_08lux 10.0,126,98.4375,77.34375,-21.09375
Sub_08lux 10.0,127,98.4375,84.375,-14.0625
Sub_08lux 10.0,128,98.4375,98.4375,0.0
Sub_08lux 10.0,129,98.4375,84.375,-14.0625
Sub_08lux 10.0,130,98.4375,98.4375,0.0
Sub_08lux 10.0,131,98.4375,77.34375,-21.09375
Sub_08lux 10.0,132,98.4375,77.34375,-21.09375
Sub_08lux 10.0,133,98.4375,77.34375,-21.09375
Sub_08lux 10.0,134,98.4375,77.34375,-21.09375
Sub_08lux 10.0,135,98.4375,98.4375,0.0
Sub_08lux 10.0,136,98.4375,91.40625,-7.03125
Sub_08lux 10.0,137,98.4375,77.34375,-21.09375
Sub_08lux 10.0,138,98.4375,91.40625,-7.03125
Sub_08lux 10.0,139,98.4375,91.40625,-7.03125
Sub_08lux 10.0,140,98.4375,77.34375,-21.09375
Sub_08lux 10.0,141,98.4375,98.4375,0.0
Sub_08lux 10.0,142,98.4375,77.34375,-21.09375
Sub_08lux 10.0,143,98.4375,98.4375,0.0
Sub_08lux 10.0,144,98.4375,98.4375,0.0
Sub_08lux 10.0,145,98.4375,98.4375,0.0
Sub_08lux 10.0,146,98.4375,98.4375,0.0
Sub_08lux 10.0,147,98.4375,98.4375,0.0
Sub_08lux 10.0,148,98.4375,98.4375,0.0
Sub_08lux 10.0,149,98.4375,98.4375,0.0
Sub_08lux 10.0,150,98.4375,84.375,-14.0625
Sub_08lux 10.0,151,98.4375,84.375,-14.0625
Sub_08lux 10.0,152,98.4375,84.375,-14.0625
Sub_08lux 10.0,153,98.4375,84.375,-14.0625
Sub_08lux 100.0,0,91.40625,91.40625,0.0
Sub_08lux 100.0,1,91.40625,91.40625,0.0
Sub_08lux 100.0,2,91.40625,91.40625,0.0
Sub_08lux 100.0,3,91.40625,91.40625,0.0
Sub_08lux 100.0,4,91.40625,91.40625,0.0
Sub_08lux 100.0,5,91.40625,91.40625,0.0
Sub_08lux 100.0,6,91.40625,91.40625,0.0
Sub_08lux 100.0,7,91.40625,91.40625,0.0
Sub_08lux 100.0,8,91.40625,91.40625,0.0
Sub_08lux 100.0,9,91.40625,91.40625,0.0
Sub_08lux 100.0,10,91.40625,91.40625,0.0
Sub_08lux 100.0,11,91.40625,91.40625,0.0
Sub_08lux 100.0,12,91.40625,91.40625,0.0
Sub_08lux 100.0,13,91.40625,91.40625,0.0
Sub_08lux 100.0,14,91.40625,84.375,-7.03125
Sub_08lux 100.0,15,91.40625,91.40625,0.0
Sub_08lux 100.0,16,91.40625,84.375,-7.03125
Sub_08lux 100.0,17,91.40625,91.40625,0.0
Sub_08lux 100.0,18,91.40625,84.375,-7.03125
Sub_08lux 100.0,19,91.40625,91.40625,0.0
Sub_08lux 100.0,20,91.40625,91.40625,0.0
Sub_08lux 100.0,21,91.40625,91.40625,0.0
Sub_08lux 100.0,22,91.40625,91.40625,0.0
Sub_08lux 100.0,23,91.40625,91.40625,0.0
Sub_08lux 100.0,24,91.40625,91.40625,0.0
Sub_08lux 100.0,25,91.40625,91.40625,0.0
Sub_08lux 100.0,26,91.40625,91.40625,0.0
Sub_08lux 100.0,27,91.40625,84.375,-7.03125
Sub_08lux 100.0,28,91.40625,91.40625,0.0
Sub_08lux 100.0,29,91.40625,84.375,-7.03125
Sub_08lux 100.0,30,91.40625,91.40625,0.0
Sub_08lux 100.0,31,91.40625,84.375,-7.03125
Sub_08lux 100.0,32,91.40625,84.375,-7.03125
Sub_08lux 100.0,33,91.40625,84.375,-7.03125
Sub_08lux 100.0,34,91.40625,84.375,-7.03125
Sub_08lux 100.0,35,91.40625,84.375,-7.03125
Sub_08lux 100.0,36,91.40625,84.375,-7.03125
Sub_08lux 100.0,37,91.40625,84.375,-7.03125
Sub_08lux 100.0,38,91.40625,84.375,-7.03125
Sub_08lux 100.0,39,91.40625,84.375,-7.03125
Sub_08lux 100.0,40,91.40625,91.40625,0.0
Sub_08lux 100.0,41,91.40625,84.375,-7.03125
Sub_08lux 100.0,42,91.40625,91.40625,0.0
Sub_08lux 100.0,43,91.40625,84.375,-7.03125
Sub_08lux 100.0,44,91.40625,91.40625,0.0
Sub_08lux 100.0,45,91.40625,91.40625,0.0
Sub_08lux 100.0,46,91.40625,91.40625,0.0
Sub_08lux 100.0,47,91.40625,91.40625,0.0
Sub_08lux 100.0,48,91.40625,91.40625,0.0
Sub_08lux 100.0,49,91.40625,91.40625,0.0
Sub_08lux 100.0,50,98.4375,91.40625,-7.03125
Sub_08lux 100.0,51,98.4375,91.40625,-7.03125
Sub_08lux 100.0,52,98.4375,91.40625,-7.03125
Sub_08lux 100.0,53,98.4375,91.40625,-7.03125
Sub_08lux 100.0,54,98.4375,91.40625,-7.03125
Sub_08lux 100.0,55,98.4375,91.40625,-7.03125
Sub_08lux 100.0,56,98.4375,91.40625,-7.03125
Sub_08lux 100.0,57,91.40625,91.40625,0.0
Sub_08lux 100.0,58,91.40625,91.40625,0.0
Sub_08lux 100.0,59,91.40625,91.40625,0.0
Sub_08lux 100.0,60,91.40625,91.40625,0.0
Sub_08lux 100.0,61,91.40625,91.40625,0.0
Sub_08lux 100.0,62,91.40625,91.40625,0.0
Sub_08lux 100.0,63,91.40625,91.40625,0.0
Sub_08lux 100.0,64,91.40625,91.40625,0.0
Sub_08lux 100.0,65,91.40625,91.40625,0.0
Sub_08lux 100.0,66,91.40625,91.40625,0.0
Sub_08lux 100.0,67,91.40625,91.40625,0.0
Sub_08lux 100.0,68,98.4375,91.40625,-7.03125
Sub_08lux 100.0,69,98.4375,91.40625,-7.03125
Sub_08lux 100.0,70,98.4375,91.40625,-7.03125
Sub_08lux 100.0,71,98.4375,91.40625,-7.03125
Sub_08lux 100.0,72,98.4375,98.4375,0.0
Sub_08lux 100.0,73,98.4375,84.375,-14.0625
Sub_08lux 100.0,74,98.4375,98.4375,0.0
Sub_08lux 100.0,75,98.4375,84.375,-14.0625
Sub_08lux 100.0,76,98.4375,98.4375,0.0
Sub_08lux 100.0,77,98.4375,98.4375,0.0
Sub_08lux 100.0,78,98.4375,98.4375,0.0
Sub_08lux 100.0,79,98.4375,98.4375,0.0
Sub_08lux 100.0,80,98.4375,98.4375,0.0
Sub_08lux 100.0,81,98.4375,98.4375,0.0
Sub_08lux 100.0,82,98.4375,98.4375,0.0
Sub_08lux 100.0,83,98.4375,98.4375,0.0
Sub_08lux 100.0,84,98.4375,98.4375,0.0
Sub_08lux 100.0,85,98.4375,98.4375,0.0
Sub_08lux 100.0,86,98.4375,98.4375,0.0
Sub_08lux 100.0,87,98.4375,98.4375,0.0
Sub_08lux 100.0,88,98.4375,98.4375,0.0
Sub_08lux 100.0,89,98.4375,84.375,-14.0625
Sub_08lux 100.0,90,98.4375,98.4375,0.0
Sub_08lux 100.0,91,98.4375,98.4375,0.0
Sub_08lux 100.0,92,98.4375,98.4375,0.0
Sub_08lux 100.0,93,98.4375,98.4375,0.0
Sub_08lux 100.0,94,98.4375,91.40625,-7.03125
Sub_08lux 100.0,95,98.4375,91.40625,-7.03125
Sub_08lux 100.0,96,98.4375,91.40625,-7.03125
Sub_08lux 100.0,97,98.4375,91.40625,-7.03125
Sub_08lux 100.0,98,98.4375,91.40625,-7.03125
Sub_08lux 100.0,99,98.4375,91.40625,-7.03125
Sub_08lux 100.0,100,98.4375,98.4375,0.0
Sub_08lux 100.0,101,98.4375,91.40625,-7.03125
Sub_08lux 100.0,102,98.4375,98.4375,0.0
Sub_08lux 100.0,103,98.4375,98.4375,0.0
Sub_08lux 100.0,104,98.4375,98.4375,0.0
Sub_08lux 100.0,105,98.4375,98.4375,0.0
Sub_08lux 100.0,106,98.4375,98.4375,0.0
Sub_08lux 100.0,107,105.46875,98.4375,-7.03125
Sub_08lux 100.0,108,105.46875,98.4375,-7.03125
Sub_08lux 100.0,109,105.46875,98.4375,-7.03125
Sub_08lux 100.0,110,105.46875,98.4375,-7.03125
Sub_08lux 100.0,111,105.46875,98.4375,-7.03125
Sub_08lux 100.0,112,105.46875,98.4375,-7.03125
Sub_08lux 100.0,113,105.46875,98.4375,-7.03125
Sub_08lux 100.0,114,105.46875,98.4375,-7.03125
Sub_08lux 100.0,115,105.46875,98.4375,-7.03125
Sub_08lux 100.0,116,105.46875,98.4375,-7.03125
Sub_08lux 100.0,117,105.46875,98.4375,-7.03125
Sub_08lux 100.0,118,105.46875,98.4375,-7.03125
Sub_08lux 100.0,119,105.46875,98.4375,-7.03125
Sub_08lux 100.0,120,105.46875,98.4375,-7.03125
Sub_08lux 100.0,121,105.46875,91.40625,-14.0625
Sub_08lux 100.0,122,105.46875,98.4375,-7.03125
Sub_08lux 100.0,123,98.4375,98.4375,0.0
Sub_08lux 100.0,124,98.4375,98.4375,0.0
Sub_08lux 100.0,125,98.4375,98.4375,0.0
Sub_08lux 100.0,126,98.4375,98.4375,0.0
Sub_08lux 100.0,127,98.4375,98.4375,0.0
Sub_08lux 100.0,128,98.4375,77.34375,-21.09375
Sub_08lux 100.0,129,98.4375,98.4375,0.0
Sub_08lux 100.0,130,98.4375,98.4375,0.0
Sub_08lux 100.0,131,98.4375,98.4375,0.0
Sub_08lux 100.0,132,98.4375,98.4375,0.0
Sub_08lux 100.0,133,98.4375,98.4375,0.0
Sub_08lux 100.0,134,98.4375,98.4375,0.0
Sub_08lux 100.0,135,98.4375,98.4375,0.0
Sub_08lux 100.0,136,98.4375,98.4375,0.0
Sub_08lux 100.0,137,98.4375,98.4375,0.0
Sub_08lux 100.0,138,98.4375,98.4375,0.0
Sub_08lux 100.0,139,98.4375,98.4375,0.0
Sub_08lux 100.0,140,98.4375,98.4375,0.0
Sub_08lux 100.0,141,98.4375,98.4375,0.0
Sub_08lux 100.0,142,98.4375,98.4375,0.0
Sub_08lux 100.0,143,98.4375,98.4375,0.0
Sub_08lux 100.0,144,105.46875,98.4375,-7.03125
Sub_08lux 100.0,145,105.46875,98.4375,-7.03125
Sub_08lux 100.0,146,105.46875,98.4375,-7.03125
Sub_08lux 100.0,147,105.46875,98.4375,-7.03125
Sub_08lux 100.0,148,105.46875,98.4375,-7.03125
Sub_08lux 100.0,149,105.46875,98.4375,-7.03125
Sub_08lux 100.0,150,105.46875,98.4375,-7.03125
Sub_08lux 100.0,151,105.46875,98.4375,-7.03125
Sub_08lux 100.0,152,105.46875,98.4375,-7.03125
Sub_08lux 100.0,153,105.46875,98.4375,-7.03125
Sub_08lux 15.8,0,77.34375,70.3125,-7.03125
Sub_08lux 15.8,1,77.34375,70.3125,-7.03125
Sub_08lux 15.8,2,77.34375,70.3125,-7.03125
Sub_08lux 15.8,3,91.40625,70.3125,-21.09375
Sub_08lux 15.8,4,91.40625,70.3125,-21.09375
Sub_08lux 15.8,5,91.40625,91.40625,0.0
Sub_08lux 15.8,6,91.40625,91.40625,0.0
Sub_08lux 15.8,7,91.40625,91.40625,0.0
Sub_08lux 15.8,8,91.40625,77.34375,-14.0625
Sub_08lux 15.8,9,91.40625,84.375,-7.03125
Sub_08lux 15.8,10,91.40625,91.40625,0.0
Sub_08lux 15.8,11,91.40625,77.34375,-14.0625
Sub_08lux 15.8,12,91.40625,91.40625,0.0
Sub_08lux 15.8,13,91.40625,91.40625,0.0
Sub_08lux 15.8,14,91.40625,77.34375,-14.0625
Sub_08lux 15.8,15,91.40625,77.34375,-14.0625
Sub_08lux 15.8,16,91.40625,91.40625,0.0
Sub_08lux 15.8,17,91.40625,77.34375,-14.0625
Sub_08lux 15.8,18,91.40625,91.40625,0.0
Sub_08lux 15.8,19,91.40625,77.34375,-14.0625
Sub_08lux 15.8,20,91.40625,91.40625,0.0
Sub_08lux 15.8,21,91.40625,91.40625,0.0
Sub_08lux 15.8,22,91.40625,91.40625,0.0
Sub_08lux 15.8,23,91.40625,91.40625,0.0
Sub_08lux 15.8,24,91.40625,91.40625,0.0
Sub_08lux 15.8,25,91.40625,91.40625,0.0
Sub_08lux 15.8,26,91.40625,91.40625,0.0
Sub_08lux 15.8,27,91.40625,91.40625,0.0
Sub_08lux 15.8,28,91.40625,91.40625,0.0
Sub_08lux 15.8,29,91.40625,91.40625,0.0
Sub_08lux 15.8,30,91.40625,91.40625,0.0
Sub_08lux 15.8,31,91.40625,91.40625,0.0
Sub_08lux 15.8,32,91.40625,84.375,-7.03125
Sub_08lux 15.8,33,91.40625,91.40625,0.0
Sub_08lux 15.8,34,91.40625,84.375,-7.03125
Sub_08lux 15.8,35,91.40625,91.40625,0.0
Sub_08lux 15.8,36,91.40625,91.40625,0.0
Sub_08lux 15.8,37,91.40625,70.3125,-21.09375
Sub_08lux 15.8,38,91.40625,91.40625,0.0
Sub_08lux 15.8,39,84.375,70.3125,-14.0625
Sub_08lux 15.8,40,84.375,84.375,0.0
Sub_08lux 15.8,41,84.375,84.375,0.0
Sub_08lux 15.8,42,84.375,84.375,0.0
Sub_08lux 15.8,43,84.375,84.375,0.0
Sub_08lux 15.8,44,84.375,84.375,0.0
Sub_08lux 15.8,45,84.375,84.375,0.0
Sub_08lux 15.8,46,84.375,84.375,0.0
Sub_08lux 15.8,47,84.375,84.375,0.0
Sub_08lux 15.8,48,91.40625,84.375,-7.03125
Sub_08lux 15.8,49,91.40625,84.375,-7.03125
Sub_08lux 15.8,50,91.40625,84.375,-7.03125
Sub_08lux 15.8,51,91.40625,84.375,-7.03125
Sub_08lux 15.8,52,91.40625,84.375,-7.03125
Sub_08lux 15.8,53,91.40625,98.4375,7.03125
Sub_08lux 15.8,54,91.40625,84.375,-7.03125
Sub_08lux 15.8,55,91.40625,84.375,-7.03125
Sub_08lux 15.8,56,91.40625,84.375,-7.03125
Sub_08lux 15.8,57,91.40625,91.40625,0.0
Sub_08lux 15.8,58,91.40625,84.375,-7.03125
Sub_08lux 15.8,59,91.40625,91.40625,0.0
Sub_08lux 15.8,60,91.40625,84.375,-7.03125
Sub_08lux 15.8,61,91.40625,91.40625,0.0
Sub_08lux 15.8,62,91.40625,91.40625,0.0
Sub_08lux 15.8,63,91.40625,91.40625,0.0
Sub_08lux 15.8,64,91.40625,91.40625,0.0
Sub_08lux 15.8,65,91.40625,91.40625,0.0
Sub_08lux 15.8,66,91.40625,91.40625,0.0
Sub_08lux 15.8,67,91.40625,91.40625,0.0
Sub_08lux 15.8,68,91.40625,91.40625,0.0
Sub_08lux 15.8,69,91.40625,91.40625,0.0
Sub_08lux 15.8,70,91.40625,91.40625,0.0
Sub_08lux 15.8,71,91.40625,91.40625,0.0
Sub_08lux 15.8,72,91.40625,91.40625,0.0
Sub_08lux 15.8,73,91.40625,91.40625,0.0
Sub_08lux 15.8,74,91.40625,84.375,-7.03125
Sub_08lux 15.8,75,91.40625,84.375,-7.03125
Sub_08lux 15.8,76,91.40625,84.375,-7.03125
Sub_08lux 15.8,77,91.40625,84.375,-7.03125
Sub_08lux 15.8,78,91.40625,84.375,-7.03125
Sub_08lux 15.8,79,91.40625,91.40625,0.0
Sub_08lux 15.8,80,91.40625,91.40625,0.0
Sub_08lux 15.8,81,91.40625,91.40625,0.0
Sub_08lux 15.8,82,91.40625,91.40625,0.0
Sub_08lux 15.8,83,91.40625,91.40625,0.0
Sub_08lux 15.8,84,91.40625,91.40625,0.0
Sub_08lux 15.8,85,91.40625,91.40625,0.0
Sub_08lux 15.8,86,91.40625,91.40625,0.0
Sub_08lux 15.8,87,91.40625,91.40625,0.0
Sub_08lux 15.8,88,91.40625,91.40625,0.0
Sub_08lux 15.8,89,91.40625,91.40625,0.0
Sub_08lux 15.8,90,98.4375,91.40625,-7.03125
Sub_08lux 15.8,91,98.4375,91.40625,-7.03125
Sub_08lux 15.8,92,98.4375,91.40625,-7.03125
Sub_08lux 15.8,93,98.4375,91.40625,-7.03125
Sub_08lux 15.8,94,98.4375,91.40625,-7.03125
Sub_08lux 15.8,95,98.4375,91.40625,-7.03125
Sub_08lux 15.8,96,98.4375,91.40625,-7.03125
Sub_08lux 15.8,97,91.40625,91.40625,0.0
Sub_08lux 15.8,98,91.40625,91.40625,0.0
Sub_08lux 15.8,99,91.40625,91.40625,0.0
Sub_08lux 15.8,100,91.40625,91.40625,0.0
Sub_08lux 15.8,101,91.40625,91.40625,0.0
Sub_08lux 15.8,102,91.40625,91.40625,0.0
Sub_08lux 15.8,103,91.40625,91.40625,0.0
Sub_08lux 15.8,104,91.40625,91.40625,0.0
Sub_08lux 15.8,105,91.40625,91.40625,0.0
Sub_08lux 15.8,106,91.40625,91.40625,0.0
Sub_08lux 15.8,107,91.40625,91.40625,0.0
Sub_08lux 15.8,108,91.40625,91.40625,0.0
Sub_08lux 15.8,109,91.40625,91.40625,0.0
Sub_08lux 15.8,110,91.40625,91.40625,0.0
Sub_08lux 15.8,111,91.40625,91.40625,0.0
Sub_08lux 15.8,112,91.40625,91.40625,0.0
Sub_08lux 15.8,113,91.40625,91.40625,0.0
Sub_08lux 15.8,114,91.40625,91.40625,0.0
Sub_08lux 15.8,115,91.40625,91.40625,0.0
Sub_08lux 15.8,116,91.40625,91.40625,0.0
Sub_08lux 15.8,117,91.40625,91.40625,0.0
Sub_08lux 15.8,118,98.4375,91.40625,-7.03125
Sub_08lux 15.8,119,98.4375,91.40625,-7.03125
Sub_08lux 15.8,120,98.4375,91.40625,-7.03125
Sub_08lux 15.8,121,98.4375,91.40625,-7.03125
Sub_08lux 15.8,122,98.4375,91.40625,-7.03125
Sub_08lux 15.8,123,98.4375,91.40625,-7.03125
Sub_08lux 15.8,124,98.4375,91.40625,-7.03125
Sub_08lux 15.8,125,98.4375,91.40625,-7.03125
Sub_08lux 15.8,126,98.4375,91.40625,-7.03125
Sub_08lux 15.8,127,91.40625,91.40625,0.0
Sub_08lux 15.8,128,91.40625,91.40625,0.0
Sub_08lux 15.8,129,91.40625,98.4375,7.03125
Sub_08lux 15.8,130,91.40625,91.40625,0.0
Sub_08lux 15.8,131,91.40625,91.40625,0.0
Sub_08lux 15.8,132,91.40625,98.4375,7.03125
Sub_08lux 15.8,133,91.40625,91.40625,0.0
Sub_08lux 15.8,134,91.40625,91.40625,0.0
Sub_08lux 15.8,135,91.40625,105.46875,14.0625
Sub_08lux 15.8,136,91.40625,84.375,-7.03125
Sub_08lux 15.8,137,91.40625,91.40625,0.0
Sub_08lux 15.8,138,91.40625,84.375,-7.03125
Sub_08lux 15.8,139,91.40625,91.40625,0.0
Sub_08lux 15.8,140,91.40625,98.4375,7.03125
Sub_08lux 15.8,141,98.4375,91.40625,-7.03125
Sub_08lux 15.8,142,98.4375,91.40625,-7.03125
Sub_08lux 15.8,143,98.4375,91.40625,-7.03125
Sub_08lux 15.8,144,98.4375,91.40625,-7.03125
Sub_08lux 15.8,145,98.4375,98.4375,0.0
Sub_08lux 15.8,146,98.4375,91.40625,-7.03125
Sub_08lux 15.8,147,98.4375,98.4375,0.0
Sub_08lux 15.8,148,98.4375,91.40625,-7.03125
Sub_08lux 15.8,149,98.4375,91.40625,-7.03125
Sub_08lux 15.8,150,98.4375,91.40625,-7.03125
Sub_08lux 15.8,151,98.4375,91.40625,-7.03125
Sub_08lux 15.8,152,98.4375,91.40625,-7.03125
Sub_08lux 15.8,153,98.4375,77.34375,-21.09375
Sub_08lux 25.1,0,98.4375,84.375,-14.0625
Sub_08lux 25.1,1,98.4375,91.40625,-7.03125
Sub_08lux 25.1,2,98.4375,84.375,-14.0625
Sub_08lux 25.1,3,98.4375,84.375,-14.0625
Sub_08lux 25.1,4,98.4375,84.375,-14.0625
Sub_08lux 25.1,5,98.4375,84.375,-14.0625
Sub_08lux 25.1,6,98.4375,98.4375,0.0
Sub_08lux 25.1,7,98.4375,98.4375,0.0
Sub_08lux 25.1,8,98.4375,98.4375,0.0
Sub_08lux 25.1,9,98.4375,98.4375,0.0
Sub_08lux 25.1,10,98.4375,98.4375,0.0
Sub_08lux 25.1,11,98.4375,98.4375,0.0
Sub_08lux 25.1,12,98.4375,91.40625,-7.03125
Sub_08lux 25.1,13,98.4375,98.4375,0.0
Sub_08lux 25.1,14,98.4375,91.40625,-7.03125
Sub_08lux 25.1,15,98.4375,98.4375,0.0
Sub_08lux 25.1,16,98.4375,98.4375,0.0
Sub_08lux 25.1,17,98.4375,98.4375,0.0
Sub_08lux 25.1,18,98.4375,98.4375,0.0
Sub_08lux 25.1,19,98.4375,98.4375,0.0
Sub_08lux 25.1,20,98.4375,98.4375,0.0
Sub_08lux 25.1,21,98.4375,98.4375,0.0
Sub_08lux 25.1,22,98.4375,98.4375,0.0
Sub_08lux 25.1,23,98.4375,84.375,-14.0625
Sub_08lux 25.1,24,98.4375,98.4375,0.0
Sub_08lux 25.1,25,98.4375,98.4375,0.0
Sub_08lux 25.1,26,98.4375,98.4375,0.0
Sub_08lux 25.1,27,98.4375,84.375,-14.0625
Sub_08lux 25.1,28,98.4375,84.375,-14.0625
Sub_08lux 25.1,29,98.4375,98.4375,0.0
Sub_08lux 25.1,30,91.40625,84.375,-7.03125
Sub_08lux 25.1,31,91.40625,84.375,-7.03125
Sub_08lux 25.1,32,91.40625,84.375,-7.03125
Sub_08lux 25.1,33,91.40625,91.40625,0.0
Sub_08lux 25.1,34,91.40625,84.375,-7.03125
Sub_08lux 25.1,35,91.40625,84.375,-7.03125
Sub_08lux 25.1,36,91.40625,84.375,-7.03125
Sub_08lux 25.1,37,91.40625,91.40625,0.0
Sub_08lux 25.1,38,91.40625,84.375,-7.03125
Sub_08lux 25.1,39,91.40625,84.375,-7.03125
Sub_08lux 25.1,40,91.40625,84.375,-7.03125
Sub_08lux 25.1,41,91.40625,84.375,-7.03125
Sub_08lux 25.1,42,91.40625,84.375,-7.03125
Sub_08lux 25.1,43,91.40625,91.40625,0.0
Sub_08lux 25.1,44,91.40625,91.40625,0.0
Sub_08lux 25.1,45,91.40625,77.34375,-14.0625
Sub_08lux 25.1,46,91.40625,84.375,-7.03125
Sub_08lux 25.1,47,91.40625,77.34375,-14.0625
Sub_08lux 25.1,48,91.40625,77.34375,-14.0625
Sub_08lux 25.1,49,91.40625,91.40625,0.0
Sub_08lux 25.1,50,91.40625,105.46875,14.0625
Sub_08lux 25.1,51,98.4375,91.40625,-7.03125
Sub_08lux 25.1,52,98.4375,84.375,-14.0625
Sub_08lux 25.1,53,98.4375,70.3125,-28.125
Sub_08lux 25.1,54,98.4375,70.3125,-28.125
Sub_08lux 25.1,55,98.4375,105.46875,7.03125
Sub_08lux 25.1,56,98.4375,70.3125,-28.125
Sub_08lux 25.1,57,98.4375,70.3125,-28.125
Sub_08lux 25.1,58,98.4375,70.3125,-28.125
Sub_08lux 25.1,59,91.40625,70.3125,-21.09375
Sub_08lux 25.1,60,91.40625,91.40625,0.0
Sub_08lux 25.1,61,91.40625,77.34375,-14.0625
Sub_08lux 25.1,62,91.40625,77.34375,-14.0625
Sub_08lux 25.1,63,91.40625,91.40625,0.0
Sub_08lux 25.1,64,91.40625,91.40625,0.0
Sub_08lux 25.1,65,91.40625,77.34375,-14.0625
Sub_08lux 25.1,66,91.40625,91.40625,0.0
Sub_08lux 25.1,67,91.40625,91.40625,0.0
Sub_08lux 25.1,68,91.40625,91.40625,0.0
Sub_08lux 25.1,69,91.40625,91.40625,0.0
Sub_08lux 25.1,70,91.40625,91.40625,0.0
Sub_08lux 25.1,71,91.40625,91.40625,0.0
Sub_08lux 25.1,72,91.40625,91.40625,0.0
Sub_08lux 25.1,73,91.40625,91.40625,0.0
Sub_08lux 25.1,74,91.40625,91.40625,0.0
Sub_08lux 25.1,75,91.40625,91.40625,0.0
Sub_08lux 25.1,76,91.40625,91.40625,0.0
Sub_08lux 25.1,77,91.40625,91.40625,0.0
Sub_08lux 25.1,78,91.40625,91.40625,0.0
Sub_08lux 25.1,79,91.40625,91.40625,0.0
Sub_08lux 25.1,80,98.4375,91.40625,-7.03125
Sub_08lux 25.1,81,98.4375,91.40625,-7.03125
Sub_08lux 25.1,82,98.4375,91.40625,-7.03125
Sub_08lux 25.1,83,98.4375,91.40625,-7.03125
Sub_08lux 25.1,84,98.4375,91.40625,-7.03125
Sub_08lux 25.1,85,98.4375,91.40625,-7.03125
Sub_08lux 25.1,86,98.4375,91.40625,-7.03125
Sub_08lux 25.1,87,98.4375,91.40625,-7.03125
Sub_08lux 25.1,88,98.4375,84.375,-14.0625
Sub_08lux 25.1,89,98.4375,98.4375,0.0
Sub_08lux 25.1,90,98.4375,84.375,-14.0625
Sub_08lux 25.1,91,98.4375,98.4375,0.0
Sub_08lux 25.1,92,98.4375,98.4375,0.0
Sub_08lux 25.1,93,98.4375,98.4375,0.0
Sub_08lux 25.1,94,98.4375,98.4375,0.0
Sub_08lux 25.1,95,98.4375,98.4375,0.0
Sub_08lux 25.1,96,98.4375,98.4375,0.0
Sub_08lux 25.1,97,98.4375,98.4375,0.0
Sub_08lux 25.1,98,98.4375,98.4375,0.0
Sub_08lux 25.1,99,98.4375,98.4375,0.0
Sub_08lux 25.1,100,98.4375,98.4375,0.0
Sub_08lux 25.1,101,98.4375,98.4375,0.0
Sub_08lux 25.1,102,98.4375,98.4375,0.0
Sub_08lux 25.1,103,98.4375,98.4375,0.0
Sub_08lux 25.1,104,98.4375,98.4375,0.0
Sub_08lux 25.1,105,98.4375,84.375,-14.0625
Sub_08lux 25.1,106,98.4375,91.40625,-7.03125
Sub_08lux 25.1,107,98.4375,98.4375,0.0
Sub_08lux 25.1,108,98.4375,98.4375,0.0
Sub_08lux 25.1,109,98.4375,91.40625,-7.03125
Sub_08lux 25.1,110,98.4375,91.40625,-7.03125
Sub_08lux 25.1,111,98.4375,91.40625,-7.03125
Sub_08lux 25.1,112,98.4375,91.40625,-7.03125
Sub_08lux 25.1,113,98.4375,91.40625,-7.03125
Sub_08lux 25.1,114,98.4375,91.40625,-7.03125
Sub_08lux 25.1,115,98.4375,91.40625,-7.03125
Sub_08lux 25.1,116,98.4375,91.40625,-7.03125
Sub_08lux 25.1,117,98.4375,91.40625,-7.03125
Sub_08lux 25.1,118,98.4375,91.40625,-7.03125
Sub_08lux 25.1,119,98.4375,91.40625,-7.03125
Sub_08lux 25.1,120,98.4375,91.40625,-7.03125
Sub_08lux 25.1,121,98.4375,98.4375,0.0
Sub_08lux 25.1,122,91.40625,91.40625,0.0
Sub_08lux 25.1,123,91.40625,98.4375,7.03125
Sub_08lux 25.1,124,91.40625,91.40625,0.0
Sub_08lux 25.1,125,91.40625,91.40625,0.0
Sub_08lux 25.1,126,91.40625,91.40625,0.0
Sub_08lux 25.1,127,91.40625,91.40625,0.0
Sub_08lux 25.1,128,91.40625,91.40625,0.0
Sub_08lux 25.1,129,91.40625,91.40625,0.0
Sub_08lux 25.1,130,91.40625,91.40625,0.0
Sub_08lux 25.1,131,91.40625,91.40625,0.0
Sub_08lux 25.1,132,91.40625,98.4375,7.03125
Sub_08lux 25.1,133,91.40625,84.375,-7.03125
Sub_08lux 25.1,134,91.40625,98.4375,7.03125
Sub_08lux 25.1,135,91.40625,84.375,-7.03125
Sub_08lux 25.1,136,91.40625,84.375,-7.03125
Sub_08lux 25.1,137,91.40625,84.375,-7.03125
Sub_08lux 25.1,138,91.40625,84.375,-7.03125
Sub_08lux 25.1,139,84.375,84.375,0.0
Sub_08lux 25.1,140,84.375,77.34375,-7.03125
Sub_08lux 25.1,141,105.46875,84.375,-21.09375
Sub_08lux 25.1,142,105.46875,98.4375,-7.03125
Sub_08lux 25.1,143,105.46875,77.34375,-28.125
Sub_08lux 25.1,144,105.46875,84.375,-21.09375
Sub_08lux 25.1,145,105.46875,98.4375,-7.03125
Sub_08lux 25.1,146,98.4375,91.40625,-7.03125
Sub_08lux 25.1,147,98.4375,77.34375,-21.09375
Sub_08lux 25.1,148,98.4375,77.34375,-21.09375
Sub_08lux 25.1,149,98.4375,98.4375,0.0
Sub_08lux 25.1,150,98.4375,77.34375,-21.09375
Sub_08lux 25.1,151,98.4375,77.34375,-21.09375
Sub_08lux 25.1,152,105.46875,77.34375,-28.125
Sub_08lux 25.1,153,105.46875,98.4375,-7.03125
Sub_08lux 39.8,0,98.4375,98.4375,0.0
Sub_08lux 39.8,1,98.4375,98.4375,0.0
Sub_08lux 39.8,2,98.4375,98.4375,0.0
Sub_08lux 39.8,3,105.46875,98.4375,-7.03125
Sub_08lux 39.8,4,105.46875,98.4375,-7.03125
Sub_08lux 39.8,5,105.46875,98.4375,-7.03125
Sub_08lux 39.8,6,105.46875,98.4375,-7.03125
Sub_08lux 39.8,7,105.46875,98.4375,-7.03125
Sub_08lux 39.8,8,105.46875,105.46875,0.0
Sub_08lux 39.8,9,105.46875,84.375,-21.09375
Sub_08lux 39.8,10,105.46875,84.375,-21.09375
Sub_08lux 39.8,11,105.46875,84.375,-21.09375
Sub_08lux 39.8,12,105.46875,91.40625,-14.0625
Sub_08lux 39.8,13,105.46875,105.46875,0.0
Sub_08lux 39.8,14,105.46875,91.40625,-14.0625
Sub_08lux 39.8,15,105.46875,91.40625,-14.0625
Sub_08lux 39.8,16,105.46875,91.40625,-14.0625
Sub_08lux 39.8,17,105.46875,91.40625,-14.0625
Sub_08lux 39.8,18,105.46875,91.40625,-14.0625
Sub_08lux 39.8,19,105.46875,91.40625,-14.0625
Sub_08lux 39.8,20,105.46875,91.40625,-14.0625
Sub_08lux 39.8,21,105.46875,91.40625,-14.0625
Sub_08lux 39.8,22,105.46875,91.40625,-14.0625
Sub_08lux 39.8,23,105.46875,98.4375,-7.03125
Sub_08lux 39.8,24,105.46875,98.4375,-7.03125
Sub_08lux 39.8,25,105.46875,98.4375,-7.03125
Sub_08lux 39.8,26,98.4375,98.4375,0.0
Sub_08lux 39.8,27,98.4375,98.4375,0.0
Sub_08lux 39.8,28,98.4375,98.4375,0.0
Sub_08lux 39.8,29,98.4375,98.4375,0.0
Sub_08lux 39.8,30,98.4375,98.4375,0.0
Sub_08lux 39.8,31,98.4375,98.4375,0.0
Sub_08lux 39.8,32,98.4375,98.4375,0.0
Sub_08lux 39.8,33,98.4375,98.4375,0.0
Sub_08lux 39.8,34,98.4375,98.4375,0.0
Sub_08lux 39.8,35,98.4375,98.4375,0.0
Sub_08lux 39.8,36,98.4375,98.4375,0.0
Sub_08lux 39.8,37,98.4375,98.4375,0.0
Sub_08lux 39.8,38,98.4375,98.4375,0.0
Sub_08lux 39.8,39,98.4375,98.4375,0.0
Sub_08lux 39.8,40,98.4375,98.4375,0.0
Sub_08lux 39.8,41,98.4375,98.4375,0.0
Sub_08lux 39.8,42,98.4375,105.46875,7.03125
Sub_08lux 39.8,43,98.4375,98.4375,0.0
Sub_08lux 39.8,44,98.4375,91.40625,-7.03125
Sub_08lux 39.8,45,98.4375,98.4375,0.0
Sub_08lux 39.8,46,98.4375,91.40625,-7.03125
Sub_08lux 39.8,47,98.4375,98.4375,0.0
Sub_08lux 39.8,48,98.4375,91.40625,-7.03125
Sub_08lux 39.8,49,98.4375,91.40625,-7.03125
Sub_08lux 39.8,50,98.4375,91.40625,-7.03125
Sub_08lux 39.8,51,98.4375,91.40625,-7.03125
Sub_08lux 39.8,52,98.4375,91.40625,-7.03125
Sub_08lux 39.8,53,98.4375,91.40625,-7.03125
Sub_08lux 39.8,54,98.4375,91.40625,-7.03125
Sub_08lux 39.8,55,98.4375,91.40625,-7.03125
Sub_08lux 39.8,56,98.4375,91.40625,-7.03125
Sub_08lux 39.8,57,98.4375,91.40625,-7.03125
Sub_08lux 39.8,58,98.4375,91.40625,-7.03125
Sub_08lux 39.8,59,98.4375,84.375,-14.0625
Sub_08lux 39.8,60,98.4375,84.375,-14.0625
Sub_08lux 39.8,61,98.4375,84.375,-14.0625
Sub_08lux 39.8,62,98.4375,91.40625,-7.03125
Sub_08lux 39.8,63,98.4375,84.375,-14.0625
Sub_08lux 39.8,64,98.4375,84.375,-14.0625
Sub_08lux 39.8,65,98.4375,84.375,-14.0625
Sub_08lux 39.8,66,98.4375,84.375,-14.0625
Sub_08lux 39.8,67,98.4375,84.375,-14.0625
Sub_08lux 39.8,68,98.4375,91.40625,-7.03125
Sub_08lux 39.8,69,98.4375,91.40625,-7.03125
Sub_08lux 39.8,70,98.4375,98.4375,0.0
Sub_08lux 39.8,71,98.4375,91.40625,-7.03125
Sub_08lux 39.8,72,98.4375,91.40625,-7.03125
Sub_08lux 39.8,73,98.4375,91.40625,-7.03125
Sub_08lux 39.8,74,98.4375,91.40625,-7.03125
Sub_08lux 39.8,75,98.4375,91.40625,-7.03125
Sub_08lux 39.8,76,98.4375,91.40625,-7.03125
Sub_08lux 39.8,77,98.4375,91.40625,-7.03125
Sub_08lux 39.8,78,98.4375,84.375,-14.0625
Sub_08lux 39.8,79,98.4375,98.4375,0.0
Sub_08lux 39.8,80,98.4375,84.375,-14.0625
Sub_08lux 39.8,81,98.4375,98.4375,0.0
Sub_08lux 39.8,82,98.4375,98.4375,0.0
Sub_08lux 39.8,83,98.4375,98.4375,0.0
Sub_08lux 39.8,84,98.4375,98.4375,0.0
Sub_08lux 39.8,85,98.4375,98.4375,0.0
Sub_08lux 39.8,86,98.4375,98.4375,0.0
Sub_08lux 39.8,87,98.4375,98.4375,0.0
Sub_08lux 39.8,88,98.4375,98.4375,0.0
Sub_08lux 39.8,89,98.4375,98.4375,0.0
Sub_08lux 39.8,90,98.4375,98.4375,0.0
Sub_08lux 39.8,91,98.4375,98.4375,0.0
Sub_08lux 39.8,92,98.4375,98.4375,0.0
Sub_08lux 39.8,93,98.4375,98.4375,0.0
Sub_08lux 39.8,94,98.4375,98.4375,0.0
Sub_08lux 39.8,95,98.4375,98.4375,0.0
Sub_08lux 39.8,96,98.4375,91.40625,-7.03125
Sub_08lux 39.8,97,98.4375,98.4375,0.0
Sub_08lux 39.8,98,98.4375,98.4375,0.0
Sub_08lux 39.8,99,98.4375,98.4375,0.0
Sub_08lux 39.8,100,98.4375,98.4375,0.0
Sub_08lux 39.8,101,98.4375,98.4375,0.0
Sub_08lux 39.8,102,98.4375,98.4375,0.0
Sub_08lux 39.8,103,98.4375,98.4375,0.0
Sub_08lux 39.8,104,98.4375,98.4375,0.0
Sub_08lux 39.8,105,98.4375,98.4375,0.0
Sub_08lux 39.8,106,98.4375,98.4375,0.0
Sub_08lux 39.8,107,98.4375,98.4375,0.0
Sub_08lux 39.8,108,98.4375,98.4375,0.0
Sub_08lux 39.8,109,98.4375,98.4375,0.0
Sub_08lux 39.8,110,98.4375,98.4375,0.0
Sub_08lux 39.8,111,98.4375,98.4375,0.0
Sub_08lux 39.8,112,98.4375,98.4375,0.0
Sub_08lux 39.8,113,98.4375,98.4375,0.0
Sub_08lux 39.8,114,98.4375,98.4375,0.0
Sub_08lux 39.8,115,98.4375,98.4375,0.0
Sub_08lux 39.8,116,98.4375,98.4375,0.0
Sub_08lux 39.8,117,98.4375,98.4375,0.0
Sub_08lux 39.8,118,98.4375,98.4375,0.0
Sub_08lux 39.8,119,98.4375,98.4375,0.0
Sub_08lux 39.8,120,98.4375,98.4375,0.0
Sub_08lux 39.8,121,98.4375,98.4375,0.0
Sub_08lux 39.8,122,98.4375,98.4375,0.0
Sub_08lux 39.8,123,98.4375,98.4375,0.0
Sub_08lux 39.8,124,98.4375,98.4375,0.0
Sub_08lux 39.8,125,98.4375,98.4375,0.0
Sub_08lux 39.8,126,98.4375,98.4375,0.0
Sub_08lux 39.8,127,98.4375,98.4375,0.0
Sub_08lux 39.8,128,98.4375,98.4375,0.0
Sub_08lux 39.8,129,98.4375,98.4375,0.0
Sub_08lux 39.8,130,98.4375,91.40625,-7.03125
Sub_08lux 39.8,131,98.4375,98.4375,0.0
Sub_08lux 39.8,132,98.4375,98.4375,0.0
Sub_08lux 39.8,133,98.4375,98.4375,0.0
Sub_08lux 39.8,134,98.4375,98.4375,0.0
Sub_08lux 39.8,135,98.4375,98.4375,0.0
Sub_08lux 39.8,136,98.4375,98.4375,0.0
Sub_08lux 39.8,137,98.4375,98.4375,0.0
Sub_08lux 39.8,138,98.4375,98.4375,0.0
Sub_08lux 39.8,139,98.4375,98.4375,0.0
Sub_08lux 39.8,140,98.4375,98.4375,0.0
Sub_08lux 39.8,141,105.46875,98.4375,-7.03125
Sub_08lux 39.8,142,105.46875,98.4375,-7.03125
Sub_08lux 39.8,143,105.46875,98.4375,-7.03125
Sub_08lux 39.8,144,105.46875,77.34375,-28.125
Sub_08lux 39.8,145,105.46875,105.46875,0.0
Sub_08lux 39.8,146,98.4375,105.46875,7.03125
Sub_08lux 39.8,147,98.4375,84.375,-14.0625
Sub_08lux 39.8,148,98.4375,84.375,-14.0625
Sub_08lux 39.8,149,98.4375,98.4375,0.0
Sub_08lux 39.8,150,98.4375,84.375,-14.0625
Sub_08lux 39.8,151,98.4375,98.4375,0.0
Sub_08lux 39.8,152,98.4375,84.375,-14.0625
Sub_08lux 39.8,153,98.4375,98.4375,0.0
Sub_08lux 63.1,0,98.4375,84.375,-14.0625
Sub_08lux 63.1,1,105.46875,84.375,-21.09375
Sub_08lux 63.1,2,105.46875,84.375,-21.09375
Sub_08lux 63.1,3,105.46875,84.375,-21.09375
Sub_08lux 63.1,4,105.46875,84.375,-21.09375
Sub_08lux 63.1,5,91.40625,84.375,-7.03125
Sub_08lux 63.1,6,91.40625,84.375,-7.03125
Sub_08lux 63.1,7,91.40625,84.375,-7.03125
Sub_08lux 63.1,8,91.40625,84.375,-7.03125
Sub_08lux 63.1,9,91.40625,84.375,-7.03125
Sub_08lux 63.1,10,91.40625,84.375,-7.03125
Sub_08lux 63.1,11,91.40625,84.375,-7.03125
Sub_08lux 63.1,12,98.4375,84.375,-14.0625
Sub_08lux 63.1,13,98.4375,84.375,-14.0625
Sub_08lux 63.1,14,98.4375,84.375,-14.0625
Sub_08lux 63.1,15,98.4375,84.375,-14.0625
Sub_08lux 63.1,16,98.4375,91.40625,-7.03125
Sub_08lux 63.1,17,98.4375,91.40625,-7.03125
Sub_08lux 63.1,18,98.4375,91.40625,-7.03125
Sub_08lux 63.1,19,98.4375,84.375,-14.0625
Sub_08lux 63.1,20,98.4375,91.40625,-7.03125
Sub_08lux 63.1,21,105.46875,84.375,-21.09375
Sub_08lux 63.1,22,105.46875,91.40625,-14.0625
Sub_08lux 63.1,23,105.46875,98.4375,-7.03125
Sub_08lux 63.1,24,105.46875,98.4375,-7.03125
Sub_08lux 63.1,25,105.46875,91.40625,-14.0625
Sub_08lux 63.1,26,105.46875,98.4375,-7.03125
Sub_08lux 63.1,27,105.46875,98.4375,-7.03125
Sub_08lux 63.1,28,105.46875,98.4375,-7.03125
Sub_08lux 63.1,29,105.46875,98.4375,-7.03125
Sub_08lux 63.1,30,105.46875,98.4375,-7.03125
Sub_08lux 63.1,31,105.46875,98.4375,-7.03125
Sub_08lux 63.1,32,91.40625,98.4375,7.03125
Sub_08lux 63.1,33,91.40625,77.34375,-14.0625
Sub_08lux 63.1,34,91.40625,91.40625,0.0
Sub_08lux 63.1,35,91.40625,98.4375,7.03125
Sub_08lux 63.1,36,91.40625,105.46875,14.0625
Sub_08lux 63.1,37,91.40625,91.40625,0.0
Sub_08lux 63.1,38,91.40625,77.34375,-14.0625
Sub_08lux 63.1,39,91.40625,77.34375,-14.0625
Sub_08lux 63.1,40,91.40625,98.4375,7.03125
Sub_08lux 63.1,41,91.40625,77.34375,-14.0625
Sub_08lux 63.1,42,91.40625,77.34375,-14.0625
Sub_08lux 63.1,43,91.40625,77.34375,-14.0625
Sub_08lux 63.1,44,91.40625,77.34375,-14.0625
Sub_08lux 63.1,45,91.40625,84.375,-7.03125
Sub_08lux 63.1,46,105.46875,84.375,-21.09375
Sub_08lux 63.1,47,105.46875,84.375,-21.09375
Sub_08lux 63.1,48,105.46875,84.375,-21.09375
Sub_08lux 63.1,49,105.46875,84.375,-21.09375
Sub_08lux 63.1,50,105.46875,84.375,-21.09375
Sub_08lux 63.1,51,105.46875,84.375,-21.09375
Sub_08lux 63.1,52,105.46875,84.375,-21.09375
Sub_08lux 63.1,53,105.46875,84.375,-21.09375
Sub_08lux 63.1,54,105.46875,91.40625,-14.0625
Sub_08lux 63.1,55,105.46875,84.375,-21.09375
Sub_08lux 63.1,56,105.46875,84.375,-21.09375
Sub_08lux 63.1,57,105.46875,84.375,-21.09375
Sub_08lux 63.1,58,105.46875,105.46875,0.0
Sub_08lux 63.1,59,105.46875,84.375,-21.09375
Sub_08lux 63.1,60,105.46875,98.4375,-7.03125
Sub_08lux 63.1,61,105.46875,98.4375,-7.03125
Sub_08lux 63.1,62,105.46875,98.4375,-7.03125
Sub_08lux 63.1,63,105.46875,98.4375,-7.03125
Sub_08lux 63.1,64,105.46875,84.375,-21.09375
Sub_08lux 63.1,65,105.46875,98.4375,-7.03125
Sub_08lux 63.1,66,105.46875,98.4375,-7.03125
Sub_08lux 63.1,67,105.46875,98.4375,-7.03125
Sub_08lux 63.1,68,105.46875,98.4375,-7.03125
Sub_08lux 63.1,69,105.46875,98.4375,-7.03125
Sub_08lux 63.1,70,105.46875,98.4375,-7.03125
Sub_08lux 63.1,71,105.46875,98.4375,-7.03125
Sub_08lux 63.1,72,105.46875,98.4375,-7.03125
Sub_08lux 63.1,73,98.4375,98.4375,0.0
Sub_08lux 63.1,74,98.4375,98.4375,0.0
Sub_08lux 63.1,75,98.4375,98.4375,0.0
Sub_08lux 63.1,76,98.4375,98.4375,0.0
Sub_08lux 63.1,77,98.4375,84.375,-14.0625
Sub_08lux 63.1,78,98.4375,91.40625,-7.03125
Sub_08lux 63.1,79,98.4375,84.375,-14.0625
Sub_08lux 63.1,80,98.4375,91.40625,-7.03125
Sub_08lux 63.1,81,98.4375,91.40625,-7.03125
Sub_08lux 63.1,82,98.4375,91.40625,-7.03125
Sub_08lux 63.1,83,98.4375,84.375,-14.0625
Sub_08lux 63.1,84,98.4375,91.40625,-7.03125
Sub_08lux 63.1,85,98.4375,84.375,-14.0625
Sub_08lux 63.1,86,98.4375,91.40625,-7.03125
Sub_08lux 63.1,87,105.46875,91.40625,-14.0625
Sub_08lux 63.1,88,105.46875,91.40625,-14.0625
Sub_08lux 63.1,89,105.46875,91.40625,-14.0625
Sub_08lux 63.1,90,105.46875,91.40625,-14.0625
Sub_08lux 63.1,91,105.46875,91.40625,-14.0625
Sub_08lux 63.1,92,105.46875,91.40625,-14.0625
Sub_08lux 63.1,93,105.46875,91.40625,-14.0625
Sub_08lux 63.1,94,105.46875,91.40625,-14.0625
Sub_08lux 63.1,95,105.46875,91.40625,-14.0625
Sub_08lux 63.1,96,105.46875,91.40625,-14.0625
Sub_08lux 63.1,97,105.46875,91.40625,-14.0625
Sub_08lux 63.1,98,105.46875,77.34375,-28.125
Sub_08lux 63.1,99,105.46875,98.4375,-7.03125
Sub_08lux 63.1,100,105.46875,98.4375,-7.03125
Sub_08lux 63.1,101,105.46875,98.4375,-7.03125
Sub_08lux 63.1,102,105.46875,98.4375,-7.03125
Sub_08lux 63.1,103,105.46875,98.4375,-7.03125
Sub_08lux 63.1,104,105.46875,98.4375,-7.03125
Sub_08lux 63.1,105,105.46875,98.4375,-7.03125
Sub_08lux 63.1,106,105.46875,98.4375,-7.03125
Sub_08lux 63.1,107,105.46875,98.4375,-7.03125
Sub_08lux 63.1,108,105.46875,98.4375,-7.03125
Sub_08lux 63.1,109,105.46875,98.4375,-7.03125
Sub_08lux 63.1,110,105.46875,98.4375,-7.03125
Sub_08lux 63.1,111,105.46875,98.4375,-7.03125
Sub_08lux 63.1,112,105.46875,98.4375,-7.03125
Sub_08lux 63.1,113,105.46875,98.4375,-7.03125
Sub_08lux 63.1,114,105.46875,98.4375,-7.03125
Sub_08lux 63.1,115,105.46875,98.4375,-7.03125
Sub_08lux 63.1,116,105.46875,98.4375,-7.03125
Sub_08lux 63.1,117,105.46875,98.4375,-7.03125
Sub_08lux 63.1,118,105.46875,98.4375,-7.03125
Sub_08lux 63.1,119,105.46875,98.4375,-7.03125
Sub_08lux 63.1,120,105.46875,98.4375,-7.03125
Sub_08lux 63.1,121,105.46875,98.4375,-7.03125
Sub_08lux 63.1,122,105.46875,98.4375,-7.03125
Sub_08lux 63.1,123,105.46875,98.4375,-7.03125
Sub_08lux 63.1,124,105.46875,98.4375,-7.03125
Sub_08lux 63.1,125,105.46875,98.4375,-7.03125
Sub_08lux 63.1,126,105.46875,98.4375,-7.03125
Sub_08lux 63.1,127,105.46875,98.4375,-7.03125
Sub_08lux 63.1,128,105.46875,98.4375,-7.03125
Sub_08lux 63.1,129,105.46875,98.4375,-7.03125
Sub_08lux 63.1,130,105.46875,98.4375,-7.03125
Sub_08lux 63.1,131,105.46875,98.4375,-7.03125
Sub_08lux 63.1,132,112.5,98.4375,-14.0625
Sub_08lux 63.1,133,112.5,98.4375,-14.0625
Sub_08lux 63.1,134,112.5,98.4375,-14.0625
Sub_08lux 63.1,135,112.5,98.4375,-14.0625
Sub_08lux 63.1,136,112.5,98.4375,-14.0625
Sub_08lux 63.1,137,112.5,98.4375,-14.0625
Sub_08lux 63.1,138,112.5,98.4375,-14.0625
Sub_08lux 63.1,139,112.5,98.4375,-14.0625
Sub_08lux 63.1,140,98.4375,98.4375,0.0
Sub_08lux 63.1,141,98.4375,98.4375,0.0
Sub_08lux 63.1,142,98.4375,98.4375,0.0
Sub_08lux 63.1,143,98.4375,98.4375,0.0
Sub_08lux 63.1,144,105.46875,98.4375,-7.03125
Sub_08lux 63.1,145,105.46875,98.4375,-7.03125
Sub_08lux 63.1,146,105.46875,91.40625,-14.0625
Sub_08lux 63.1,147,105.46875,98.4375,-7.03125
Sub_08lux 63.1,148,105.46875,98.4375,-7.03125
Sub_09lux 10.0,0,63.28125,63.28125,0.0
Sub_09lux 10.0,1,63.28125,63.28125,0.0
Sub_09lux 10.0,2,63.28125,63.28125,0.0
Sub_09lux 10.0,3,63.28125,63.28125,0.0
Sub_09lux 10.0,4,63.28125,63.28125,0.0
Sub_09lux 10.0,5,63.28125,63.28125,0.0
Sub_09lux 10.0,6,63.28125,63.28125,0.0
Sub_09lux 10.0,7,70.3125,63.28125,-7.03125
Sub_09lux 10.0,8,70.3125,63.28125,-7.03125
Sub_09lux 10.0,9,70.3125,63.28125,-7.03125
Sub_09lux 10.0,10,70.3125,63.28125,-7.03125
Sub_09lux 10.0,11,70.3125,63.28125,-7.03125
Sub_09lux 10.0,12,70.3125,70.3125,0.0
Sub_09lux 10.0,13,70.3125,70.3125,0.0
Sub_09lux 10.0,14,70.3125,70.3125,0.0
Sub_09lux 10.0,15,70.3125,70.3125,0.0
Sub_09lux 10.0,16,70.3125,70.3125,0.0
Sub_09lux 10.0,17,70.3125,70.3125,0.0
Sub_09lux 10.0,18,70.3125,70.3125,0.0
Sub_09lux 10.0,19,70.3125,70.3125,0.0
Sub_09lux 10.0,20,70.3125,70.3125,0.0
Sub_09lux 10.0,21,70.3125,70.3125,0.0
Sub_09lux 10.0,22,70.3125,70.3125,0.0
Sub_09lux 10.0,23,70.3125,70.3125,0.0
Sub_09lux 10.0,24,70.3125,77.34375,7.03125
Sub_09lux 10.0,25,70.3125,77.34375,7.03125
Sub_09lux 10.0,26,70.3125,70.3125,0.0
Sub_09lux 10.0,27,70.3125,70.3125,0.0
Sub_09lux 10.0,28,77.34375,70.3125,-7.03125
Sub_09lux 10.0,29,77.34375,70.3125,-7.03125
Sub_09lux 10.0,30,77.34375,70.3125,-7.03125
Sub_09lux 10.0,31,77.34375,70.3125,-7.03125
Sub_09lux 10.0,32,77.34375,70.3125,-7.03125
Sub_09lux 10.0,33,77.34375,70.3125,-7.03125
Sub_09lux 10.0,34,77.34375,70.3125,-7.03125
Sub_09lux 10.0,35,77.34375,70.3125,-7.03125
Sub_09lux 10.0,36,77.34375,70.3125,-7.03125
Sub_09lux 10.0,37,77.34375,70.3125,-7.03125
Sub_09lux 10.0,38,77.34375,77.34375,0.0
Sub_09lux 10.0,39,77.34375,77.34375,0.0
Sub_09lux 10.0,40,77.34375,77.34375,0.0
Sub_09lux 10.0,41,77.34375,77.34375,0.0
Sub_09lux 10.0,42,77.34375,77.34375,0.0
Sub_09lux 10.0,43,77.34375,77.34375,0.0
Sub_09lux 10.0,44,77.34375,77.34375,0.0
Sub_09lux 10.0,45,77.34375,70.3125,-7.03125
Sub_09lux 10.0,46,77.34375,77.34375,0.0
Sub_09lux 10.0,47,77.34375,70.3125,-7.03125
Sub_09lux 10.0,48,77.34375,77.34375,0.0
Sub_09lux 10.0,49,77.34375,70.3125,-7.03125
Sub_09lux 10.0,50,77.34375,70.3125,-7.03125
Sub_09lux 10.0,51,77.34375,70.3125,-7.03125
Sub_09lux 10.0,52,77.34375,70.3125,-7.03125
Sub_09lux 10.0,53,70.3125,70.3125,0.0
Sub_09lux 10.0,54,70.3125,70.3125,0.0
Sub_09lux 10.0,55,70.3125,70.3125,0.0
Sub_09lux 10.0,56,70.3125,70.3125,0.0
Sub_09lux 10.0,57,70.3125,70.3125,0.0
Sub_09lux 10.0,58,70.3125,70.3125,0.0
Sub_09lux 10.0,59,70.3125,70.3125,0.0
Sub_09lux 10.0,60,70.3125,70.3125,0.0
Sub_09lux 10.0,61,70.3125,70.3125,0.0
Sub_09lux 10.0,62,70.3125,70.3125,0.0
Sub_09lux 10.0,63,70.3125,70.3125,0.0
Sub_09lux 10.0,64,70.3125,70.3125,0.0
Sub_09lux 10.0,65,70.3125,70.3125,0.0
Sub_09lux 10.0,66,70.3125,70.3125,0.0
Sub_09lux 10.0,67,70.3125,70.3125,0.0
Sub_09lux 10.0,68,70.3125,70.3125,0.0
Sub_09lux 10.0,69,70.3125,70.3125,0.0
Sub_09lux 10.0,70,70.3125,70.3125,0.0
Sub_09lux 10.0,71,70.3125,70.3125,0.0
Sub_09lux 10.0,72,70.3125,70.3125,0.0
Sub_09lux 10.0,73,70.3125,70.3125,0.0
Sub_09lux 10.0,74,70.3125,70.3125,0.0
Sub_09lux 10.0,75,70.3125,70.3125,0.0
Sub_09lux 10.0,76,70.3125,70.3125,0.0
Sub_09lux 10.0,77,70.3125,70.3125,0.0
Sub_09lux 10.0,78,70.3125,70.3125,0.0
Sub_09lux 10.0,79,70.3125,70.3125,0.0
Sub_09lux 10.0,80,70.3125,70.3125,0.0
Sub_09lux 10.0,81,70.3125,70.3125,0.0
Sub_09lux 10.0,82,70.3125,70.3125,0.0
Sub_09lux 10.0,83,70.3125,70.3125,0.0
Sub_09lux 10.0,84,70.3125,70.3125,0.0
Sub_09lux 10.0,85,77.34375,70.3125,-7.03125
Sub_09lux 10.0,86,77.34375,70.3125,-7.03125
Sub_09lux 10.0,87,77.34375,70.3125,-7.03125
Sub_09lux 10.0,88,77.34375,77.34375,0.0
Sub_09lux 10.0,89,77.34375,70.3125,-7.03125
Sub_09lux 10.0,90,77.34375,77.34375,0.0
Sub_09lux 10.0,91,77.34375,77.34375,0.0
Sub_09lux 10.0,92,77.34375,77.34375,0.0
Sub_09lux 10.0,93,77.34375,77.34375,0.0
Sub_09lux 10.0,94,77.34375,77.34375,0.0
Sub_09lux 10.0,95,77.34375,77.34375,0.0
Sub_09lux 10.0,96,77.34375,77.34375,0.0
Sub_09lux 10.0,97,77.34375,70.3125,-7.03125
Sub_09lux 10.0,98,77.34375,70.3125,-7.03125
Sub_09lux 10.0,99,77.34375,77.34375,0.0
Sub_09lux 10.0,100,77.34375,70.3125,-7.03125
Sub_09lux 10.0,101,77.34375,70.3125,-7.03125
Sub_09lux 10.0,102,77.34375,70.3125,-7.03125
Sub_09lux 10.0,103,70.3125,70.3125,0.0
Sub_09lux 10.0,104,70.3125,70.3125,0.0
Sub_09lux 10.0,105,70.3125,70.3125,0.0
Sub_09lux 10.0,106,70.3125,70.3125,0.0
Sub_09lux 10.0,107,70.3125,70.3125,0.0
Sub_09lux 10.0,108,70.3125,70.3125,0.0
Sub_09lux 10.0,109,70.3125,70.3125,0.0
Sub_09lux 10.0,110,70.3125,70.3125,0.0
Sub_09lux 10.0,111,70.3125,70.3125,0.0
Sub_09lux 10.0,112,70.3125,70.3125,0.0
Sub_09lux 10.0,113,70.3125,70.3125,0.0
Sub_09lux 10.0,114,70.3125,70.3125,0.0
Sub_09lux 10.0,115,70.3125,70.3125,0.0
Sub_09lux 10.0,116,70.3125,70.3125,0.0
Sub_09lux 10.0,117,77.34375,70.3125,-7.03125
Sub_09lux 10.0,118,77.34375,70.3125,-7.03125
Sub_09lux 10.0,119,77.34375,70.3125,-7.03125
Sub_09lux 10.0,120,77.34375,70.3125,-7.03125
Sub_09lux 10.0,121,77.34375,77.34375,0.0
Sub_09lux 10.0,122,77.34375,70.3125,-7.03125
Sub_09lux 10.0,123,77.34375,77.34375,0.0
Sub_09lux 10.0,124,77.34375,70.3125,-7.03125
Sub_09lux 10.0,125,77.34375,70.3125,-7.03125
Sub_09lux 10.0,126,77.34375,70.3125,-7.03125
Sub_09lux 10.0,127,77.34375,70.3125,-7.03125
Sub_09lux 10.0,128,77.34375,70.3125,-7.03125
Sub_09lux 10.0,129,77.34375,70.3125,-7.03125
Sub_09lux 10.0,130,77.34375,70.3125,-7.03125
Sub_09lux 10.0,131,77.34375,70.3125,-7.03125
Sub_09lux 10.0,132,77.34375,70.3125,-7.03125
Sub_09lux 10.0,133,77.34375,70.3125,-7.03125
Sub_09lux 10.0,134,77.34375,70.3125,-7.03125
Sub_09lux 10.0,135,77.34375,70.3125,-7.03125
Sub_09lux 10.0,136,77.34375,77.34375,0.0
Sub_09lux 10.0,137,77.34375,70.3125,-7.03125
Sub_09lux 10.0,138,77.34375,77.34375,0.0
Sub_09lux 10.0,139,77.34375,77.34375,0.0
Sub_09lux 10.0,140,77.34375,77.34375,0.0
Sub_09lux 10.0,141,77.34375,77.34375,0.0
Sub_09lux 10.0,142,77.34375,77.34375,0.0
Sub_09lux 10.0,143,77.34375,77.34375,0.0
Sub_09lux 10.0,144,77.34375,77.34375,0.0
Sub_09lux 10.0,145,77.34375,77.34375,0.0
Sub_09lux 10.0,146,77.34375,77.34375,0.0
Sub_09lux 10.0,147,77.34375,77.34375,0.0
Sub_09lux 10.0,148,77.34375,77.34375,0.0
Sub_09lux 10.0,149,77.34375,77.34375,0.0
Sub_09lux 10.0,150,77.34375,84.375,7.03125
Sub_09lux 10.0,151,70.3125,84.375,14.0625
Sub_09lux 10.0,152,70.3125,70.3125,0.0
Sub_09lux 10.0,153,70.3125,70.3125,0.0
Sub_09lux 100.0,0,91.40625,84.375,-7.03125
Sub_09lux 100.0,1,91.40625,84.375,-7.03125
Sub_09lux 100.0,2,91.40625,84.375,-7.03125
Sub_09lux 100.0,3,91.40625,84.375,-7.03125
Sub_09lux 100.0,4,91.40625,84.375,-7.03125
Sub_09lux 100.0,5,91.40625,84.375,-7.03125
Sub_09lux 100.0,6,91.40625,84.375,-7.03125
Sub_09lux 100.0,7,91.40625,84.375,-7.03125
Sub_09lux 100.0,8,91.40625,84.375,-7.03125
Sub_09lux 100.0,9,91.40625,84.375,-7.03125
Sub_09lux 100.0,10,91.40625,84.375,-7.03125
Sub_09lux 100.0,11,91.40625,84.375,-7.03125
Sub_09lux 100.0,12,91.40625,84.375,-7.03125
Sub_09lux 100.0,13,91.40625,84.375,-7.03125
Sub_09lux 100.0,14,91.40625,84.375,-7.03125
Sub_09lux 100.0,15,91.40625,84.375,-7.03125
Sub_09lux 100.0,16,91.40625,84.375,-7.03125
Sub_09lux 100.0,17,91.40625,84.375,-7.03125
Sub_09lux 100.0,18,91.40625,84.375,-7.03125
Sub_09lux 100.0,19,91.40625,84.375,-7.03125
Sub_09lux 100.0,20,91.40625,84.375,-7.03125
Sub_09lux 100.0,21,91.40625,84.375,-7.03125
Sub_09lux 100.0,22,91.40625,84.375,-7.03125
Sub_09lux 100.0,23,91.40625,84.375,-7.03125
Sub_09lux 100.0,24,91.40625,84.375,-7.03125
Sub_09lux 100.0,25,91.40625,84.375,-7.03125
Sub_09lux 100.0,26,91.40625,84.375,-7.03125
Sub_09lux 100.0,27,91.40625,84.375,-7.03125
Sub_09lux 100.0,28,91.40625,84.375,-7.03125
Sub_09lux 100.0,29,91.40625,84.375,-7.03125
Sub_09lux 100.0,30,91.40625,84.375,-7.03125
Sub_09lux 100.0,31,91.40625,84.375,-7.03125
Sub_09lux 100.0,32,91.40625,84.375,-7.03125
Sub_09lux 100.0,33,91.40625,84.375,-7.03125
Sub_09lux 100.0,34,91.40625,84.375,-7.03125
Sub_09lux 100.0,35,91.40625,84.375,-7.03125
Sub_09lux 100.0,36,91.40625,84.375,-7.03125
Sub_09lux 100.0,37,91.40625,84.375,-7.03125
Sub_09lux 100.0,38,91.40625,91.40625,0.0
Sub_09lux 100.0,39,91.40625,84.375,-7.03125
Sub_09lux 100.0,40,91.40625,91.40625,0.0
Sub_09lux 100.0,41,91.40625,84.375,-7.03125
Sub_09lux 100.0,42,91.40625,91.40625,0.0
Sub_09lux 100.0,43,91.40625,84.375,-7.03125
Sub_09lux 100.0,44,91.40625,84.375,-7.03125
Sub_09lux 100.0,45,91.40625,84.375,-7.03125
Sub_09lux 100.0,46,91.40625,84.375,-7.03125
Sub_09lux 100.0,47,91.40625,84.375,-7.03125
Sub_09lux 100.0,48,91.40625,84.375,-7.03125
Sub_09lux 100.0,49,91.40625,84.375,-7.03125
Sub_09lux 100.0,50,91.40625,84.375,-7.03125
Sub_09lux 100.0,51,91.40625,84.375,-7.03125
Sub_09lux 100.0,52,91.40625,84.375,-7.03125
Sub_09lux 100.0,53,91.40625,84.375,-7.03125
Sub_09lux 100.0,54,91.40625,84.375,-7.03125
Sub_09lux 100.0,55,91.40625,84.375,-7.03125
Sub_09lux 100.0,56,91.40625,84.375,-7.03125
Sub_09lux 100.0,57,91.40625,84.375,-7.03125
Sub_09lux 100.0,58,91.40625,84.375,-7.03125
Sub_09lux 100.0,59,91.40625,84.375,-7.03125
Sub_09lux 100.0,60,91.40625,84.375,-7.03125
Sub_09lux 100.0,61,91.40625,84.375,-7.03125
Sub_09lux 100.0,62,91.40625,84.375,-7.03125
Sub_09lux 100.0,63,91.40625,84.375,-7.03125
Sub_09lux 100.0,64,91.40625,84.375,-7.03125
Sub_09lux 100.0,65,84.375,84.375,0.0
Sub_09lux 100.0,66,84.375,84.375,0.0
Sub_09lux 100.0,67,84.375,84.375,0.0
Sub_09lux 100.0,68,84.375,84.375,0.0
Sub_09lux 100.0,69,84.375,84.375,0.0
Sub_09lux 100.0,70,84.375,84.375,0.0
Sub_09lux 100.0,71,84.375,84.375,0.0
Sub_09lux 100.0,72,84.375,84.375,0.0
Sub_09lux 100.0,73,84.375,91.40625,7.03125
Sub_09lux 100.0,74,84.375,77.34375,-7.03125
Sub_09lux 100.0,75,84.375,91.40625,7.03125
Sub_09lux 100.0,76,84.375,77.34375,-7.03125
Sub_09lux 100.0,77,84.375,77.34375,-7.03125
Sub_09lux 100.0,78,84.375,77.34375,-7.03125
Sub_09lux 100.0,79,84.375,77.34375,-7.03125
Sub_09lux 100.0,80,84.375,77.34375,-7.03125
Sub_09lux 100.0,81,84.375,77.34375,-7.03125
Sub_09lux 100.0,82,84.375,77.34375,-7.03125
Sub_09lux 100.0,83,84.375,77.34375,-7.03125
Sub_09lux 100.0,84,84.375,77.34375,-7.03125
Sub_09lux 100.0,85,84.375,77.34375,-7.03125
Sub_09lux 100.0,86,84.375,77.34375,-7.03125
Sub_09lux 100.0,87,84.375,77.34375,-7.03125
Sub_09lux 100.0,88,84.375,77.34375,-7.03125
Sub_09lux 100.0,89,84.375,77.34375,-7.03125
Sub_09lux 100.0,90,84.375,77.34375,-7.03125
Sub_09lux 100.0,91,84.375,77.34375,-7.03125
Sub_09lux 100.0,92,84.375,77.34375,-7.03125
Sub_09lux 100.0,93,84.375,84.375,0.0
Sub_09lux 100.0,94,84.375,84.375,0.0
Sub_09lux 100.0,95,84.375,84.375,0.0
Sub_09lux 100.0,96,84.375,77.34375,-7.03125
Sub_09lux 100.0,97,84.375,84.375,0.0
Sub_09lux 100.0,98,84.375,84.375,0.0
Sub_09lux 100.0,99,84.375,84.375,0.0
Sub_09lux 100.0,100,84.375,84.375,0.0
Sub_09lux 100.0,101,84.375,77.34375,-7.03125
Sub_09lux 100.0,102,84.375,84.375,0.0
Sub_09lux 100.0,103,84.375,77.34375,-7.03125
Sub_09lux 100.0,104,84.375,84.375,0.0
Sub_09lux 100.0,105,84.375,77.34375,-7.03125
Sub_09lux 100.0,106,84.375,77.34375,-7.03125
Sub_09lux 100.0,107,84.375,77.34375,-7.03125
Sub_09lux 100.0,108,84.375,77.34375,-7.03125
Sub_09lux 100.0,109,84.375,77.34375,-7.03125
Sub_09lux 100.0,110,84.375,77.34375,-7.03125
Sub_09lux 100.0,111,84.375,77.34375,-7.03125
Sub_09lux 100.0,112,84.375,77.34375,-7.03125
Sub_09lux 100.0,113,84.375,77.34375,-7.03125
Sub_09lux 100.0,114,84.375,77.34375,-7.03125
Sub_09lux 100.0,115,84.375,77.34375,-7.03125
Sub_09lux 100.0,116,84.375,77.34375,-7.03125
Sub_09lux 100.0,117,84.375,77.34375,-7.03125
Sub_09lux 100.0,118,84.375,77.34375,-7.03125
Sub_09lux 100.0,119,84.375,77.34375,-7.03125
Sub_09lux 100.0,120,84.375,77.34375,-7.03125
Sub_09lux 100.0,121,84.375,77.34375,-7.03125
Sub_09lux 100.0,122,84.375,77.34375,-7.03125
Sub_09lux 100.0,123,84.375,77.34375,-7.03125
Sub_09lux 100.0,124,84.375,84.375,0.0
Sub_09lux 100.0,125,84.375,84.375,0.0
Sub_09lux 100.0,126,84.375,84.375,0.0
Sub_09lux 100.0,127,84.375,84.375,0.0
Sub_09lux 100.0,128,84.375,84.375,0.0
Sub_09lux 100.0,129,84.375,84.375,0.0
Sub_09lux 100.0,130,84.375,84.375,0.0
Sub_09lux 100.0,131,84.375,84.375,0.0
Sub_09lux 100.0,132,84.375,84.375,0.0
Sub_09lux 100.0,133,84.375,84.375,0.0
Sub_09lux 100.0,134,84.375,84.375,0.0
Sub_09lux 100.0,135,84.375,84.375,0.0
Sub_09lux 100.0,136,84.375,84.375,0.0
Sub_09lux 100.0,137,84.375,77.34375,-7.03125
Sub_09lux 100.0,138,84.375,77.34375,-7.03125
Sub_09lux 100.0,139,84.375,77.34375,-7.03125
Sub_09lux 100.0,140,84.375,77.34375,-7.03125
Sub_09lux 100.0,141,84.375,77.34375,-7.03125
Sub_09lux 100.0,142,84.375,77.34375,-7.03125
Sub_09lux 100.0,143,84.375,77.34375,-7.03125
Sub_09lux 100.0,144,84.375,77.34375,-7.03125
Sub_09lux 100.0,145,84.375,77.34375,-7.03125
Sub_09lux 100.0,146,84.375,77.34375,-7.03125
Sub_09lux 100.0,147,84.375,77.34375,-7.03125
Sub_09lux 100.0,148,84.375,77.34375,-7.03125
Sub_09lux 100.0,149,84.375,84.375,0.0
Sub_09lux 100.0,150,84.375,77.34375,-7.03125
Sub_09lux 100.0,151,84.375,77.34375,-7.03125
Sub_09lux 100.0,152,84.375,77.34375,-7.03125
Sub_09lux 100.0,153,84.375,84.375,0.0
Sub_09lux 15.8,0,77.34375,77.34375,0.0
Sub_09lux 15.8,1,77.34375,77.34375,0.0
Sub_09lux 15.8,2,77.34375,77.34375,0.0
Sub_09lux 15.8,3,77.34375,77.34375,0.0
Sub_09lux 15.8,4,77.34375,70.3125,-7.03125
Sub_09lux 15.8,5,77.34375,70.3125,-7.03125
Sub_09lux 15.8,6,77.34375,77.34375,0.0
Sub_09lux 15.8,7,77.34375,70.3125,-7.03125
Sub_09lux 15.8,8,77.34375,70.3125,-7.03125
Sub_09lux 15.8,9,77.34375,70.3125,-7.03125
Sub_09lux 15.8,10,77.34375,70.3125,-7.03125
Sub_09lux 15.8,11,77.34375,84.375,7.03125
Sub_09lux 15.8,12,77.34375,70.3125,-7.03125
Sub_09lux 15.8,13,77.34375,84.375,7.03125
Sub_09lux 15.8,14,77.34375,84.375,7.03125
Sub_09lux 15.8,15,77.34375,77.34375,0.0
Sub_09lux 15.8,16,77.34375,77.34375,0.0
Sub_09lux 15.8,17,77.34375,77.34375,0.0
Sub_09lux 15.8,18,77.34375,77.34375,0.0
Sub_09lux 15.8,19,77.34375,77.34375,0.0
Sub_09lux 15.8,20,77.34375,77.34375,0.0
Sub_09lux 15.8,21,77.34375,77.34375,0.0
Sub_09lux 15.8,22,77.34375,77.34375,0.0
Sub_09lux 15.8,23,84.375,77.34375,-7.03125
Sub_09lux 15.8,24,84.375,77.34375,-7.03125
Sub_09lux 15.8,25,84.375,77.34375,-7.03125
Sub_09lux 15.8,26,84.375,77.34375,-7.03125
Sub_09lux 15.8,27,84.375,77.34375,-7.03125
Sub_09lux 15.8,28,84.375,84.375,0.0
Sub_09lux 15.8,29,84.375,84.375,0.0
Sub_09lux 15.8,30,84.375,77.34375,-7.03125
Sub_09lux 15.8,31,84.375,77.34375,-7.03125
Sub_09lux 15.8,32,84.375,84.375,0.0
Sub_09lux 15.8,33,84.375,84.375,0.0
Sub_09lux 15.8,34,84.375,77.34375,-7.03125
Sub_09lux 15.8,35,84.375,77.34375,-7.03125
Sub_09lux 15.8,36,84.375,77.34375,-7.03125
Sub_09lux 15.8,37,84.375,77.34375,-7.03125
Sub_09lux 15.8,38,84.375,77.34375,-7.03125
Sub_09lux 15.8,39,84.375,77.34375,-7.03125
Sub_09lux 15.8,40,77.34375,77.34375,0.0
Sub_09lux 15.8,41,77.34375,77.34375,0.0
Sub_09lux 15.8,42,77.34375,77.34375,0.0
Sub_09lux 15.8,43,77.34375,84.375,7.03125
Sub_09lux 15.8,44,77.34375,84.375,7.03125
Sub_09lux 15.8,45,77.34375,84.375,7.03125
Sub_09lux 15.8,46,77.34375,84.375,7.03125
Sub_09lux 15.8,47,77.34375,84.375,7.03125
Sub_09lux 15.8,48,77.34375,84.375,7.03125
Sub_09lux 15.8,49,77.34375,84.375,7.03125
Sub_09lux 15.8,50,77.34375,84.375,7.03125
Sub_09lux 15.8,51,77.34375,84.375,7.03125
Sub_09lux 15.8,52,70.3125,84.375,14.0625
Sub_09lux 15.8,53,77.34375,84.375,7.03125
Sub_09lux 15.8,54,77.34375,84.375,7.03125
Sub_09lux 15.8,55,77.34375,84.375,7.03125
Sub_09lux 15.8,56,77.34375,91.40625,14.0625
Sub_09lux 15.8,57,77.34375,84.375,7.03125
Sub_09lux 15.8,58,77.34375,77.34375,0.0
Sub_09lux 15.8,59,77.34375,77.34375,0.0
Sub_09lux 15.8,60,77.34375,77.34375,0.0
Sub_09lux 15.8,61,77.34375,77.34375,0.0
Sub_09lux 15.8,62,77.34375,77.34375,0.0
Sub_09lux 15.8,63,77.34375,77.34375,0.0
Sub_09lux 15.8,64,77.34375,77.34375,0.0
Sub_09lux 15.8,65,77.34375,77.34375,0.0
Sub_09lux 15.8,66,77.34375,77.34375,0.0
Sub_09lux 15.8,67,77.34375,77.34375,0.0
Sub_09lux 15.8,68,77.34375,77.34375,0.0
Sub_09lux 15.8,69,84.375,77.34375,-7.03125
Sub_09lux 15.8,70,84.375,77.34375,-7.03125
Sub_09lux 15.8,71,84.375,77.34375,-7.03125
Sub_09lux 15.8,72,84.375,77.34375,-7.03125
Sub_09lux 15.8,73,77.34375,77.34375,0.0
Sub_09lux 15.8,74,77.34375,77.34375,0.0
Sub_09lux 15.8,75,77.34375,77.34375,0.0
Sub_09lux 15.8,76,77.34375,77.34375,0.0
Sub_09lux 15.8,77,77.34375,77.34375,0.0
Sub_09lux 15.8,78,77.34375,77.34375,0.0
Sub_09lux 15.8,79,77.34375,77.34375,0.0
Sub_09lux 15.8,80,77.34375,77.34375,0.0
Sub_09lux 15.8,81,77.34375,77.34375,0.0
Sub_09lux 15.8,82,77.34375,77.34375,0.0
Sub_09lux 15.8,83,77.34375,77.34375,0.0
Sub_09lux 15.8,84,77.34375,77.34375,0.0
Sub_09lux 15.8,85,77.34375,77.34375,0.0
Sub_09lux 15.8,86,77.34375,77.34375,0.0
Sub_09lux 15.8,87,77.34375,77.34375,0.0
Sub_09lux 15.8,88,77.34375,77.34375,0.0
Sub_09lux 15.8,89,77.34375,77.34375,0.0
Sub_09lux 15.8,90,77.34375,77.34375,0.0
Sub_09lux 15.8,91,77.34375,77.34375,0.0
Sub_09lux 15.8,92,77.34375,77.34375,0.0
Sub_09lux 15.8,93,77.34375,77.34375,0.0
Sub_09lux 15.8,94,77.34375,77.34375,0.0
Sub_09lux 15.8,95,77.34375,77.34375,0.0
Sub_09lux 15.8,96,77.34375,77.34375,0.0
Sub_09lux 15.8,97,77.34375,77.34375,0.0
Sub_09lux 15.8,98,77.34375,77.34375,0.0
Sub_09lux 15.8,99,77.34375,77.34375,0.0
Sub_09lux 15.8,100,77.34375,77.34375,0.0
Sub_09lux 15.8,101,84.375,77.34375,-7.03125
Sub_09lux 15.8,102,84.375,77.34375,-7.03125
Sub_09lux 15.8,103,84.375,77.34375,-7.03125
Sub_09lux 15.8,104,84.375,77.34375,-7.03125
Sub_09lux 15.8,105,84.375,84.375,0.0
Sub_09lux 15.8,106,84.375,84.375,0.0
Sub_09lux 15.8,107,84.375,77.34375,-7.03125
Sub_09lux 15.8,108,84.375,84.375,0.0
Sub_09lux 15.8,109,84.375,77.34375,-7.03125
Sub_09lux 15.8,110,84.375,77.34375,-7.03125
Sub_09lux 15.8,111,84.375,77.34375,-7.03125
Sub_09lux 15.8,112,84.375,77.34375,-7.03125
Sub_09lux 15.8,113,84.375,77.34375,-7.03125
Sub_09lux 15.8,114,84.375,77.34375,-7.03125
Sub_09lux 15.8,115,84.375,77.34375,-7.03125
Sub_09lux 15.8,116,84.375,77.34375,-7.03125
Sub_09lux 15.8,117,84.375,77.34375,-7.03125
Sub_09lux 15.8,118,84.375,77.34375,-7.03125
Sub_09lux 15.8,119,84.375,77.34375,-7.03125
Sub_09lux 15.8,120,77.34375,77.34375,0.0
Sub_09lux 15.8,121,77.34375,77.34375,0.0
Sub_09lux 15.8,122,77.34375,77.34375,0.0
Sub_09lux 15.8,123,77.34375,77.34375,0.0
Sub_09lux 15.8,124,77.34375,77.34375,0.0
Sub_09lux 15.8,125,77.34375,77.34375,0.0
Sub_09lux 15.8,126,77.34375,77.34375,0.0
Sub_09lux 15.8,127,77.34375,77.34375,0.0
Sub_09lux 15.8,128,77.34375,77.34375,0.0
Sub_09lux 15.8,129,77.34375,77.34375,0.0
Sub_09lux 15.8,130,77.34375,77.34375,0.0
Sub_09lux 15.8,131,77.34375,77.34375,0.0
Sub_09lux 15.8,132,77.34375,77.34375,0.0
Sub_09lux 15.8,133,77.34375,77.34375,0.0
Sub_09lux 15.8,134,77.34375,77.34375,0.0
Sub_09lux 15.8,135,77.34375,77.34375,0.0
Sub_09lux 15.8,136,77.34375,77.34375,0.0
Sub_09lux 15.8,137,77.34375,77.34375,0.0
Sub_09lux 15.8,138,77.34375,77.34375,0.0
Sub_09lux 15.8,139,77.34375,77.34375,0.0
Sub_09lux 15.8,140,77.34375,77.34375,0.0
Sub_09lux 15.8,141,77.34375,77.34375,0.0
Sub_09lux 15.8,142,77.34375,77.34375,0.0
Sub_09lux 15.8,143,84.375,77.34375,-7.03125
Sub_09lux 15.8,144,84.375,77.34375,-7.03125
Sub_09lux 15.8,145,84.375,77.34375,-7.03125
Sub_09lux 15.8,146,84.375,77.34375,-7.03125
Sub_09lux 15.8,147,84.375,77.34375,-7.03125
Sub_09lux 15.8,148,84.375,77.34375,-7.03125
Sub_09lux 15.8,149,84.375,77.34375,-7.03125
Sub_09lux 15.8,150,84.375,77.34375,-7.03125
Sub_09lux 15.8,151,84.375,77.34375,-7.03125
Sub_09lux 15.8,152,84.375,77.34375,-7.03125
Sub_09lux 15.8,153,84.375,77.34375,-7.03125
Sub_09lux 25.1,0,77.34375,70.3125,-7.03125
Sub_09lux 25.1,1,77.34375,70.3125,-7.03125
Sub_09lux 25.1,2,77.34375,70.3125,-7.03125
Sub_09lux 25.1,3,77.34375,70.3125,-7.03125
Sub_09lux 25.1,4,77.34375,70.3125,-7.03125
Sub_09lux 25.1,5,77.34375,70.3125,-7.03125
Sub_09lux 25.1,6,77.34375,70.3125,-7.03125
Sub_09lux 25.1,7,77.34375,70.3125,-7.03125
Sub_09lux 25.1,8,77.34375,70.3125,-7.03125
Sub_09lux 25.1,9,77.34375,70.3125,-7.03125
Sub_09lux 25.1,10,77.34375,77.34375,0.0
Sub_09lux 25.1,11,77.34375,77.34375,0.0
Sub_09lux 25.1,12,77.34375,77.34375,0.0
Sub_09lux 25.1,13,77.34375,77.34375,0.0
Sub_09lux 25.1,14,77.34375,77.34375,0.0
Sub_09lux 25.1,15,77.34375,77.34375,0.0
Sub_09lux 25.1,16,77.34375,77.34375,0.0
Sub_09lux 25.1,17,77.34375,77.34375,0.0
Sub_09lux 25.1,18,77.34375,77.34375,0.0
Sub_09lux 25.1,19,77.34375,77.34375,0.0
Sub_09lux 25.1,20,77.34375,77.34375,0.0
Sub_09lux 25.1,21,77.34375,77.34375,0.0
Sub_09lux 25.1,22,77.34375,77.34375,0.0
Sub_09lux 25.1,23,77.34375,77.34375,0.0
Sub_09lux 25.1,24,77.34375,77.34375,0.0
Sub_09lux 25.1,25,77.34375,77.34375,0.0
Sub_09lux 25.1,26,77.34375,77.34375,0.0
Sub_09lux 25.1,27,77.34375,77.34375,0.0
Sub_09lux 25.1,28,77.34375,77.34375,0.0
Sub_09lux 25.1,29,77.34375,77.34375,0.0
Sub_09lux 25.1,30,77.34375,77.34375,0.0
Sub_09lux 25.1,31,77.34375,77.34375,0.0
Sub_09lux 25.1,32,77.34375,77.34375,0.0
Sub_09lux 25.1,33,77.34375,77.34375,0.0
Sub_09lux 25.1,34,77.34375,77.34375,0.0
Sub_09lux 25.1,35,77.34375,77.34375,0.0
Sub_09lux 25.1,36,77.34375,77.34375,0.0
Sub_09lux 25.1,37,77.34375,77.34375,0.0
Sub_09lux 25.1,38,77.34375,77.34375,0.0
Sub_09lux 25.1,39,77.34375,77.34375,0.0
Sub_09lux 25.1,40,77.34375,77.34375,0.0
Sub_09lux 25.1,41,77.34375,77.34375,0.0
Sub_09lux 25.1,42,77.34375,77.34375,0.0
Sub_09lux 25.1,43,77.34375,77.34375,0.0
Sub_09lux 25.1,44,77.34375,77.34375,0.0
Sub_09lux 25.1,45,77.34375,77.34375,0.0
Sub_09lux 25.1,46,77.34375,77.34375,0.0
Sub_09lux 25.1,47,77.34375,77.34375,0.0
Sub_09lux 25.1,48,77.34375,77.34375,0.0
Sub_09lux 25.1,49,77.34375,77.34375,0.0
Sub_09lux 25.1,50,77.34375,77.34375,0.0
Sub_09lux 25.1,51,77.34375,77.34375,0.0
Sub_09lux 25.1,52,77.34375,77.34375,0.0
Sub_09lux 25.1,53,77.34375,77.34375,0.0
Sub_09lux 25.1,54,77.34375,77.34375,0.0
Sub_09lux 25.1,55,77.34375,77.34375,0.0
Sub_09lux 25.1,56,77.34375,77.34375,0.0
Sub_09lux 25.1,57,77.34375,77.34375,0.0
Sub_09lux 25.1,58,77.34375,77.34375,0.0
Sub_09lux 25.1,59,77.34375,91.40625,14.0625
Sub_09lux 25.1,60,77.34375,91.40625,14.0625
Sub_09lux 25.1,61,77.34375,91.40625,14.0625
Sub_09lux 25.1,62,77.34375,91.40625,14.0625
Sub_09lux 25.1,63,77.34375,91.40625,14.0625
Sub_09lux 25.1,64,77.34375,91.40625,14.0625
Sub_09lux 25.1,65,77.34375,91.40625,14.0625
Sub_09lux 25.1,66,77.34375,91.40625,14.0625
Sub_09lux 25.1,67,77.34375,77.34375,0.0
Sub_09lux 25.1,68,77.34375,91.40625,14.0625
Sub_09lux 25.1,69,77.34375,77.34375,0.0
Sub_09lux 25.1,70,77.34375,77.34375,0.0
Sub_09lux 25.1,71,77.34375,84.375,7.03125
Sub_09lux 25.1,72,84.375,84.375,0.0
Sub_09lux 25.1,73,84.375,84.375,0.0
Sub_09lux 25.1,74,84.375,77.34375,-7.03125
Sub_09lux 25.1,75,84.375,84.375,0.0
Sub_09lux 25.1,76,84.375,84.375,0.0
Sub_09lux 25.1,77,84.375,84.375,0.0
Sub_09lux 25.1,78,91.40625,84.375,-7.03125
Sub_09lux 25.1,79,91.40625,84.375,-7.03125
Sub_09lux 25.1,80,91.40625,84.375,-7.03125
Sub_09lux 25.1,81,91.40625,84.375,-7.03125
Sub_09lux 25.1,82,91.40625,84.375,-7.03125
Sub_09lux 25.1,83,91.40625,84.375,-7.03125
Sub_09lux 25.1,84,91.40625,84.375,-7.03125
Sub_09lux 25.1,85,91.40625,84.375,-7.03125
Sub_09lux 25.1,86,84.375,84.375,0.0
Sub_09lux 25.1,87,84.375,84.375,0.0
Sub_09lux 25.1,88,84.375,84.375,0.0
Sub_09lux 25.1,89,84.375,84.375,0.0
Sub_09lux 25.1,90,84.375,84.375,0.0
Sub_09lux 25.1,91,84.375,84.375,0.0
Sub_09lux 25.1,92,84.375,84.375,0.0
Sub_09lux 25.1,93,84.375,77.34375,-7.03125
Sub_09lux 25.1,94,84.375,84.375,0.0
Sub_09lux 25.1,95,77.34375,77.34375,0.0
Sub_09lux 25.1,96,77.34375,77.34375,0.0
Sub_09lux 25.1,97,77.34375,77.34375,0.0
Sub_09lux 25.1,98,77.34375,77.34375,0.0
Sub_09lux 25.1,99,77.34375,77.34375,0.0
Sub_09lux 25.1,100,77.34375,77.34375,0.0
Sub_09lux 25.1,101,77.34375,77.34375,0.0
Sub_09lux 25.1,102,77.34375,77.34375,0.0
Sub_09lux 25.1,103,77.34375,77.34375,0.0
Sub_09lux 25.1,104,77.34375,77.34375,0.0
Sub_09lux 25.1,105,77.34375,77.34375,0.0
Sub_09lux 25.1,106,77.34375,77.34375,0.0
Sub_09lux 25.1,107,77.34375,77.34375,0.0
Sub_09lux 25.1,108,77.34375,70.3125,-7.03125
Sub_09lux 25.1,109,77.34375,70.3125,-7.03125
Sub_09lux 25.1,110,77.34375,70.3125,-7.03125
Sub_09lux 25.1,111,77.34375,70.3125,-7.03125
Sub_09lux 25.1,112,77.34375,70.3125,-7.03125
Sub_09lux 25.1,113,77.34375,70.3125,-7.03125
Sub_09lux 25.1,114,77.34375,70.3125,-7.03125
Sub_09lux 25.1,115,77.34375,70.3125,-7.03125
Sub_09lux 25.1,116,77.34375,70.3125,-7.03125
Sub_09lux 25.1,117,77.34375,84.375,7.03125
Sub_09lux 25.1,118,77.34375,84.375,7.03125
Sub_09lux 25.1,119,77.34375,84.375,7.03125
Sub_09lux 25.1,120,77.34375,84.375,7.03125
Sub_09lux 25.1,121,77.34375,84.375,7.03125
Sub_09lux 25.1,122,77.34375,77.34375,0.0
Sub_09lux 25.1,123,77.34375,84.375,7.03125
Sub_09lux 25.1,124,77.34375,77.34375,0.0
Sub_09lux 25.1,125,77.34375,77.34375,0.0
Sub_09lux 25.1,126,77.34375,77.34375,0.0
Sub_09lux 25.1,127,77.34375,77.34375,0.0
Sub_09lux 25.1,128,77.34375,91.40625,14.0625
Sub_09lux 25.1,129,77.34375,77.34375,0.0
Sub_09lux 25.1,130,77.34375,77.34375,0.0
Sub_09lux 25.1,131,77.34375,77.34375,0.0
Sub_09lux 25.1,132,70.3125,84.375,14.0625
Sub_09lux 25.1,133,70.3125,91.40625,21.09375
Sub_09lux 25.1,134,70.3125,91.40625,21.09375
Sub_09lux 25.1,135,70.3125,70.3125,0.0
Sub_09lux 25.1,136,70.3125,70.3125,0.0
Sub_09lux 25.1,137,70.3125,70.3125,0.0
Sub_09lux 25.1,138,70.3125,70.3125,0.0
Sub_09lux 25.1,139,70.3125,70.3125,0.0
Sub_09lux 25.1,140,70.3125,70.3125,0.0
Sub_09lux 25.1,141,70.3125,70.3125,0.0
Sub_09lux 25.1,142,70.3125,63.28125,-7.03125
Sub_09lux 25.1,143,70.3125,70.3125,0.0
Sub_09lux 25.1,144,70.3125,70.3125,0.0
Sub_09lux 25.1,145,70.3125,63.28125,-7.03125
Sub_09lux 25.1,146,70.3125,70.3125,0.0
Sub_09lux 25.1,147,70.3125,70.3125,0.0
Sub_09lux 25.1,148,70.3125,70.3125,0.0
Sub_09lux 25.1,149,70.3125,70.3125,0.0
Sub_09lux 25.1,150,70.3125,70.3125,0.0
Sub_09lux 25.1,151,77.34375,70.3125,-7.03125
Sub_09lux 25.1,152,77.34375,70.3125,-7.03125
Sub_09lux 25.1,153,77.34375,77.34375,0.0
Sub_09lux 39.8,0,84.375,84.375,0.0
Sub_09lux 39.8,1,84.375,84.375,0.0
Sub_09lux 39.8,2,84.375,84.375,0.0
Sub_09lux 39.8,3,84.375,84.375,0.0
Sub_09lux 39.8,4,84.375,84.375,0.0
Sub_09lux 39.8,5,84.375,84.375,0.0
Sub_09lux 39.8,6,84.375,84.375,0.0
Sub_09lux 39.8,7,84.375,84.375,0.0
Sub_09lux 39.8,8,84.375,77.34375,-7.03125
Sub_09lux 39.8,9,84.375,84.375,0.0
Sub_09lux 39.8,10,84.375,84.375,0.0
Sub_09lux 39.8,11,84.375,84.375,0.0
Sub_09lux 39.8,12,84.375,84.375,0.0
Sub_09lux 39.8,13,84.375,84.375,0.0
Sub_09lux 39.8,14,84.375,84.375,0.0
Sub_09lux 39.8,15,84.375,84.375,0.0
Sub_09lux 39.8,16,84.375,84.375,0.0
Sub_09lux 39.8,17,84.375,84.375,0.0
Sub_09lux 39.8,18,84.375,84.375,0.0
Sub_09lux 39.8,19,84.375,84.375,0.0
Sub_09lux 39.8,20,84.375,84.375,0.0
Sub_09lux 39.8,21,84.375,84.375,0.0
Sub_09lux 39.8,22,84.375,84.375,0.0
Sub_09lux 39.8,23,84.375,84.375,0.0
Sub_09lux 39.8,24,84.375,84.375,0.0
Sub_09lux 39.8,25,84.375,84.375,0.0
Sub_09lux 39.8,26,84.375,84.375,0.0
Sub_09lux 39.8,27,84.375,84.375,0.0
Sub_09lux 39.8,28,84.375,84.375,0.0
Sub_09lux 39.8,29,84.375,84.375,0.0
Sub_09lux 39.8,30,84.375,84.375,0.0
Sub_09lux 39.8,31,84.375,84.375,0.0
Sub_09lux 39.8,32,84.375,84.375,0.0
Sub_09lux 39.8,33,84.375,84.375,0.0
Sub_09lux 39.8,34,84.375,84.375,0.0
Sub_09lux 39.8,35,84.375,84.375,0.0
Sub_09lux 39.8,36,84.375,84.375,0.0
Sub_09lux 39.8,37,84.375,84.375,0.0
Sub_09lux 39.8,38,84.375,84.375,0.0
Sub_09lux 39.8,39,84.375,84.375,0.0
Sub_09lux 39.8,40,84.375,84.375,0.0
Sub_09lux 39.8,41,84.375,84.375,0.0
Sub_09lux 39.8,42,84.375,84.375,0.0
Sub_09lux 39.8,43,84.375,84.375,0.0
Sub_09lux 39.8,44,84.375,84.375,0.0
Sub_09lux 39.8,45,84.375,84.375,0.0
Sub_09lux 39.8,46,84.375,84.375,0.0
Sub_09lux 39.8,47,84.375,84.375,0.0
Sub_09lux 39.8,48,84.375,84.375,0.0
Sub_09lux 39.8,49,84.375,84.375,0.0
Sub_09lux 39.8,50,84.375,84.375,0.0
Sub_09lux 39.8,51,84.375,84.375,0.0
Sub_09lux 39.8,52,84.375,84.375,0.0
Sub_09lux 39.8,53,84.375,84.375,0.0
Sub_09lux 39.8,54,84.375,84.375,0.0
Sub_09lux 39.8,55,84.375,84.375,0.0
Sub_09lux 39.8,56,84.375,84.375,0.0
Sub_09lux 39.8,57,84.375,84.375,0.0
Sub_09lux 39.8,58,84.375,84.375,0.0
Sub_09lux 39.8,59,84.375,84.375,0.0
Sub_09lux 39.8,60,84.375,84.375,0.0
Sub_09lux 39.8,61,84.375,84.375,0.0
Sub_09lux 39.8,62,84.375,84.375,0.0
Sub_09lux 39.8,63,84.375,84.375,0.0
Sub_09lux 39.8,64,84.375,84.375,0.0
Sub_09lux 39.8,65,84.375,84.375,0.0
Sub_09lux 39.8,66,84.375,84.375,0.0
Sub_09lux 39.8,67,84.375,84.375,0.0
Sub_09lux 39.8,68,84.375,84.375,0.0
Sub_09lux 39.8,69,84.375,84.375,0.0
Sub_09lux 39.8,70,84.375,84.375,0.0
Sub_09lux 39.8,71,84.375,84.375,0.0
Sub_09lux 39.8,72,84.375,84.375,0.0
Sub_09lux 39.8,73,84.375,84.375,0.0
Sub_09lux 39.8,74,84.375,84.375,0.0
Sub_09lux 39.8,75,84.375,84.375,0.0
Sub_09lux 39.8,76,84.375,84.375,0.0
Sub_09lux 39.8,77,84.375,84.375,0.0
Sub_09lux 39.8,78,84.375,84.375,0.0
Sub_09lux 39.8,79,84.375,84.375,0.0
Sub_09lux 39.8,80,84.375,84.375,0.0
Sub_09lux 39.8,81,84.375,84.375,0.0
Sub_09lux 39.8,82,84.375,84.375,0.0
Sub_09lux 39.8,83,84.375,84.375,0.0
Sub_09lux 39.8,84,84.375,84.375,0.0
Sub_09lux 39.8,85,84.375,84.375,0.0
Sub_09lux 39.8,86,84.375,84.375,0.0
Sub_09lux 39.8,87,84.375,84.375,0.0
Sub_09lux 39.8,88,84.375,84.375,0.0
Sub_09lux 39.8,89,84.375,84.375,0.0
Sub_09lux 39.8,90,84.375,84.375,0.0
Sub_09lux 39.8,91,84.375,84.375,0.0
Sub_09lux 39.8,92,84.375,84.375,0.0
Sub_09lux 39.8,93,84.375,84.375,0.0
Sub_09lux 39.8,94,84.375,84.375,0.0
Sub_09lux 39.8,95,84.375,84.375,0.0
Sub_09lux 39.8,96,84.375,84.375,0.0
Sub_09lux 39.8,97,84.375,84.375,0.0
Sub_09lux 39.8,98,84.375,84.375,0.0
Sub_09lux 39.8,99,84.375,84.375,0.0
Sub_09lux 39.8,100,84.375,84.375,0.0
Sub_09lux 39.8,101,84.375,84.375,0.0
Sub_09lux 39.8,102,84.375,84.375,0.0
Sub_09lux 39.8,103,84.375,84.375,0.0
Sub_09lux 39.8,104,84.375,84.375,0.0
Sub_09lux 39.8,105,84.375,84.375,0.0
Sub_09lux 39.8,106,84.375,84.375,0.0
Sub_09lux 39.8,107,84.375,84.375,0.0
Sub_09lux 39.8,108,84.375,84.375,0.0
Sub_09lux 39.8,109,84.375,84.375,0.0
Sub_09lux 39.8,110,84.375,84.375,0.0
Sub_09lux 39.8,111,84.375,84.375,0.0
Sub_09lux 39.8,112,84.375,84.375,0.0
Sub_09lux 39.8,113,84.375,84.375,0.0
Sub_09lux 39.8,114,84.375,84.375,0.0
Sub_09lux 39.8,115,84.375,84.375,0.0
Sub_09lux 39.8,116,84.375,84.375,0.0
Sub_09lux 39.8,117,84.375,84.375,0.0
Sub_09lux 39.8,118,84.375,84.375,0.0
Sub_09lux 39.8,119,84.375,84.375,0.0
Sub_09lux 39.8,120,84.375,84.375,0.0
Sub_09lux 39.8,121,84.375,84.375,0.0
Sub_09lux 39.8,122,84.375,84.375,0.0
Sub_09lux 39.8,123,84.375,84.375,0.0
Sub_09lux 39.8,124,84.375,84.375,0.0
Sub_09lux 39.8,125,84.375,84.375,0.0
Sub_09lux 39.8,126,84.375,84.375,0.0
Sub_09lux 39.8,127,84.375,84.375,0.0
Sub_09lux 39.8,128,84.375,84.375,0.0
Sub_09lux 39.8,129,84.375,84.375,0.0
Sub_09lux 39.8,130,84.375,84.375,0.0
Sub_09lux 39.8,131,84.375,84.375,0.0
Sub_09lux 39.8,132,84.375,84.375,0.0
Sub_09lux 39.8,133,84.375,84.375,0.0
Sub_09lux 39.8,134,84.375,84.375,0.0
Sub_09lux 39.8,135,84.375,84.375,0.0
Sub_09lux 39.8,136,84.375,84.375,0.0
Sub_09lux 39.8,137,84.375,84.375,0.0
Sub_09lux 39.8,138,84.375,84.375,0.0
Sub_09lux 39.8,139,84.375,84.375,0.0
Sub_09lux 39.8,140,84.375,84.375,0.0
Sub_09lux 39.8,141,84.375,84.375,0.0
Sub_09lux 39.8,142,77.34375,77.34375,0.0
Sub_09lux 39.8,143,77.34375,77.34375,0.0
Sub_09lux 39.8,144,77.34375,77.34375,0.0
Sub_09lux 39.8,145,77.34375,77.34375,0.0
Sub_09lux 39.8,146,77.34375,77.34375,0.0
Sub_09lux 39.8,147,77.34375,77.34375,0.0
Sub_09lux 39.8,148,77.34375,77.34375,0.0
Sub_09lux 39.8,149,77.34375,77.34375,0.0
Sub_09lux 39.8,150,84.375,77.34375,-7.03125
Sub_09lux 39.8,151,84.375,77.34375,-7.03125
Sub_09lux 39.8,152,84.375,77.34375,-7.03125
Sub_09lux 39.8,153,84.375,77.34375,-7.03125
Sub_09lux 63.1,0,84.375,84.375,0.0
Sub_09lux 63.1,1,84.375,84.375,0.0
Sub_09lux 63.1,2,84.375,84.375,0.0
Sub_09lux 63.1,3,84.375,84.375,0.0
Sub_09lux 63.1,4,84.375,77.34375,-7.03125
Sub_09lux 63.1,5,84.375,77.34375,-7.03125
Sub_09lux 63.1,6,84.375,77.34375,-7.03125
Sub_09lux 63.1,7,84.375,77.34375,-7.03125
Sub_09lux 63.1,8,84.375,77.34375,-7.03125
Sub_09lux 63.1,9,84.375,77.34375,-7.03125
Sub_09lux 63.1,10,84.375,77.34375,-7.03125
Sub_09lux 63.1,11,84.375,84.375,0.0
Sub_09lux 63.1,12,84.375,84.375,0.0
Sub_09lux 63.1,13,84.375,84.375,0.0
Sub_09lux 63.1,14,84.375,84.375,0.0
Sub_09lux 63.1,15,84.375,84.375,0.0
Sub_09lux 63.1,16,84.375,84.375,0.0
Sub_09lux 63.1,17,84.375,84.375,0.0
Sub_09lux 63.1,18,84.375,84.375,0.0
Sub_09lux 63.1,19,84.375,84.375,0.0
Sub_09lux 63.1,20,84.375,84.375,0.0
Sub_09lux 63.1,21,84.375,84.375,0.0
Sub_09lux 63.1,22,84.375,84.375,0.0
Sub_09lux 63.1,23,84.375,84.375,0.0
Sub_09lux 63.1,24,84.375,84.375,0.0
Sub_09lux 63.1,25,84.375,84.375,0.0
Sub_09lux 63.1,26,84.375,84.375,0.0
Sub_09lux 63.1,27,91.40625,84.375,-7.03125
Sub_09lux 63.1,28,91.40625,84.375,-7.03125
Sub_09lux 63.1,29,91.40625,84.375,-7.03125
Sub_09lux 63.1,30,91.40625,84.375,-7.03125
Sub_09lux 63.1,31,84.375,84.375,0.0
Sub_09lux 63.1,32,84.375,84.375,0.0
Sub_09lux 63.1,33,84.375,84.375,0.0
Sub_09lux 63.1,34,84.375,84.375,0.0
Sub_09lux 63.1,35,84.375,84.375,0.0
Sub_09lux 63.1,36,84.375,84.375,0.0
Sub_09lux 63.1,37,84.375,84.375,0.0
Sub_09lux 63.1,38,84.375,84.375,0.0
Sub_09lux 63.1,39,84.375,84.375,0.0
Sub_09lux 63.1,40,84.375,77.34375,-7.03125
Sub_09lux 63.1,41,84.375,77.34375,-7.03125
Sub_09lux 63.1,42,84.375,77.34375,-7.03125
Sub_09lux 63.1,43,84.375,77.34375,-7.03125
Sub_09lux 63.1,44,84.375,77.34375,-7.03125
Sub_09lux 63.1,45,84.375,77.34375,-7.03125
Sub_09lux 63.1,46,84.375,77.34375,-7.03125
Sub_09lux 63.1,47,84.375,77.34375,-7.03125
Sub_09lux 63.1,48,84.375,77.34375,-7.03125
Sub_09lux 63.1,49,84.375,77.34375,-7.03125
Sub_09lux 63.1,50,84.375,91.40625,7.03125
Sub_09lux 63.1,51,84.375,91.40625,7.03125
Sub_09lux 63.1,52,84.375,91.40625,7.03125
Sub_09lux 63.1,53,84.375,91.40625,7.03125
Sub_09lux 63.1,54,84.375,91.40625,7.03125
Sub_09lux 63.1,55,84.375,84.375,0.0
Sub_09lux 63.1,56,84.375,84.375,0.0
Sub_09lux 63.1,57,84.375,84.375,0.0
Sub_09lux 63.1,58,84.375,84.375,0.0
Sub_09lux 63.1,59,84.375,84.375,0.0
Sub_09lux 63.1,60,84.375,84.375,0.0
Sub_09lux 63.1,61,84.375,84.375,0.0
Sub_09lux 63.1,62,84.375,84.375,0.0
Sub_09lux 63.1,63,84.375,84.375,0.0
Sub_09lux 63.1,64,84.375,84.375,0.0
Sub_09lux 63.1,65,84.375,84.375,0.0
Sub_09lux 63.1,66,84.375,84.375,0.0
Sub_09lux 63.1,67,84.375,84.375,0.0
Sub_09lux 63.1,68,84.375,84.375,0.0
Sub_09lux 63.1,69,84.375,84.375,0.0
Sub_09lux 63.1,70,84.375,84.375,0.0
Sub_09lux 63.1,71,84.375,84.375,0.0
Sub_09lux 63.1,72,84.375,84.375,0.0
Sub_09lux 63.1,73,84.375,77.34375,-7.03125
Sub_09lux 63.1,74,84.375,77.34375,-7.03125
Sub_09lux 63.1,75,84.375,77.34375,-7.03125
Sub_09lux 63.1,76,84.375,77.34375,-7.03125
Sub_09lux 63.1,77,84.375,77.34375,-7.03125
Sub_09lux 63.1,78,84.375,77.34375,-7.03125
Sub_09lux 63.1,79,84.375,77.34375,-7.03125
Sub_09lux 63.1,80,84.375,77.34375,-7.03125
Sub_09lux 63.1,81,84.375,77.34375,-7.03125
Sub_09lux 63.1,82,84.375,77.34375,-7.03125
Sub_09lux 63.1,83,84.375,77.34375,-7.03125
Sub_09lux 63.1,84,84.375,77.34375,-7.03125
Sub_09lux 63.1,85,84.375,77.34375,-7.03125
Sub_09lux 63.1,86,84.375,77.34375,-7.03125
Sub_09lux 63.1,87,84.375,77.34375,-7.03125
Sub_09lux 63.1,88,84.375,84.375,0.0
Sub_09lux 63.1,89,84.375,84.375,0.0
Sub_09lux 63.1,90,84.375,84.375,0.0
Sub_09lux 63.1,91,84.375,84.375,0.0
Sub_09lux 63.1,92,84.375,84.375,0.0
Sub_09lux 63.1,93,84.375,84.375,0.0
Sub_09lux 63.1,94,84.375,84.375,0.0
Sub_09lux 63.1,95,84.375,84.375,0.0
Sub_09lux 63.1,96,84.375,84.375,0.0
Sub_09lux 63.1,97,84.375,84.375,0.0
Sub_09lux 63.1,98,84.375,84.375,0.0
Sub_09lux 63.1,99,84.375,84.375,0.0
Sub_09lux 63.1,100,84.375,84.375,0.0
Sub_09lux 63.1,101,84.375,84.375,0.0
Sub_09lux 63.1,102,84.375,84.375,0.0
Sub_09lux 63.1,103,84.375,84.375,0.0
Sub_09lux 63.1,104,84.375,84.375,0.0
Sub_09lux 63.1,105,84.375,84.375,0.0
Sub_09lux 63.1,106,84.375,84.375,0.0
Sub_09lux 63.1,107,84.375,84.375,0.0
Sub_09lux 63.1,108,84.375,84.375,0.0
Sub_09lux 63.1,109,84.375,84.375,0.0
Sub_09lux 63.1,110,84.375,84.375,0.0
Sub_09lux 63.1,111,84.375,84.375,0.0
Sub_09lux 63.1,112,84.375,84.375,0.0
Sub_09lux 63.1,113,84.375,84.375,0.0
Sub_09lux 63.1,114,84.375,84.375,0.0
Sub_09lux 63.1,115,84.375,84.375,0.0
Sub_09lux 63.1,116,84.375,84.375,0.0
Sub_09lux 63.1,117,84.375,84.375,0.0
Sub_09lux 63.1,118,84.375,84.375,0.0
Sub_09lux 63.1,119,84.375,84.375,0.0
Sub_09lux 63.1,120,84.375,84.375,0.0
Sub_09lux 63.1,121,84.375,84.375,0.0
Sub_09lux 63.1,122,84.375,84.375,0.0
Sub_09lux 63.1,123,84.375,84.375,0.0
Sub_09lux 63.1,124,84.375,77.34375,-7.03125
Sub_09lux 63.1,125,84.375,84.375,0.0
Sub_09lux 63.1,126,84.375,84.375,0.0
Sub_09lux 63.1,127,84.375,84.375,0.0
Sub_09lux 63.1,128,84.375,84.375,0.0
Sub_09lux 63.1,129,84.375,84.375,0.0
Sub_09lux 63.1,130,84.375,84.375,0.0
Sub_09lux 63.1,131,84.375,84.375,0.0
Sub_09lux 63.1,132,84.375,84.375,0.0
Sub_09lux 63.1,133,84.375,77.34375,-7.03125
Sub_09lux 63.1,134,84.375,77.34375,-7.03125
Sub_09lux 63.1,135,84.375,77.34375,-7.03125
Sub_09lux 63.1,136,84.375,77.34375,-7.03125
Sub_09lux 63.1,137,84.375,77.34375,-7.03125
Sub_09lux 63.1,138,77.34375,77.34375,0.0
Sub_09lux 63.1,139,77.34375,77.34375,0.0
Sub_09lux 63.1,140,77.34375,77.34375,0.0
Sub_09lux 63.1,141,77.34375,77.34375,0.0
Sub_09lux 63.1,142,77.34375,77.34375,0.0
Sub_09lux 63.1,143,77.34375,77.34375,0.0
Sub_09lux 63.1,144,84.375,77.34375,-7.03125
Sub_09lux 63.1,145,84.375,77.34375,-7.03125
Sub_09lux 63.1,146,84.375,77.34375,-7.03125
Sub_09lux 63.1,147,84.375,77.34375,-7.03125
Sub_09lux 63.1,148,84.375,77.34375,-7.03125
Sub_09lux 63.1,149,84.375,77.34375,-7.03125
Sub_09lux 63.1,150,84.375,77.34375,-7.03125
Sub_09lux 63.1,151,84.375,77.34375,-7.03125
Sub_09lux 63.1,152,84.375,77.34375,-7.03125
Sub_09lux 63.1,153,84.375,77.34375,-7.03125
Sub_10lux 10.0,0,84.375,84.375,0.0
Sub_10lux 10.0,1,91.40625,84.375,-7.03125
Sub_10lux 10.0,2,91.40625,84.375,-7.03125
Sub_10lux 10.0,3,91.40625,84.375,-7.03125
Sub_10lux 10.0,4,91.40625,84.375,-7.03125
Sub_10lux 10.0,5,91.40625,91.40625,0.0
Sub_10lux 10.0,6,91.40625,84.375,-7.03125
Sub_10lux 10.0,7,91.40625,84.375,-7.03125
Sub_10lux 10.0,8,91.40625,84.375,-7.03125
Sub_10lux 10.0,9,91.40625,84.375,-7.03125
Sub_10lux 10.0,10,91.40625,84.375,-7.03125
Sub_10lux 10.0,11,91.40625,84.375,-7.03125
Sub_10lux 10.0,12,91.40625,84.375,-7.03125
Sub_10lux 10.0,13,91.40625,84.375,-7.03125
Sub_10lux 10.0,14,91.40625,84.375,-7.03125
Sub_10lux 10.0,15,91.40625,91.40625,0.0
Sub_10lux 10.0,16,91.40625,84.375,-7.03125
Sub_10lux 10.0,17,91.40625,91.40625,0.0
Sub_10lux 10.0,18,91.40625,84.375,-7.03125
Sub_10lux 10.0,19,91.40625,84.375,-7.03125
Sub_10lux 10.0,20,91.40625,84.375,-7.03125
Sub_10lux 10.0,21,91.40625,84.375,-7.03125
Sub_10lux 10.0,22,91.40625,91.40625,0.0
Sub_10lux 10.0,23,91.40625,91.40625,0.0
Sub_10lux 10.0,24,91.40625,91.40625,0.0
Sub_10lux 10.0,25,91.40625,91.40625,0.0
Sub_10lux 10.0,26,91.40625,91.40625,0.0
Sub_10lux 10.0,27,91.40625,91.40625,0.0
Sub_10lux 10.0,28,91.40625,91.40625,0.0
Sub_10lux 10.0,29,91.40625,91.40625,0.0
Sub_10lux 10.0,30,91.40625,91.40625,0.0
Sub_10lux 10.0,31,91.40625,91.40625,0.0
Sub_10lux 10.0,32,91.40625,91.40625,0.0
Sub_10lux 10.0,33,91.40625,91.40625,0.0
Sub_10lux 10.0,34,91.40625,91.40625,0.0
Sub_10lux 10.0,35,91.40625,91.40625,0.0
Sub_10lux 10.0,36,91.40625,91.40625,0.0
Sub_10lux 10.0,37,91.40625,91.40625,0.0
Sub_10lux 10.0,38,91.40625,91.40625,0.0
Sub_10lux 10.0,39,91.40625,91.40625,0.0
Sub_10lux 10.0,40,91.40625,91.40625,0.0
Sub_10lux 10.0,41,91.40625,91.40625,0.0
Sub_10lux 10.0,42,91.40625,91.40625,0.0
Sub_10lux 10.0,43,91.40625,84.375,-7.03125
Sub_10lux 10.0,44,91.40625,91.40625,0.0
Sub_10lux 10.0,45,91.40625,91.40625,0.0
Sub_10lux 10.0,46,91.40625,91.40625,0.0
Sub_10lux 10.0,47,91.40625,91.40625,0.0
Sub_10lux 10.0,48,91.40625,91.40625,0.0
Sub_10lux 10.0,49,91.40625,91.40625,0.0
Sub_10lux 10.0,50,91.40625,91.40625,0.0
Sub_10lux 10.0,51,91.40625,84.375,-7.03125
Sub_10lux 10.0,52,91.40625,91.40625,0.0
Sub_10lux 10.0,53,91.40625,91.40625,0.0
Sub_10lux 10.0,54,91.40625,91.40625,0.0
Sub_10lux 10.0,55,91.40625,91.40625,0.0
Sub_10lux 10.0,56,91.40625,91.40625,0.0
Sub_10lux 10.0,57,91.40625,91.40625,0.0
Sub_10lux 10.0,58,91.40625,91.40625,0.0
Sub_10lux 10.0,59,91.40625,91.40625,0.0
Sub_10lux 10.0,60,91.40625,91.40625,0.0
Sub_10lux 10.0,61,91.40625,91.40625,0.0
Sub_10lux 10.0,62,91.40625,91.40625,0.0
Sub_10lux 10.0,63,91.40625,91.40625,0.0
Sub_10lux 10.0,64,91.40625,91.40625,0.0
Sub_10lux 10.0,65,91.40625,91.40625,0.0
Sub_10lux 10.0,66,91.40625,91.40625,0.0
Sub_10lux 10.0,67,91.40625,98.4375,7.03125
Sub_10lux 10.0,68,91.40625,91.40625,0.0
Sub_10lux 10.0,69,91.40625,84.375,-7.03125
Sub_10lux 10.0,70,91.40625,77.34375,-14.0625
Sub_10lux 10.0,71,91.40625,84.375,-7.03125
Sub_10lux 10.0,72,91.40625,84.375,-7.03125
Sub_10lux 10.0,73,91.40625,84.375,-7.03125
Sub_10lux 10.0,74,91.40625,84.375,-7.03125
Sub_10lux 10.0,75,91.40625,84.375,-7.03125
Sub_10lux 10.0,76,91.40625,84.375,-7.03125
Sub_10lux 10.0,77,91.40625,84.375,-7.03125
Sub_10lux 10.0,78,91.40625,84.375,-7.03125
Sub_10lux 10.0,79,91.40625,84.375,-7.03125
Sub_10lux 10.0,80,91.40625,84.375,-7.03125
Sub_10lux 10.0,81,91.40625,84.375,-7.03125
Sub_10lux 10.0,82,91.40625,84.375,-7.03125
Sub_10lux 10.0,83,91.40625,84.375,-7.03125
Sub_10lux 10.0,84,91.40625,84.375,-7.03125
Sub_10lux 10.0,85,91.40625,84.375,-7.03125
Sub_10lux 10.0,86,91.40625,84.375,-7.03125
Sub_10lux 10.0,87,91.40625,84.375,-7.03125
Sub_10lux 10.0,88,91.40625,84.375,-7.03125
Sub_10lux 10.0,89,84.375,84.375,0.0
Sub_10lux 10.0,90,84.375,84.375,0.0
Sub_10lux 10.0,91,84.375,84.375,0.0
Sub_10lux 10.0,92,84.375,84.375,0.0
Sub_10lux 10.0,93,84.375,84.375,0.0
Sub_10lux 10.0,94,84.375,84.375,0.0
Sub_10lux 10.0,95,84.375,84.375,0.0
Sub_10lux 10.0,96,84.375,84.375,0.0
Sub_10lux 10.0,97,84.375,84.375,0.0
Sub_10lux 10.0,98,84.375,84.375,0.0
Sub_10lux 10.0,99,84.375,70.3125,-14.0625
Sub_10lux 10.0,100,84.375,84.375,0.0
Sub_10lux 10.0,101,84.375,84.375,0.0
Sub_10lux 10.0,102,84.375,84.375,0.0
Sub_10lux 10.0,103,84.375,84.375,0.0
Sub_10lux 10.0,104,84.375,70.3125,-14.0625
Sub_10lux 10.0,105,84.375,84.375,0.0
Sub_10lux 10.0,106,84.375,77.34375,-7.03125
Sub_10lux 10.0,107,84.375,70.3125,-14.0625
Sub_10lux 10.0,108,84.375,77.34375,-7.03125
Sub_10lux 10.0,109,84.375,77.34375,-7.03125
Sub_10lux 10.0,110,84.375,77.34375,-7.03125
Sub_10lux 10.0,111,84.375,77.34375,-7.03125
Sub_10lux 10.0,112,84.375,77.34375,-7.03125
Sub_10lux 10.0,113,84.375,77.34375,-7.03125
Sub_10lux 10.0,114,84.375,84.375,0.0
Sub_10lux 10.0,115,91.40625,105.46875,14.0625
Sub_10lux 10.0,116,91.40625,84.375,-7.03125
Sub_10lux 10.0,117,91.40625,77.34375,-14.0625
Sub_10lux 10.0,118,91.40625,84.375,-7.03125
Sub_10lux 10.0,119,91.40625,112.5,21.09375
Sub_10lux 10.0,120,91.40625,84.375,-7.03125
Sub_10lux 10.0,121,91.40625,84.375,-7.03125
Sub_10lux 10.0,122,91.40625,84.375,-7.03125
Sub_10lux 10.0,123,91.40625,105.46875,14.0625
Sub_10lux 10.0,124,91.40625,84.375,-7.03125
Sub_10lux 10.0,125,91.40625,91.40625,0.0
Sub_10lux 10.0,126,91.40625,91.40625,0.0
Sub_10lux 10.0,127,91.40625,98.4375,7.03125
Sub_10lux 10.0,128,91.40625,91.40625,0.0
Sub_10lux 10.0,129,91.40625,91.40625,0.0
Sub_10lux 10.0,130,91.40625,84.375,-7.03125
Sub_10lux 10.0,131,91.40625,91.40625,0.0
Sub_10lux 10.0,132,91.40625,84.375,-7.03125
Sub_10lux 10.0,133,84.375,77.34375,-7.03125
Sub_10lux 10.0,134,84.375,63.28125,-21.09375
Sub_10lux 10.0,135,84.375,63.28125,-21.09375
Sub_10lux 10.0,136,84.375,91.40625,7.03125
Sub_10lux 10.0,137,84.375,63.28125,-21.09375
Sub_10lux 10.0,138,84.375,98.4375,14.0625
Sub_10lux 10.0,139,84.375,84.375,0.0
Sub_10lux 10.0,140,84.375,84.375,0.0
Sub_10lux 10.0,141,84.375,84.375,0.0
Sub_10lux 10.0,142,84.375,84.375,0.0
Sub_10lux 10.0,143,84.375,84.375,0.0
Sub_10lux 10.0,144,84.375,84.375,0.0
Sub_10lux 10.0,145,84.375,84.375,0.0
Sub_10lux 10.0,146,84.375,84.375,0.0
Sub_10lux 10.0,147,84.375,84.375,0.0
Sub_10lux 10.0,148,84.375,84.375,0.0
Sub_10lux 10.0,149,84.375,84.375,0.0
Sub_10lux 10.0,150,84.375,84.375,0.0
Sub_10lux 10.0,151,84.375,84.375,0.0
Sub_10lux 10.0,152,84.375,84.375,0.0
Sub_10lux 10.0,153,84.375,84.375,0.0
Sub_10lux 100.0,0,84.375,84.375,0.0
Sub_10lux 100.0,1,84.375,84.375,0.0
Sub_10lux 100.0,2,84.375,84.375,0.0
Sub_10lux 100.0,3,84.375,84.375,0.0
Sub_10lux 100.0,4,84.375,84.375,0.0
Sub_10lux 100.0,5,84.375,84.375,0.0
Sub_10lux 100.0,6,84.375,84.375,0.0
Sub_10lux 100.0,7,84.375,84.375,0.0
Sub_10lux 100.0,8,84.375,77.34375,-7.03125
Sub_10lux 100.0,9,84.375,84.375,0.0
Sub_10lux 100.0,10,84.375,84.375,0.0
Sub_10lux 100.0,11,84.375,77.34375,-7.03125
Sub_10lux 100.0,12,84.375,77.34375,-7.03125
Sub_10lux 100.0,13,84.375,77.34375,-7.03125
Sub_10lux 100.0,14,84.375,77.34375,-7.03125
Sub_10lux 100.0,15,84.375,77.34375,-7.03125
Sub_10lux 100.0,16,84.375,84.375,0.0
Sub_10lux 100.0,17,84.375,84.375,0.0
Sub_10lux 100.0,18,84.375,84.375,0.0
Sub_10lux 100.0,19,84.375,84.375,0.0
Sub_10lux 100.0,20,84.375,84.375,0.0
Sub_10lux 100.0,21,84.375,84.375,0.0
Sub_10lux 100.0,22,84.375,84.375,0.0
Sub_10lux 100.0,23,84.375,84.375,0.0
Sub_10lux 100.0,24,84.375,84.375,0.0
Sub_10lux 100.0,25,84.375,84.375,0.0
Sub_10lux 100.0,26,84.375,84.375,0.0
Sub_10lux 100.0,27,84.375,84.375,0.0
Sub_10lux 100.0,28,84.375,84.375,0.0
Sub_10lux 100.0,29,84.375,84.375,0.0
Sub_10lux 100.0,30,84.375,84.375,0.0
Sub_10lux 100.0,31,84.375,84.375,0.0
Sub_10lux 100.0,32,84.375,84.375,0.0
Sub_10lux 100.0,33,84.375,84.375,0.0
Sub_10lux 100.0,34,84.375,84.375,0.0
Sub_10lux 100.0,35,84.375,84.375,0.0
Sub_10lux 100.0,36,84.375,84.375,0.0
Sub_10lux 100.0,37,84.375,84.375,0.0
Sub_10lux 100.0,38,84.375,84.375,0.0
Sub_10lux 100.0,39,84.375,84.375,0.0
Sub_10lux 100.0,40,84.375,84.375,0.0
Sub_10lux 100.0,41,84.375,84.375,0.0
Sub_10lux 100.0,42,84.375,84.375,0.0
Sub_10lux 100.0,43,84.375,84.375,0.0
Sub_10lux 100.0,44,84.375,84.375,0.0
Sub_10lux 100.0,45,84.375,84.375,0.0
Sub_10lux 100.0,46,91.40625,84.375,-7.03125
Sub_10lux 100.0,47,91.40625,84.375,-7.03125
Sub_10lux 100.0,48,91.40625,84.375,-7.03125
Sub_10lux 100.0,49,91.40625,84.375,-7.03125
Sub_10lux 100.0,50,91.40625,84.375,-7.03125
Sub_10lux 100.0,51,91.40625,84.375,-7.03125
Sub_10lux 100.0,52,84.375,84.375,0.0
Sub_10lux 100.0,53,84.375,84.375,0.0
Sub_10lux 100.0,54,84.375,84.375,0.0
Sub_10lux 100.0,55,84.375,84.375,0.0
Sub_10lux 100.0,56,84.375,84.375,0.0
Sub_10lux 100.0,57,84.375,84.375,0.0
Sub_10lux 100.0,58,84.375,84.375,0.0
Sub_10lux 100.0,59,84.375,84.375,0.0
Sub_10lux 100.0,60,84.375,84.375,0.0
Sub_10lux 100.0,61,84.375,84.375,0.0
Sub_10lux 100.0,62,84.375,84.375,0.0
Sub_10lux 100.0,63,84.375,77.34375,-7.03125
Sub_10lux 100.0,64,77.34375,91.40625,14.0625
Sub_10lux 100.0,65,77.34375,77.34375,0.0
Sub_10lux 100.0,66,77.34375,77.34375,0.0
Sub_10lux 100.0,67,77.34375,77.34375,0.0
Sub_10lux 100.0,68,77.34375,77.34375,0.0
Sub_10lux 100.0,69,77.34375,77.34375,0.0
Sub_10lux 100.0,70,77.34375,77.34375,0.0
Sub_10lux 100.0,71,77.34375,77.34375,0.0
Sub_10lux 100.0,72,77.34375,77.34375,0.0
Sub_10lux 100.0,73,77.34375,77.34375,0.0
Sub_10lux 100.0,74,84.375,77.34375,-7.03125
Sub_10lux 100.0,75,84.375,77.34375,-7.03125
Sub_10lux 100.0,76,84.375,77.34375,-7.03125
Sub_10lux 100.0,77,84.375,77.34375,-7.03125
Sub_10lux 100.0,78,84.375,77.34375,-7.03125
Sub_10lux 100.0,79,84.375,77.34375,-7.03125
Sub_10lux 100.0,80,84.375,84.375,0.0
Sub_10lux 100.0,81,84.375,84.375,0.0
Sub_10lux 100.0,82,84.375,84.375,0.0
Sub_10lux 100.0,83,84.375,84.375,0.0
Sub_10lux 100.0,84,84.375,84.375,0.0
Sub_10lux 100.0,85,91.40625,84.375,-7.03125
Sub_10lux 100.0,86,91.40625,84.375,-7.03125
Sub_10lux 100.0,87,91.40625,84.375,-7.03125
Sub_10lux 100.0,88,91.40625,84.375,-7.03125
Sub_10lux 100.0,89,91.40625,84.375,-7.03125
Sub_10lux 100.0,90,91.40625,84.375,-7.03125
Sub_10lux 100.0,91,91.40625,84.375,-7.03125
Sub_10lux 100.0,92,91.40625,84.375,-7.03125
Sub_10lux 100.0,93,91.40625,84.375,-7.03125
Sub_10lux 100.0,94,91.40625,84.375,-7.03125
Sub_10lux 100.0,95,91.40625,84.375,-7.03125
Sub_10lux 100.0,96,91.40625,84.375,-7.03125
Sub_10lux 100.0,97,91.40625,84.375,-7.03125
Sub_10lux 100.0,98,91.40625,84.375,-7.03125
Sub_10lux 100.0,99,91.40625,84.375,-7.03125
Sub_10lux 100.0,100,91.40625,84.375,-7.03125
Sub_10lux 100.0,101,84.375,84.375,0.0
Sub_10lux 100.0,102,84.375,84.375,0.0
Sub_10lux 100.0,103,84.375,84.375,0.0
Sub_10lux 100.0,104,84.375,84.375,0.0
Sub_10lux 100.0,105,84.375,84.375,0.0
Sub_10lux 100.0,106,84.375,84.375,0.0
Sub_10lux 100.0,107,84.375,84.375,0.0
Sub_10lux 100.0,108,84.375,84.375,0.0
Sub_10lux 100.0,109,84.375,84.375,0.0
Sub_10lux 100.0,110,84.375,84.375,0.0
Sub_10lux 100.0,111,84.375,84.375,0.0
Sub_10lux 100.0,112,84.375,84.375,0.0
Sub_10lux 100.0,113,84.375,84.375,0.0
Sub_10lux 100.0,114,84.375,84.375,0.0
Sub_10lux 100.0,115,84.375,84.375,0.0
Sub_10lux 100.0,116,84.375,84.375,0.0
Sub_10lux 100.0,117,84.375,84.375,0.0
Sub_10lux 100.0,118,84.375,84.375,0.0
Sub_10lux 100.0,119,84.375,84.375,0.0
Sub_10lux 100.0,120,84.375,84.375,0.0
Sub_10lux 100.0,121,84.375,84.375,0.0
Sub_10lux 100.0,122,84.375,84.375,0.0
Sub_10lux 100.0,123,84.375,84.375,0.0
Sub_10lux 100.0,124,84.375,84.375,0.0
Sub_10lux 100.0,125,84.375,84.375,0.0
Sub_10lux 100.0,126,84.375,84.375,0.0
Sub_10lux 100.0,127,84.375,84.375,0.0
Sub_10lux 100.0,128,84.375,77.34375,-7.03125
Sub_10lux 100.0,129,84.375,84.375,0.0
Sub_10lux 100.0,130,84.375,77.34375,-7.03125
Sub_10lux 100.0,131,84.375,77.34375,-7.03125
Sub_10lux 100.0,132,84.375,77.34375,-7.03125
Sub_10lux 100.0,133,84.375,77.34375,-7.03125
Sub_10lux 100.0,134,84.375,77.34375,-7.03125
Sub_10lux 100.0,135,84.375,77.34375,-7.03125
Sub_10lux 100.0,136,84.375,77.34375,-7.03125
Sub_10lux 100.0,137,84.375,77.34375,-7.03125
Sub_10lux 100.0,138,84.375,77.34375,-7.03125
Sub_10lux 100.0,139,84.375,77.34375,-7.03125
Sub_10lux 100.0,140,84.375,77.34375,-7.03125
Sub_10lux 100.0,141,84.375,77.34375,-7.03125
Sub_10lux 100.0,142,84.375,84.375,0.0
Sub_10lux 100.0,143,84.375,84.375,0.0
Sub_10lux 100.0,144,84.375,84.375,0.0
Sub_10lux 100.0,145,84.375,84.375,0.0
Sub_10lux 100.0,146,84.375,84.375,0.0
Sub_10lux 100.0,147,84.375,84.375,0.0
Sub_10lux 100.0,148,84.375,84.375,0.0
Sub_10lux 100.0,149,84.375,84.375,0.0
Sub_10lux 100.0,150,84.375,84.375,0.0
Sub_10lux 100.0,151,84.375,84.375,0.0
Sub_10lux 100.0,152,84.375,84.375,0.0
Sub_10lux 100.0,153,84.375,84.375,0.0
Sub_10lux 15.8,0,77.34375,77.34375,0.0
Sub_10lux 15.8,1,77.34375,77.34375,0.0
Sub_10lux 15.8,2,77.34375,77.34375,0.0
Sub_10lux 15.8,3,77.34375,77.34375,0.0
Sub_10lux 15.8,4,77.34375,77.34375,0.0
Sub_10lux 15.8,5,77.34375,77.34375,0.0
Sub_10lux 15.8,6,77.34375,77.34375,0.0
Sub_10lux 15.8,7,77.34375,77.34375,0.0
Sub_10lux 15.8,8,77.34375,77.34375,0.0
Sub_10lux 15.8,9,77.34375,77.34375,0.0
Sub_10lux 15.8,10,77.34375,77.34375,0.0
Sub_10lux 15.8,11,77.34375,77.34375,0.0
Sub_10lux 15.8,12,77.34375,77.34375,0.0
Sub_10lux 15.8,13,77.34375,77.34375,0.0
Sub_10lux 15.8,14,77.34375,77.34375,0.0
Sub_10lux 15.8,15,77.34375,77.34375,0.0
Sub_10lux 15.8,16,77.34375,77.34375,0.0
Sub_10lux 15.8,17,84.375,77.34375,-7.03125
Sub_10lux 15.8,18,84.375,77.34375,-7.03125
Sub_10lux 15.8,19,84.375,77.34375,-7.03125
Sub_10lux 15.8,20,84.375,77.34375,-7.03125
Sub_10lux 15.8,21,84.375,77.34375,-7.03125
Sub_10lux 15.8,22,84.375,77.34375,-7.03125
Sub_10lux 15.8,23,84.375,77.34375,-7.03125
Sub_10lux 15.8,24,84.375,77.34375,-7.03125
Sub_10lux 15.8,25,84.375,77.34375,-7.03125
Sub_10lux 15.8,26,84.375,77.34375,-7.03125
Sub_10lux 15.8,27,84.375,77.34375,-7.03125
Sub_10lux 15.8,28,84.375,77.34375,-7.03125
Sub_10lux 15.8,29,84.375,77.34375,-7.03125
Sub_10lux 15.8,30,77.34375,77.34375,0.0
Sub_10lux 15.8,31,77.34375,77.34375,0.0
Sub_10lux 15.8,32,77.34375,77.34375,0.0
Sub_10lux 15.8,33,77.34375,77.34375,0.0
Sub_10lux 15.8,34,77.34375,77.34375,0.0
Sub_10lux 15.8,35,77.34375,77.34375,0.0
Sub_10lux 15.8,36,77.34375,77.34375,0.0
Sub_10lux 15.8,37,77.34375,77.34375,0.0
Sub_10lux 15.8,38,77.34375,77.34375,0.0
Sub_10lux 15.8,39,77.34375,77.34375,0.0
Sub_10lux 15.8,40,77.34375,77.34375,0.0
Sub_10lux 15.8,41,77.34375,77.34375,0.0
Sub_10lux 15.8,42,77.34375,77.34375,0.0
Sub_10lux 15.8,43,77.34375,77.34375,0.0
Sub_10lux 15.8,44,77.34375,77.34375,0.0
Sub_10lux 15.8,45,77.34375,77.34375,0.0
Sub_10lux 15.8,46,77.34375,77.34375,0.0
Sub_10lux 15.8,47,77.34375,77.34375,0.0
Sub_10lux 15.8,48,77.34375,77.34375,0.0
Sub_10lux 15.8,49,77.34375,77.34375,0.0
Sub_10lux 15.8,50,77.34375,77.34375,0.0
Sub_10lux 15.8,51,77.34375,77.34375,0.0
Sub_10lux 15.8,52,77.34375,77.34375,0.0
Sub_10lux 15.8,53,77.34375,77.34375,0.0
Sub_10lux 15.8,54,77.34375,77.34375,0.0
Sub_10lux 15.8,55,77.34375,77.34375,0.0
Sub_10lux 15.8,56,77.34375,77.34375,0.0
Sub_10lux 15.8,57,77.34375,77.34375,0.0
Sub_10lux 15.8,58,77.34375,77.34375,0.0
Sub_10lux 15.8,59,77.34375,77.34375,0.0
Sub_10lux 15.8,60,77.34375,77.34375,0.0
Sub_10lux 15.8,61,77.34375,77.34375,0.0
Sub_10lux 15.8,62,77.34375,77.34375,0.0
Sub_10lux 15.8,63,77.34375,77.34375,0.0
Sub_10lux 15.8,64,77.34375,77.34375,0.0
Sub_10lux 15.8,65,77.34375,77.34375,0.0
Sub_10lux 15.8,66,77.34375,77.34375,0.0
Sub_10lux 15.8,67,77.34375,77.34375,0.0
Sub_10lux 15.8,68,77.34375,77.34375,0.0
Sub_10lux 15.8,69,84.375,77.34375,-7.03125
Sub_10lux 15.8,70,77.34375,77.34375,0.0
Sub_10lux 15.8,71,84.375,77.34375,-7.03125
Sub_10lux 15.8,72,84.375,77.34375,-7.03125
Sub_10lux 15.8,73,84.375,77.34375,-7.03125
Sub_10lux 15.8,74,84.375,77.34375,-7.03125
Sub_10lux 15.8,75,84.375,77.34375,-7.03125
Sub_10lux 15.8,76,84.375,77.34375,-7.03125
Sub_10lux 15.8,77,84.375,77.34375,-7.03125
Sub_10lux 15.8,78,84.375,77.34375,-7.03125
Sub_10lux 15.8,79,77.34375,77.34375,0.0
Sub_10lux 15.8,80,77.34375,77.34375,0.0
Sub_10lux 15.8,81,77.34375,77.34375,0.0
Sub_10lux 15.8,82,77.34375,77.34375,0.0
Sub_10lux 15.8,83,77.34375,77.34375,0.0
Sub_10lux 15.8,84,77.34375,77.34375,0.0
Sub_10lux 15.8,85,77.34375,77.34375,0.0
Sub_10lux 15.8,86,77.34375,77.34375,0.0
Sub_10lux 15.8,87,77.34375,77.34375,0.0
Sub_10lux 15.8,88,77.34375,77.34375,0.0
Sub_10lux 15.8,89,77.34375,77.34375,0.0
Sub_10lux 15.8,90,77.34375,77.34375,0.0
Sub_10lux 15.8,91,77.34375,77.34375,0.0
Sub_10lux 15.8,92,77.34375,77.34375,0.0
Sub_10lux 15.8,93,77.34375,77.34375,0.0
Sub_10lux 15.8,94,77.34375,77.34375,0.0
Sub_10lux 15.8,95,77.34375,77.34375,0.0
Sub_10lux 15.8,96,84.375,77.34375,-7.03125
Sub_10lux 15.8,97,84.375,77.34375,-7.03125
Sub_10lux 15.8,98,84.375,77.34375,-7.03125
Sub_10lux 15.8,99,84.375,77.34375,-7.03125
Sub_10lux 15.8,100,84.375,77.34375,-7.03125
Sub_10lux 15.8,101,84.375,77.34375,-7.03125
Sub_10lux 15.8,102,84.375,77.34375,-7.03125
Sub_10lux 15.8,103,84.375,77.34375,-7.03125
Sub_10lux 15.8,104,84.375,77.34375,-7.03125
Sub_10lux 15.8,105,84.375,77.34375,-7.03125
Sub_10lux 15.8,106,84.375,77.34375,-7.03125
Sub_10lux 15.8,107,84.375,77.34375,-7.03125
Sub_10lux 15.8,108,84.375,77.34375,-7.03125
Sub_10lux 15.8,109,84.375,77.34375,-7.03125
Sub_10lux 15.8,110,84.375,77.34375,-7.03125
Sub_10lux 15.8,111,84.375,77.34375,-7.03125
Sub_10lux 15.8,112,84.375,77.34375,-7.03125
Sub_10lux 15.8,113,84.375,77.34375,-7.03125
Sub_10lux 15.8,114,84.375,77.34375,-7.03125
Sub_10lux 15.8,115,84.375,77.34375,-7.03125
Sub_10lux 15.8,116,84.375,77.34375,-7.03125
Sub_10lux 15.8,117,84.375,77.34375,-7.03125
Sub_10lux 15.8,118,84.375,77.34375,-7.03125
Sub_10lux 15.8,119,77.34375,77.34375,0.0
Sub_10lux 15.8,120,77.34375,77.34375,0.0
Sub_10lux 15.8,121,77.34375,77.34375,0.0
Sub_10lux 15.8,122,77.34375,77.34375,0.0
Sub_10lux 15.8,123,77.34375,77.34375,0.0
Sub_10lux 15.8,124,77.34375,77.34375,0.0
Sub_10lux 15.8,125,77.34375,77.34375,0.0
Sub_10lux 15.8,126,77.34375,77.34375,0.0
Sub_10lux 15.8,127,77.34375,77.34375,0.0
Sub_10lux 15.8,128,77.34375,77.34375,0.0
Sub_10lux 15.8,129,77.34375,77.34375,0.0
Sub_10lux 15.8,130,77.34375,77.34375,0.0
Sub_10lux 15.8,131,77.34375,77.34375,0.0
Sub_10lux 25.1,0,84.375,84.375,0.0
Sub_10lux 25.1,1,84.375,84.375,0.0
Sub_10lux 25.1,2,84.375,84.375,0.0
Sub_10lux 25.1,3,84.375,84.375,0.0
Sub_10lux 25.1,4,84.375,84.375,0.0
Sub_10lux 25.1,5,84.375,84.375,0.0
Sub_10lux 25.1,6,84.375,84.375,0.0
Sub_10lux 25.1,7,84.375,84.375,0.0
Sub_10lux 25.1,8,84.375,77.34375,-7.03125
Sub_10lux 25.1,9,84.375,84.375,0.0
Sub_10lux 25.1,10,84.375,77.34375,-7.03125
Sub_10lux 25.1,11,84.375,77.34375,-7.03125
Sub_10lux 25.1,12,84.375,77.34375,-7.03125
Sub_10lux 25.1,13,84.375,77.34375,-7.03125
Sub_10lux 25.1,14,84.375,77.34375,-7.03125
Sub_10lux 25.1,15,84.375,77.34375,-7.03125
Sub_10lux 25.1,16,84.375,84.375,0.0
Sub_10lux 25.1,17,84.375,84.375,0.0
Sub_10lux 25.1,18,84.375,84.375,0.0
Sub_10lux 25.1,19,84.375,84.375,0.0
Sub_10lux 25.1,20,84.375,84.375,0.0
Sub_10lux 25.1,21,84.375,84.375,0.0
Sub_10lux 25.1,22,84.375,84.375,0.0
Sub_10lux 25.1,23,84.375,84.375,0.0
Sub_10lux 25.1,24,84.375,84.375,0.0
Sub_10lux 25.1,25,84.375,84.375,0.0
Sub_10lux 25.1,26,84.375,84.375,0.0
Sub_10lux 25.1,27,84.375,84.375,0.0
Sub_10lux 25.1,28,84.375,84.375,0.0
Sub_10lux 25.1,29,91.40625,84.375,-7.03125
Sub_10lux 25.1,30,91.40625,84.375,-7.03125
Sub_10lux 25.1,31,91.40625,84.375,-7.03125
Sub_10lux 25.1,32,91.40625,84.375,-7.03125
Sub_10lux 25.1,33,91.40625,84.375,-7.03125
Sub_10lux 25.1,34,91.40625,84.375,-7.03125
Sub_10lux 25.1,35,91.40625,84.375,-7.03125
Sub_10lux 25.1,36,84.375,84.375,0.0
Sub_10lux 25.1,37,84.375,84.375,0.0
Sub_10lux 25.1,38,84.375,84.375,0.0
Sub_10lux 25.1,39,84.375,84.375,0.0
Sub_10lux 25.1,40,84.375,84.375,0.0
Sub_10lux 25.1,41,84.375,84.375,0.0
Sub_10lux 25.1,42,84.375,84.375,0.0
Sub_10lux 25.1,43,84.375,84.375,0.0
Sub_10lux 25.1,44,84.375,84.375,0.0
Sub_10lux 25.1,45,84.375,84.375,0.0
Sub_10lux 25.1,46,84.375,84.375,0.0
Sub_10lux 25.1,47,84.375,84.375,0.0
Sub_10lux 25.1,48,84.375,84.375,0.0
Sub_10lux 25.1,49,84.375,84.375,0.0
Sub_10lux 25.1,50,84.375,77.34375,-7.03125
Sub_10lux 25.1,51,84.375,84.375,0.0
Sub_10lux 25.1,52,91.40625,84.375,-7.03125
Sub_10lux 25.1,53,91.40625,91.40625,0.0
Sub_10lux 25.1,54,91.40625,91.40625,0.0
Sub_10lux 25.1,55,91.40625,84.375,-7.03125
Sub_10lux 25.1,56,91.40625,84.375,-7.03125
Sub_10lux 25.1,57,91.40625,84.375,-7.03125
Sub_10lux 25.1,58,91.40625,84.375,-7.03125
Sub_10lux 25.1,59,91.40625,84.375,-7.03125
Sub_10lux 25.1,60,91.40625,84.375,-7.03125
Sub_10lux 25.1,61,91.40625,84.375,-7.03125
Sub_10lux 25.1,62,91.40625,84.375,-7.03125
Sub_10lux 25.1,63,91.40625,84.375,-7.03125
Sub_10lux 25.1,64,91.40625,91.40625,0.0
Sub_10lux 25.1,65,91.40625,84.375,-7.03125
Sub_10lux 25.1,66,91.40625,84.375,-7.03125
Sub_10lux 25.1,67,91.40625,84.375,-7.03125
Sub_10lux 25.1,68,84.375,84.375,0.0
Sub_10lux 25.1,69,84.375,84.375,0.0
Sub_10lux 25.1,70,84.375,84.375,0.0
Sub_10lux 25.1,71,84.375,84.375,0.0
Sub_10lux 25.1,72,84.375,84.375,0.0
Sub_10lux 25.1,73,84.375,84.375,0.0
Sub_10lux 25.1,74,84.375,84.375,0.0
Sub_10lux 25.1,75,84.375,84.375,0.0
Sub_10lux 25.1,76,84.375,84.375,0.0
Sub_10lux 25.1,77,84.375,84.375,0.0
Sub_10lux 25.1,78,84.375,84.375,0.0
Sub_10lux 25.1,79,84.375,84.375,0.0
Sub_10lux 25.1,80,84.375,77.34375,-7.03125
Sub_10lux 25.1,81,84.375,91.40625,7.03125
Sub_10lux 25.1,82,84.375,77.34375,-7.03125
Sub_10lux 25.1,83,84.375,77.34375,-7.03125
Sub_10lux 25.1,84,84.375,77.34375,-7.03125
Sub_10lux 25.1,85,84.375,77.34375,-7.03125
Sub_10lux 25.1,86,84.375,77.34375,-7.03125
Sub_10lux 25.1,87,84.375,77.34375,-7.03125
Sub_10lux 25.1,88,84.375,77.34375,-7.03125
Sub_10lux 25.1,89,84.375,77.34375,-7.03125
Sub_10lux 25.1,90,84.375,91.40625,7.03125
Sub_10lux 25.1,91,84.375,91.40625,7.03125
Sub_10lux 25.1,92,84.375,91.40625,7.03125
Sub_10lux 25.1,93,84.375,84.375,0.0
Sub_10lux 25.1,94,84.375,91.40625,7.03125
Sub_10lux 25.1,95,91.40625,77.34375,-14.0625
Sub_10lux 25.1,96,91.40625,84.375,-7.03125
Sub_10lux 25.1,97,91.40625,84.375,-7.03125
Sub_10lux 25.1,98,91.40625,84.375,-7.03125
Sub_10lux 25.1,99,91.40625,84.375,-7.03125
Sub_10lux 25.1,100,91.40625,84.375,-7.03125
Sub_10lux 25.1,101,91.40625,84.375,-7.03125
Sub_10lux 25.1,102,91.40625,84.375,-7.03125
Sub_10lux 25.1,103,91.40625,84.375,-7.03125
Sub_10lux 25.1,104,91.40625,84.375,-7.03125
Sub_10lux 25.1,105,91.40625,84.375,-7.03125
Sub_10lux 25.1,106,91.40625,84.375,-7.03125
Sub_10lux 25.1,107,91.40625,84.375,-7.03125
Sub_10lux 25.1,108,91.40625,84.375,-7.03125
Sub_10lux 25.1,109,91.40625,84.375,-7.03125
Sub_10lux 25.1,110,91.40625,84.375,-7.03125
Sub_10lux 25.1,111,91.40625,84.375,-7.03125
Sub_10lux 25.1,112,91.40625,84.375,-7.03125
Sub_10lux 25.1,113,91.40625,84.375,-7.03125
Sub_10lux 25.1,114,91.40625,84.375,-7.03125
Sub_10lux 25.1,115,91.40625,77.34375,-14.0625
Sub_10lux 25.1,116,91.40625,84.375,-7.03125
Sub_10lux 25.1,117,91.40625,77.34375,-14.0625
Sub_10lux 25.1,118,91.40625,77.34375,-14.0625
Sub_10lux 25.1,119,91.40625,77.34375,-14.0625
Sub_10lux 25.1,120,84.375,77.34375,-7.03125
Sub_10lux 25.1,121,84.375,77.34375,-7.03125
Sub_10lux 25.1,122,84.375,77.34375,-7.03125
Sub_10lux 25.1,123,84.375,77.34375,-7.03125
Sub_10lux 25.1,124,84.375,84.375,0.0
Sub_10lux 25.1,125,84.375,77.34375,-7.03125
Sub_10lux 25.1,126,84.375,77.34375,-7.03125
Sub_10lux 25.1,127,84.375,77.34375,-7.03125
Sub_10lux 25.1,128,84.375,77.34375,-7.03125
Sub_10lux 25.1,129,84.375,77.34375,-7.03125
Sub_10lux 25.1,130,84.375,84.375,0.0
Sub_10lux 25.1,131,84.375,77.34375,-7.03125
Sub_10lux 25.1,132,84.375,84.375,0.0
Sub_10lux 25.1,133,84.375,84.375,0.0
Sub_10lux 25.1,134,84.375,84.375,0.0
Sub_10lux 25.1,135,84.375,77.34375,-7.03125
Sub_10lux 25.1,136,84.375,84.375,0.0
Sub_10lux 25.1,137,84.375,84.375,0.0
Sub_10lux 25.1,138,84.375,84.375,0.0
Sub_10lux 25.1,139,84.375,84.375,0.0
Sub_10lux 25.1,140,84.375,84.375,0.0
Sub_10lux 25.1,141,84.375,77.34375,-7.03125
Sub_10lux 25.1,142,84.375,77.34375,-7.03125
Sub_10lux 25.1,143,84.375,84.375,0.0
Sub_10lux 25.1,144,84.375,84.375,0.0
Sub_10lux 25.1,145,84.375,77.34375,-7.03125
Sub_10lux 25.1,146,84.375,84.375,0.0
Sub_10lux 25.1,147,84.375,77.34375,-7.03125
Sub_10lux 25.1,148,84.375,84.375,0.0
Sub_10lux 25.1,149,84.375,84.375,0.0
Sub_10lux 25.1,150,84.375,84.375,0.0
Sub_10lux 25.1,151,84.375,84.375,0.0
Sub_10lux 25.1,152,84.375,77.34375,-7.03125
Sub_10lux 25.1,153,84.375,77.34375,-7.03125
Sub_10lux 39.8,0,84.375,77.34375,-7.03125
Sub_10lux 39.8,1,84.375,77.34375,-7.03125
Sub_10lux 39.8,2,84.375,84.375,0.0
Sub_10lux 39.8,3,84.375,84.375,0.0
Sub_10lux 39.8,4,84.375,84.375,0.0
Sub_10lux 39.8,5,84.375,84.375,0.0
Sub_10lux 39.8,6,84.375,84.375,0.0
Sub_10lux 39.8,7,84.375,84.375,0.0
Sub_10lux 39.8,8,84.375,84.375,0.0
Sub_10lux 39.8,9,84.375,84.375,0.0
Sub_10lux 39.8,10,84.375,84.375,0.0
Sub_10lux 39.8,11,84.375,84.375,0.0
Sub_10lux 39.8,12,84.375,84.375,0.0
Sub_10lux 39.8,13,84.375,84.375,0.0
Sub_10lux 39.8,14,84.375,84.375,0.0
Sub_10lux 39.8,15,84.375,84.375,0.0
Sub_10lux 39.8,16,84.375,84.375,0.0
Sub_10lux 39.8,17,84.375,84.375,0.0
Sub_10lux 39.8,18,84.375,84.375,0.0
Sub_10lux 39.8,19,91.40625,84.375,-7.03125
Sub_10lux 39.8,20,91.40625,84.375,-7.03125
Sub_10lux 39.8,21,91.40625,84.375,-7.03125
Sub_10lux 39.8,22,84.375,84.375,0.0
Sub_10lux 39.8,23,84.375,84.375,0.0
Sub_10lux 39.8,24,84.375,84.375,0.0
Sub_10lux 39.8,25,84.375,84.375,0.0
Sub_10lux 39.8,26,84.375,84.375,0.0
Sub_10lux 39.8,27,84.375,84.375,0.0
Sub_10lux 39.8,28,84.375,84.375,0.0
Sub_10lux 39.8,29,84.375,84.375,0.0
Sub_10lux 39.8,30,84.375,84.375,0.0
Sub_10lux 39.8,31,84.375,84.375,0.0
Sub_10lux 39.8,32,84.375,84.375,0.0
Sub_10lux 39.8,33,84.375,84.375,0.0
Sub_10lux 39.8,34,84.375,84.375,0.0
Sub_10lux 39.8,35,84.375,84.375,0.0
Sub_10lux 39.8,36,84.375,77.34375,-7.03125
Sub_10lux 39.8,37,77.34375,77.34375,0.0
Sub_10lux 39.8,38,77.34375,77.34375,0.0
Sub_10lux 39.8,39,77.34375,77.34375,0.0
Sub_10lux 39.8,40,77.34375,77.34375,0.0
Sub_10lux 39.8,41,77.34375,77.34375,0.0
Sub_10lux 39.8,42,84.375,77.34375,-7.03125
Sub_10lux 39.8,43,84.375,77.34375,-7.03125
Sub_10lux 39.8,44,84.375,77.34375,-7.03125
Sub_10lux 39.8,45,84.375,77.34375,-7.03125
Sub_10lux 39.8,46,84.375,77.34375,-7.03125
Sub_10lux 39.8,47,84.375,77.34375,-7.03125
Sub_10lux 39.8,48,84.375,77.34375,-7.03125
Sub_10lux 39.8,49,84.375,77.34375,-7.03125
Sub_10lux 39.8,50,84.375,84.375,0.0
Sub_10lux 39.8,51,84.375,84.375,0.0
Sub_10lux 39.8,52,84.375,84.375,0.0
Sub_10lux 39.8,53,84.375,84.375,0.0
Sub_10lux 39.8,54,84.375,84.375,0.0
Sub_10lux 39.8,55,84.375,84.375,0.0
Sub_10lux 39.8,56,84.375,84.375,0.0
Sub_10lux 39.8,57,84.375,84.375,0.0
Sub_10lux 39.8,58,84.375,84.375,0.0
Sub_10lux 39.8,59,84.375,84.375,0.0
Sub_10lux 39.8,60,84.375,84.375,0.0
Sub_10lux 39.8,61,84.375,84.375,0.0
Sub_10lux 39.8,62,84.375,84.375,0.0
Sub_10lux 39.8,63,84.375,84.375,0.0
Sub_10lux 39.8,64,84.375,84.375,0.0
Sub_10lux 39.8,65,84.375,84.375,0.0
Sub_10lux 39.8,66,84.375,84.375,0.0
Sub_10lux 39.8,67,84.375,84.375,0.0
Sub_10lux 39.8,68,84.375,84.375,0.0
Sub_10lux 39.8,69,84.375,84.375,0.0
Sub_10lux 39.8,70,84.375,77.34375,-7.03125
Sub_10lux 39.8,71,84.375,77.34375,-7.03125
Sub_10lux 39.8,72,84.375,77.34375,-7.03125
Sub_10lux 39.8,73,84.375,77.34375,-7.03125
Sub_10lux 39.8,74,84.375,77.34375,-7.03125
Sub_10lux 39.8,75,84.375,77.34375,-7.03125
Sub_10lux 39.8,76,84.375,77.34375,-7.03125
Sub_10lux 39.8,77,84.375,77.34375,-7.03125
Sub_10lux 39.8,78,84.375,77.34375,-7.03125
Sub_10lux 39.8,79,84.375,77.34375,-7.03125
Sub_10lux 39.8,80,84.375,77.34375,-7.03125
Sub_10lux 39.8,81,84.375,77.34375,-7.03125
Sub_10lux 39.8,82,84.375,77.34375,-7.03125
Sub_10lux 39.8,83,84.375,77.34375,-7.03125
Sub_10lux 39.8,84,84.375,77.34375,-7.03125
Sub_10lux 39.8,85,84.375,84.375,0.0
Sub_10lux 39.8,86,84.375,84.375,0.0
Sub_10lux 39.8,87,84.375,84.375,0.0
Sub_10lux 39.8,88,84.375,84.375,0.0
Sub_10lux 39.8,89,84.375,84.375,0.0
Sub_10lux 39.8,90,84.375,84.375,0.0
Sub_10lux 39.8,91,84.375,84.375,0.0
Sub_10lux 39.8,92,84.375,84.375,0.0
Sub_10lux 39.8,93,84.375,84.375,0.0
Sub_10lux 39.8,94,84.375,84.375,0.0
Sub_10lux 39.8,95,84.375,84.375,0.0
Sub_10lux 39.8,96,84.375,84.375,0.0
Sub_10lux 39.8,97,84.375,84.375,0.0
Sub_10lux 39.8,98,84.375,84.375,0.0
Sub_10lux 39.8,99,84.375,84.375,0.0
Sub_10lux 39.8,100,84.375,77.34375,-7.03125
Sub_10lux 39.8,101,84.375,77.34375,-7.03125
Sub_10lux 39.8,102,84.375,77.34375,-7.03125
Sub_10lux 39.8,103,84.375,77.34375,-7.03125
Sub_10lux 39.8,104,84.375,77.34375,-7.03125
Sub_10lux 39.8,105,84.375,77.34375,-7.03125
Sub_10lux 39.8,106,84.375,77.34375,-7.03125
Sub_10lux 39.8,107,77.34375,77.34375,0.0
Sub_10lux 39.8,108,84.375,77.34375,-7.03125
Sub_10lux 39.8,109,77.34375,77.34375,0.0
Sub_10lux 39.8,110,77.34375,77.34375,0.0
Sub_10lux 39.8,111,77.34375,77.34375,0.0
Sub_10lux 39.8,112,77.34375,77.34375,0.0
Sub_10lux 39.8,113,77.34375,77.34375,0.0
Sub_10lux 39.8,114,77.34375,77.34375,0.0
Sub_10lux 39.8,115,77.34375,77.34375,0.0
Sub_10lux 39.8,116,77.34375,77.34375,0.0
Sub_10lux 39.8,117,77.34375,77.34375,0.0
Sub_10lux 39.8,118,77.34375,77.34375,0.0
Sub_10lux 39.8,119,77.34375,77.34375,0.0
Sub_10lux 39.8,120,77.34375,77.34375,0.0
Sub_10lux 39.8,121,77.34375,77.34375,0.0
Sub_10lux 39.8,122,77.34375,77.34375,0.0
Sub_10lux 39.8,123,77.34375,77.34375,0.0
Sub_10lux 39.8,124,77.34375,77.34375,0.0
Sub_10lux 39.8,125,77.34375,77.34375,0.0
Sub_10lux 39.8,126,77.34375,77.34375,0.0
Sub_10lux 39.8,127,77.34375,77.34375,0.0
Sub_10lux 39.8,128,77.34375,77.34375,0.0
Sub_10lux 39.8,129,77.34375,77.34375,0.0
Sub_10lux 39.8,130,77.34375,77.34375,0.0
Sub_10lux 39.8,131,77.34375,77.34375,0.0
Sub_10lux 39.8,132,77.34375,77.34375,0.0
Sub_10lux 39.8,133,77.34375,77.34375,0.0
Sub_10lux 39.8,134,77.34375,77.34375,0.0
Sub_10lux 39.8,135,77.34375,77.34375,0.0
Sub_10lux 39.8,136,77.34375,77.34375,0.0
Sub_10lux 39.8,137,77.34375,77.34375,0.0
Sub_10lux 39.8,138,77.34375,77.34375,0.0
Sub_10lux 39.8,139,77.34375,77.34375,0.0
Sub_10lux 39.8,140,77.34375,77.34375,0.0
Sub_10lux 39.8,141,77.34375,77.34375,0.0
Sub_10lux 39.8,142,77.34375,77.34375,0.0
Sub_10lux 39.8,143,77.34375,77.34375,0.0
Sub_10lux 39.8,144,77.34375,77.34375,0.0
Sub_10lux 39.8,145,77.34375,77.34375,0.0
Sub_10lux 39.8,146,77.34375,77.34375,0.0
Sub_10lux 39.8,147,77.34375,70.3125,-7.03125
Sub_10lux 39.8,148,77.34375,77.34375,0.0
Sub_10lux 39.8,149,77.34375,70.3125,-7.03125
Sub_10lux 39.8,150,77.34375,70.3125,-7.03125
Sub_10lux 39.8,151,77.34375,70.3125,-7.03125
Sub_10lux 39.8,152,77.34375,70.3125,-7.03125
Sub_10lux 39.8,153,77.34375,70.3125,-7.03125
Sub_10lux 63.1,0,91.40625,84.375,-7.03125
Sub_10lux 63.1,1,91.40625,84.375,-7.03125
Sub_10lux 63.1,2,91.40625,84.375,-7.03125
Sub_10lux 63.1,3,91.40625,84.375,-7.03125
Sub_10lux 63.1,4,91.40625,84.375,-7.03125
Sub_10lux 63.1,5,91.40625,84.375,-7.03125
Sub_10lux 63.1,6,91.40625,84.375,-7.03125
Sub_10lux 63.1,7,91.40625,84.375,-7.03125
Sub_10lux 63.1,8,91.40625,84.375,-7.03125
Sub_10lux 63.1,9,91.40625,84.375,-7.03125
Sub_10lux 63.1,10,91.40625,84.375,-7.03125
Sub_10lux 63.1,11,91.40625,84.375,-7.03125
Sub_10lux 63.1,12,91.40625,84.375,-7.03125
Sub_10lux 63.1,13,91.40625,84.375,-7.03125
Sub_10lux 63.1,14,91.40625,84.375,-7.03125
Sub_10lux 63.1,15,91.40625,84.375,-7.03125
Sub_10lux 63.1,16,91.40625,84.375,-7.03125
Sub_10lux 63.1,17,91.40625,84.375,-7.03125
Sub_10lux 63.1,18,91.40625,84.375,-7.03125
Sub_10lux 63.1,19,91.40625,84.375,-7.03125
Sub_10lux 63.1,20,91.40625,91.40625,0.0
Sub_10lux 63.1,21,91.40625,91.40625,0.0
Sub_10lux 63.1,22,91.40625,91.40625,0.0
Sub_10lux 63.1,23,91.40625,91.40625,0.0
Sub_10lux 63.1,24,91.40625,91.40625,0.0
Sub_10lux 63.1,25,91.40625,91.40625,0.0
Sub_10lux 63.1,26,91.40625,91.40625,0.0
Sub_10lux 63.1,27,91.40625,91.40625,0.0
Sub_10lux 63.1,28,91.40625,91.40625,0.0
Sub_10lux 63.1,29,91.40625,91.40625,0.0
Sub_10lux 63.1,30,91.40625,91.40625,0.0
Sub_10lux 63.1,31,91.40625,91.40625,0.0
Sub_10lux 63.1,32,91.40625,91.40625,0.0
Sub_10lux 63.1,33,91.40625,91.40625,0.0
Sub_10lux 63.1,34,91.40625,91.40625,0.0
Sub_10lux 63.1,35,91.40625,91.40625,0.0
Sub_10lux 63.1,36,91.40625,91.40625,0.0
Sub_10lux 63.1,37,91.40625,91.40625,0.0
Sub_10lux 63.1,38,91.40625,91.40625,0.0
Sub_10lux 63.1,39,91.40625,91.40625,0.0
Sub_10lux 63.1,40,91.40625,91.40625,0.0
Sub_10lux 63.1,41,91.40625,91.40625,0.0
Sub_10lux 63.1,42,91.40625,91.40625,0.0
Sub_10lux 63.1,43,91.40625,84.375,-7.03125
Sub_10lux 63.1,44,91.40625,84.375,-7.03125
Sub_10lux 63.1,45,91.40625,84.375,-7.03125
Sub_10lux 63.1,46,91.40625,91.40625,0.0
Sub_10lux 63.1,47,91.40625,84.375,-7.03125
Sub_10lux 63.1,48,91.40625,84.375,-7.03125
Sub_10lux 63.1,49,91.40625,84.375,-7.03125
Sub_10lux 63.1,50,91.40625,84.375,-7.03125
Sub_10lux 63.1,51,91.40625,84.375,-7.03125
Sub_10lux 63.1,52,91.40625,91.40625,0.0
Sub_10lux 63.1,53,91.40625,91.40625,0.0
Sub_10lux 63.1,54,91.40625,91.40625,0.0
Sub_10lux 63.1,55,91.40625,91.40625,0.0
Sub_10lux 63.1,56,91.40625,91.40625,0.0
Sub_10lux 63.1,57,91.40625,91.40625,0.0
Sub_10lux 63.1,58,91.40625,91.40625,0.0
Sub_10lux 63.1,59,91.40625,91.40625,0.0
Sub_10lux 63.1,60,91.40625,91.40625,0.0
Sub_10lux 63.1,61,91.40625,91.40625,0.0
Sub_10lux 63.1,62,91.40625,91.40625,0.0
Sub_10lux 63.1,63,91.40625,91.40625,0.0
Sub_10lux 63.1,64,91.40625,91.40625,0.0
Sub_10lux 63.1,65,91.40625,91.40625,0.0
Sub_10lux 63.1,66,91.40625,91.40625,0.0
Sub_10lux 63.1,67,98.4375,91.40625,-7.03125
Sub_10lux 63.1,68,98.4375,91.40625,-7.03125
Sub_10lux 63.1,69,98.4375,91.40625,-7.03125
Sub_10lux 63.1,70,98.4375,91.40625,-7.03125
Sub_10lux 63.1,71,98.4375,91.40625,-7.03125
Sub_10lux 63.1,72,98.4375,91.40625,-7.03125
Sub_10lux 63.1,73,98.4375,91.40625,-7.03125
Sub_10lux 63.1,74,98.4375,91.40625,-7.03125
Sub_10lux 63.1,75,98.4375,91.40625,-7.03125
Sub_10lux 63.1,76,98.4375,91.40625,-7.03125
Sub_10lux 63.1,77,98.4375,91.40625,-7.03125
Sub_10lux 63.1,78,98.4375,91.40625,-7.03125
Sub_10lux 63.1,79,98.4375,91.40625,-7.03125
Sub_10lux 63.1,80,98.4375,91.40625,-7.03125
Sub_10lux 63.1,81,98.4375,91.40625,-7.03125
Sub_10lux 63.1,82,91.40625,91.40625,0.0
Sub_10lux 63.1,83,91.40625,91.40625,0.0
Sub_10lux 63.1,84,91.40625,91.40625,0.0
Sub_10lux 63.1,85,91.40625,91.40625,0.0
Sub_10lux 63.1,86,91.40625,91.40625,0.0
Sub_10lux 63.1,87,91.40625,91.40625,0.0
Sub_10lux 63.1,88,91.40625,91.40625,0.0
Sub_10lux 63.1,89,91.40625,91.40625,0.0
Sub_10lux 63.1,90,91.40625,91.40625,0.0
Sub_10lux 63.1,91,91.40625,91.40625,0.0
Sub_10lux 63.1,92,91.40625,91.40625,0.0
Sub_10lux 63.1,93,91.40625,91.40625,0.0
Sub_10lux 63.1,94,91.40625,91.40625,0.0
Sub_10lux 63.1,95,91.40625,91.40625,0.0
Sub_10lux 63.1,96,91.40625,91.40625,0.0
Sub_10lux 63.1,97,91.40625,91.40625,0.0
Sub_10lux 63.1,98,91.40625,91.40625,0.0
Sub_10lux 63.1,99,91.40625,91.40625,0.0
Sub_10lux 63.1,100,91.40625,91.40625,0.0
Sub_10lux 63.1,101,91.40625,91.40625,0.0
Sub_10lux 63.1,102,91.40625,91.40625,0.0
Sub_10lux 63.1,103,91.40625,91.40625,0.0
Sub_10lux 63.1,104,91.40625,91.40625,0.0
Sub_10lux 63.1,105,91.40625,84.375,-7.03125
Sub_10lux 63.1,106,91.40625,91.40625,0.0
Sub_10lux 63.1,107,91.40625,84.375,-7.03125
Sub_10lux 63.1,108,91.40625,84.375,-7.03125
Sub_10lux 63.1,109,91.40625,84.375,-7.03125
Sub_10lux 63.1,110,84.375,84.375,0.0
Sub_10lux 63.1,111,84.375,84.375,0.0
Sub_10lux 63.1,112,84.375,84.375,0.0
Sub_10lux 63.1,113,84.375,84.375,0.0
Sub_10lux 63.1,114,84.375,84.375,0.0
Sub_10lux 63.1,115,84.375,84.375,0.0
Sub_10lux 63.1,116,84.375,84.375,0.0
Sub_10lux 63.1,117,84.375,84.375,0.0
Sub_10lux 63.1,118,84.375,84.375,0.0
Sub_10lux 63.1,119,84.375,84.375,0.0
Sub_10lux 63.1,120,84.375,84.375,0.0
Sub_10lux 63.1,121,84.375,84.375,0.0
Sub_10lux 63.1,122,84.375,84.375,0.0
Sub_10lux 63.1,123,84.375,84.375,0.0
Sub_10lux 63.1,124,84.375,84.375,0.0
Sub_10lux 63.1,125,84.375,84.375,0.0
Sub_10lux 63.1,126,84.375,84.375,0.0
Sub_10lux 63.1,127,84.375,84.375,0.0
Sub_10lux 63.1,128,84.375,84.375,0.0
Sub_10lux 63.1,129,84.375,84.375,0.0
Sub_10lux 63.1,130,84.375,84.375,0.0
Sub_10lux 63.1,131,84.375,84.375,0.0
Sub_10lux 63.1,132,84.375,84.375,0.0
Sub_10lux 63.1,133,84.375,84.375,0.0
Sub_10lux 63.1,134,84.375,84.375,0.0
Sub_10lux 63.1,135,84.375,84.375,0.0
Sub_10lux 63.1,136,84.375,84.375,0.0
Sub_10lux 63.1,137,84.375,84.375,0.0
Sub_10lux 63.1,138,84.375,84.375,0.0
Sub_10lux 63.1,139,84.375,84.375,0.0
Sub_10lux 63.1,140,84.375,84.375,0.0
Sub_10lux 63.1,141,84.375,84.375,0.0
Sub_10lux 63.1,142,84.375,84.375,0.0
Sub_10lux 63.1,143,84.375,84.375,0.0
Sub_10lux 63.1,144,84.375,84.375,0.0
Sub_10lux 63.1,145,84.375,84.375,0.0
Sub_10lux 63.1,146,84.375,84.375,0.0
Sub_10lux 63.1,147,84.375,84.375,0.0
Sub_10lux 63.1,148,84.375,84.375,0.0
Sub_10lux 63.1,149,84.375,84.375,0.0
Sub_10lux 63.1,150,84.375,84.375,0.0
Sub_10lux 63.1,151,84.375,84.375,0.0
Sub_10lux 63.1,152,84.375,84.375,0.0
Sub_10lux 63.1,153,84.375,84.375,0.0
Sub_11lux 10.0,0,77.34375,98.4375,21.09375
Sub_11lux 10.0,1,77.34375,77.34375,0.0
Sub_11lux 10.0,2,77.34375,77.34375,0.0
Sub_11lux 10.0,3,77.34375,91.40625,14.0625
Sub_11lux 10.0,4,77.34375,77.34375,0.0
Sub_11lux 10.0,5,77.34375,91.40625,14.0625
Sub_11lux 10.0,6,77.34375,91.40625,14.0625
Sub_11lux 10.0,7,77.34375,91.40625,14.0625
Sub_11lux 10.0,8,77.34375,91.40625,14.0625
Sub_11lux 10.0,9,77.34375,91.40625,14.0625
Sub_11lux 10.0,10,77.34375,77.34375,0.0
Sub_11lux 10.0,11,77.34375,91.40625,14.0625
Sub_11lux 10.0,12,77.34375,91.40625,14.0625
Sub_11lux 10.0,13,77.34375,91.40625,14.0625
Sub_11lux 10.0,14,84.375,70.3125,-14.0625
Sub_11lux 10.0,15,84.375,91.40625,7.03125
Sub_11lux 10.0,16,84.375,84.375,0.0
Sub_11lux 10.0,17,84.375,84.375,0.0
Sub_11lux 10.0,18,84.375,84.375,0.0
Sub_11lux 10.0,19,84.375,84.375,0.0
Sub_11lux 10.0,20,84.375,84.375,0.0
Sub_11lux 10.0,21,84.375,84.375,0.0
Sub_11lux 10.0,22,84.375,63.28125,-21.09375
Sub_11lux 10.0,23,84.375,91.40625,7.03125
Sub_11lux 10.0,24,84.375,91.40625,7.03125
Sub_11lux 10.0,25,84.375,91.40625,7.03125
Sub_11lux 10.0,26,84.375,91.40625,7.03125
Sub_11lux 10.0,27,84.375,91.40625,7.03125
Sub_11lux 10.0,28,84.375,77.34375,-7.03125
Sub_11lux 10.0,29,84.375,77.34375,-7.03125
Sub_11lux 10.0,30,84.375,77.34375,-7.03125
Sub_11lux 10.0,31,84.375,91.40625,7.03125
Sub_11lux 10.0,32,77.34375,84.375,7.03125
Sub_11lux 10.0,33,77.34375,77.34375,0.0
Sub_11lux 10.0,34,77.34375,84.375,7.03125
Sub_11lux 10.0,35,77.34375,77.34375,0.0
Sub_11lux 10.0,36,77.34375,70.3125,-7.03125
Sub_11lux 10.0,37,77.34375,77.34375,0.0
Sub_11lux 10.0,38,77.34375,70.3125,-7.03125
Sub_11lux 10.0,39,77.34375,77.34375,0.0
Sub_11lux 10.0,40,77.34375,70.3125,-7.03125
Sub_11lux 10.0,41,77.34375,84.375,7.03125
Sub_11lux 10.0,42,77.34375,84.375,7.03125
Sub_11lux 10.0,43,77.34375,91.40625,14.0625
Sub_11lux 10.0,44,77.34375,84.375,7.03125
Sub_11lux 10.0,45,77.34375,84.375,7.03125
Sub_11lux 10.0,46,77.34375,84.375,7.03125
Sub_11lux 10.0,47,77.34375,84.375,7.03125
Sub_11lux 10.0,48,77.34375,77.34375,0.0
Sub_11lux 10.0,49,77.34375,84.375,7.03125
Sub_11lux 10.0,50,77.34375,77.34375,0.0
Sub_11lux 10.0,51,77.34375,77.34375,0.0
Sub_11lux 10.0,52,77.34375,77.34375,0.0
Sub_11lux 10.0,53,77.34375,77.34375,0.0
Sub_11lux 10.0,54,77.34375,77.34375,0.0
Sub_11lux 10.0,55,77.34375,77.34375,0.0
Sub_11lux 10.0,56,77.34375,77.34375,0.0
Sub_11lux 10.0,57,77.34375,77.34375,0.0
Sub_11lux 10.0,58,77.34375,77.34375,0.0
Sub_11lux 10.0,59,77.34375,77.34375,0.0
Sub_11lux 10.0,60,77.34375,77.34375,0.0
Sub_11lux 10.0,61,77.34375,98.4375,21.09375
Sub_11lux 10.0,62,77.34375,77.34375,0.0
Sub_11lux 10.0,63,77.34375,98.4375,21.09375
Sub_11lux 10.0,64,77.34375,84.375,7.03125
Sub_11lux 10.0,65,84.375,84.375,0.0
Sub_11lux 10.0,66,84.375,84.375,0.0
Sub_11lux 10.0,67,84.375,84.375,0.0
Sub_11lux 10.0,68,84.375,84.375,0.0
Sub_11lux 10.0,69,84.375,84.375,0.0
Sub_11lux 10.0,70,84.375,84.375,0.0
Sub_11lux 10.0,71,84.375,84.375,0.0
Sub_11lux 10.0,72,84.375,84.375,0.0
Sub_11lux 10.0,73,84.375,84.375,0.0
Sub_11lux 10.0,74,84.375,84.375,0.0
Sub_11lux 10.0,75,84.375,84.375,0.0
Sub_11lux 10.0,76,84.375,84.375,0.0
Sub_11lux 10.0,77,84.375,84.375,0.0
Sub_11lux 10.0,78,84.375,84.375,0.0
Sub_11lux 10.0,79,84.375,84.375,0.0
Sub_11lux 10.0,80,84.375,84.375,0.0
Sub_11lux 10.0,81,84.375,84.375,0.0
Sub_11lux 10.0,82,84.375,84.375,0.0
Sub_11lux 10.0,83,84.375,84.375,0.0
Sub_11lux 10.0,84,84.375,70.3125,-14.0625
Sub_11lux 10.0,85,84.375,84.375,0.0
Sub_11lux 10.0,86,84.375,84.375,0.0
Sub_11lux 10.0,87,84.375,84.375,0.0
Sub_11lux 10.0,88,84.375,77.34375,-7.03125
Sub_11lux 10.0,89,84.375,77.34375,-7.03125
Sub_11lux 10.0,90,84.375,77.34375,-7.03125
Sub_11lux 10.0,91,84.375,77.34375,-7.03125
Sub_11lux 10.0,92,84.375,77.34375,-7.03125
Sub_11lux 10.0,93,84.375,77.34375,-7.03125
Sub_11lux 10.0,94,84.375,77.34375,-7.03125
Sub_11lux 10.0,95,84.375,77.34375,-7.03125
Sub_11lux 10.0,96,84.375,77.34375,-7.03125
Sub_11lux 10.0,97,84.375,77.34375,-7.03125
Sub_11lux 10.0,98,84.375,77.34375,-7.03125
Sub_11lux 10.0,99,84.375,77.34375,-7.03125
Sub_11lux 10.0,100,84.375,84.375,0.0
Sub_11lux 10.0,101,84.375,84.375,0.0
Sub_11lux 10.0,102,84.375,84.375,0.0
Sub_11lux 10.0,103,84.375,84.375,0.0
Sub_11lux 10.0,104,84.375,84.375,0.0
Sub_11lux 10.0,105,84.375,84.375,0.0
Sub_11lux 10.0,106,84.375,84.375,0.0
Sub_11lux 10.0,107,84.375,98.4375,14.0625
Sub_11lux 10.0,108,84.375,84.375,0.0
Sub_11lux 10.0,109,84.375,91.40625,7.03125
Sub_11lux 10.0,110,84.375,84.375,0.0
Sub_11lux 10.0,111,84.375,91.40625,7.03125
Sub_11lux 10.0,112,84.375,84.375,0.0
Sub_11lux 10.0,113,84.375,84.375,0.0
Sub_11lux 10.0,114,84.375,77.34375,-7.03125
Sub_11lux 10.0,115,84.375,91.40625,7.03125
Sub_11lux 10.0,116,84.375,84.375,0.0
Sub_11lux 10.0,117,84.375,98.4375,14.0625
Sub_11lux 10.0,118,84.375,84.375,0.0
Sub_11lux 10.0,119,84.375,98.4375,14.0625
Sub_11lux 10.0,120,84.375,84.375,0.0
Sub_11lux 10.0,121,84.375,84.375,0.0
Sub_11lux 10.0,122,84.375,84.375,0.0
Sub_11lux 10.0,123,84.375,84.375,0.0
Sub_11lux 10.0,124,84.375,84.375,0.0
Sub_11lux 10.0,125,84.375,84.375,0.0
Sub_11lux 10.0,126,84.375,84.375,0.0
Sub_11lux 10.0,127,84.375,84.375,0.0
Sub_11lux 10.0,128,84.375,84.375,0.0
Sub_11lux 10.0,129,84.375,84.375,0.0
Sub_11lux 10.0,130,84.375,84.375,0.0
Sub_11lux 10.0,131,84.375,77.34375,-7.03125
Sub_11lux 10.0,132,84.375,91.40625,7.03125
Sub_11lux 10.0,133,84.375,84.375,0.0
Sub_11lux 10.0,134,84.375,70.3125,-14.0625
Sub_11lux 10.0,135,91.40625,84.375,-7.03125
Sub_11lux 10.0,136,91.40625,70.3125,-21.09375
Sub_11lux 10.0,137,91.40625,84.375,-7.03125
Sub_11lux 10.0,138,91.40625,84.375,-7.03125
Sub_11lux 10.0,139,91.40625,84.375,-7.03125
Sub_11lux 10.0,140,91.40625,84.375,-7.03125
Sub_11lux 10.0,141,91.40625,84.375,-7.03125
Sub_11lux 10.0,142,91.40625,84.375,-7.03125
Sub_11lux 10.0,143,91.40625,84.375,-7.03125
Sub_11lux 10.0,144,91.40625,84.375,-7.03125
Sub_11lux 10.0,145,91.40625,84.375,-7.03125
Sub_11lux 10.0,146,91.40625,84.375,-7.03125
Sub_11lux 10.0,147,91.40625,91.40625,0.0
Sub_11lux 10.0,148,91.40625,84.375,-7.03125
Sub_11lux 10.0,149,91.40625,84.375,-7.03125
Sub_11lux 10.0,150,91.40625,84.375,-7.03125
Sub_11lux 10.0,151,84.375,84.375,0.0
Sub_11lux 10.0,152,84.375,84.375,0.0
Sub_11lux 10.0,153,84.375,84.375,0.0
Sub_11lux 100.0,0,84.375,84.375,0.0
Sub_11lux 100.0,1,84.375,84.375,0.0
Sub_11lux 100.0,2,84.375,84.375,0.0
Sub_11lux 100.0,3,84.375,84.375,0.0
Sub_11lux 100.0,4,84.375,84.375,0.0
Sub_11lux 100.0,5,84.375,84.375,0.0
Sub_11lux 100.0,6,84.375,84.375,0.0
Sub_11lux 100.0,7,84.375,84.375,0.0
Sub_11lux 100.0,8,91.40625,84.375,-7.03125
Sub_11lux 100.0,9,91.40625,84.375,-7.03125
Sub_11lux 100.0,10,91.40625,84.375,-7.03125
Sub_11lux 100.0,11,91.40625,84.375,-7.03125
Sub_11lux 100.0,12,91.40625,84.375,-7.03125
Sub_11lux 100.0,13,91.40625,91.40625,0.0
Sub_11lux 100.0,14,91.40625,91.40625,0.0
Sub_11lux 100.0,15,91.40625,91.40625,0.0
Sub_11lux 100.0,16,91.40625,91.40625,0.0
Sub_11lux 100.0,17,91.40625,91.40625,0.0
Sub_11lux 100.0,18,91.40625,91.40625,0.0
Sub_11lux 100.0,19,91.40625,91.40625,0.0
Sub_11lux 100.0,20,91.40625,91.40625,0.0
Sub_11lux 100.0,21,91.40625,91.40625,0.0
Sub_11lux 100.0,22,91.40625,91.40625,0.0
Sub_11lux 100.0,23,91.40625,91.40625,0.0
Sub_11lux 100.0,24,91.40625,91.40625,0.0
Sub_11lux 100.0,25,91.40625,91.40625,0.0
Sub_11lux 100.0,26,91.40625,91.40625,0.0
Sub_11lux 100.0,27,91.40625,91.40625,0.0
Sub_11lux 100.0,28,91.40625,77.34375,-14.0625
Sub_11lux 100.0,29,91.40625,98.4375,7.03125
Sub_11lux 100.0,30,91.40625,77.34375,-14.0625
Sub_11lux 100.0,31,91.40625,77.34375,-14.0625
Sub_11lux 100.0,32,84.375,77.34375,-7.03125
Sub_11lux 100.0,33,84.375,77.34375,-7.03125
Sub_11lux 100.0,34,84.375,112.5,28.125
Sub_11lux 100.0,35,84.375,98.4375,14.0625
Sub_11lux 100.0,36,84.375,84.375,0.0
Sub_11lux 100.0,37,84.375,98.4375,14.0625
Sub_11lux 100.0,38,84.375,84.375,0.0
Sub_11lux 100.0,39,84.375,70.3125,-14.0625
Sub_11lux 100.0,40,84.375,84.375,0.0
Sub_11lux 100.0,41,84.375,70.3125,-14.0625
Sub_11lux 100.0,42,84.375,84.375,0.0
Sub_11lux 100.0,43,84.375,70.3125,-14.0625
Sub_11lux 100.0,44,84.375,84.375,0.0
Sub_11lux 100.0,45,84.375,70.3125,-14.0625
Sub_11lux 100.0,46,91.40625,84.375,-7.03125
Sub_11lux 100.0,47,91.40625,91.40625,0.0
Sub_11lux 100.0,48,91.40625,91.40625,0.0
Sub_11lux 100.0,49,91.40625,91.40625,0.0
Sub_11lux 100.0,50,91.40625,98.4375,7.03125
Sub_11lux 100.0,51,91.40625,91.40625,0.0
Sub_11lux 100.0,52,91.40625,91.40625,0.0
Sub_11lux 100.0,53,91.40625,91.40625,0.0
Sub_11lux 100.0,54,91.40625,91.40625,0.0
Sub_11lux 100.0,55,91.40625,91.40625,0.0
Sub_11lux 100.0,56,91.40625,91.40625,0.0
Sub_11lux 100.0,57,91.40625,91.40625,0.0
Sub_11lux 100.0,58,91.40625,91.40625,0.0
Sub_11lux 100.0,59,91.40625,91.40625,0.0
Sub_11lux 100.0,60,91.40625,91.40625,0.0
Sub_11lux 100.0,61,91.40625,91.40625,0.0
Sub_11lux 100.0,62,91.40625,91.40625,0.0
Sub_11lux 100.0,63,91.40625,91.40625,0.0
Sub_11lux 100.0,64,84.375,84.375,0.0
Sub_11lux 100.0,65,84.375,91.40625,7.03125
Sub_11lux 100.0,66,84.375,77.34375,-7.03125
Sub_11lux 100.0,67,84.375,84.375,0.0
Sub_11lux 100.0,68,84.375,77.34375,-7.03125
Sub_11lux 100.0,69,84.375,84.375,0.0
Sub_11lux 100.0,70,84.375,77.34375,-7.03125
Sub_11lux 100.0,71,84.375,84.375,0.0
Sub_11lux 100.0,72,84.375,77.34375,-7.03125
Sub_11lux 100.0,73,84.375,91.40625,7.03125
Sub_11lux 100.0,74,84.375,77.34375,-7.03125
Sub_11lux 100.0,75,84.375,77.34375,-7.03125
Sub_11lux 100.0,76,84.375,77.34375,-7.03125
Sub_11lux 100.0,77,84.375,77.34375,-7.03125
Sub_11lux 100.0,78,84.375,77.34375,-7.03125
Sub_11lux 100.0,79,84.375,77.34375,-7.03125
Sub_11lux 100.0,80,84.375,77.34375,-7.03125
Sub_11lux 100.0,81,84.375,77.34375,-7.03125
Sub_11lux 100.0,82,84.375,84.375,0.0
Sub_11lux 100.0,83,84.375,84.375,0.0
Sub_11lux 100.0,84,84.375,84.375,0.0
Sub_11lux 100.0,85,84.375,84.375,0.0
Sub_11lux 100.0,86,84.375,84.375,0.0
Sub_11lux 100.0,87,84.375,84.375,0.0
Sub_11lux 100.0,88,84.375,84.375,0.0
Sub_11lux 100.0,89,84.375,84.375,0.0
Sub_11lux 100.0,90,84.375,84.375,0.0
Sub_11lux 100.0,91,84.375,84.375,0.0
Sub_11lux 100.0,92,91.40625,84.375,-7.03125
Sub_11lux 100.0,93,91.40625,84.375,-7.03125
Sub_11lux 100.0,94,91.40625,84.375,-7.03125
Sub_11lux 100.0,95,91.40625,84.375,-7.03125
Sub_11lux 100.0,96,91.40625,84.375,-7.03125
Sub_11lux 100.0,97,91.40625,84.375,-7.03125
Sub_11lux 100.0,98,91.40625,84.375,-7.03125
Sub_11lux 100.0,99,91.40625,84.375,-7.03125
Sub_11lux 100.0,100,84.375,91.40625,7.03125
Sub_11lux 100.0,101,84.375,84.375,0.0
Sub_11lux 100.0,102,84.375,91.40625,7.03125
Sub_11lux 100.0,103,84.375,91.40625,7.03125
Sub_11lux 100.0,104,84.375,91.40625,7.03125
Sub_11lux 100.0,105,84.375,91.40625,7.03125
Sub_11lux 100.0,106,84.375,91.40625,7.03125
Sub_11lux 100.0,107,84.375,91.40625,7.03125
Sub_11lux 100.0,108,84.375,91.40625,7.03125
Sub_11lux 100.0,109,77.34375,91.40625,14.0625
Sub_11lux 100.0,110,77.34375,91.40625,14.0625
Sub_11lux 100.0,111,77.34375,91.40625,14.0625
Sub_11lux 100.0,112,77.34375,91.40625,14.0625
Sub_11lux 100.0,113,77.34375,77.34375,0.0
Sub_11lux 100.0,114,77.34375,91.40625,14.0625
Sub_11lux 100.0,115,77.34375,77.34375,0.0
Sub_11lux 100.0,116,77.34375,77.34375,0.0
Sub_11lux 100.0,117,77.34375,77.34375,0.0
Sub_11lux 100.0,118,77.34375,77.34375,0.0
Sub_11lux 100.0,119,77.34375,77.34375,0.0
Sub_11lux 100.0,120,77.34375,91.40625,14.0625
Sub_11lux 100.0,121,77.34375,91.40625,14.0625
Sub_11lux 100.0,122,84.375,91.40625,7.03125
Sub_11lux 100.0,123,84.375,91.40625,7.03125
Sub_11lux 100.0,124,84.375,91.40625,7.03125
Sub_11lux 100.0,125,84.375,91.40625,7.03125
Sub_11lux 100.0,126,84.375,91.40625,7.03125
Sub_11lux 100.0,127,84.375,70.3125,-14.0625
Sub_11lux 100.0,128,84.375,91.40625,7.03125
Sub_11lux 100.0,129,84.375,91.40625,7.03125
Sub_11lux 100.0,130,84.375,84.375,0.0
Sub_11lux 100.0,131,84.375,84.375,0.0
Sub_11lux 100.0,132,84.375,84.375,0.0
Sub_11lux 100.0,133,84.375,84.375,0.0
Sub_11lux 100.0,134,84.375,84.375,0.0
Sub_11lux 100.0,135,84.375,84.375,0.0
Sub_11lux 100.0,136,84.375,84.375,0.0
Sub_11lux 100.0,137,84.375,84.375,0.0
Sub_11lux 100.0,138,84.375,84.375,0.0
Sub_11lux 100.0,139,84.375,84.375,0.0
Sub_11lux 100.0,140,84.375,84.375,0.0
Sub_11lux 100.0,141,84.375,84.375,0.0
Sub_11lux 100.0,142,84.375,84.375,0.0
Sub_11lux 100.0,143,84.375,84.375,0.0
Sub_11lux 100.0,144,84.375,84.375,0.0
Sub_11lux 100.0,145,84.375,84.375,0.0
Sub_11lux 100.0,146,84.375,84.375,0.0
Sub_11lux 100.0,147,84.375,84.375,0.0
Sub_11lux 100.0,148,84.375,84.375,0.0
Sub_11lux 100.0,149,84.375,84.375,0.0
Sub_11lux 100.0,150,84.375,84.375,0.0
Sub_11lux 100.0,151,84.375,84.375,0.0
Sub_11lux 100.0,152,84.375,84.375,0.0
Sub_11lux 100.0,153,84.375,84.375,0.0
Sub_11lux 15.8,0,84.375,84.375,0.0
Sub_11lux 15.8,1,84.375,84.375,0.0
Sub_11lux 15.8,2,84.375,84.375,0.0
Sub_11lux 15.8,3,84.375,84.375,0.0
Sub_11lux 15.8,4,84.375,84.375,0.0
Sub_11lux 15.8,5,84.375,84.375,0.0
Sub_11lux 15.8,6,84.375,77.34375,-7.03125
Sub_11lux 15.8,7,84.375,84.375,0.0
Sub_11lux 15.8,8,84.375,84.375,0.0
Sub_11lux 15.8,9,84.375,84.375,0.0
Sub_11lux 15.8,10,84.375,84.375,0.0
Sub_11lux 15.8,11,84.375,84.375,0.0
Sub_11lux 15.8,12,84.375,84.375,0.0
Sub_11lux 15.8,13,84.375,84.375,0.0
Sub_11lux 15.8,14,84.375,84.375,0.0
Sub_11lux 15.8,15,84.375,77.34375,-7.03125
Sub_11lux 15.8,16,84.375,84.375,0.0
Sub_11lux 15.8,17,77.34375,77.34375,0.0
Sub_11lux 15.8,18,77.34375,98.4375,21.09375
Sub_11lux 15.8,19,77.34375,84.375,7.03125
Sub_11lux 15.8,20,77.34375,77.34375,0.0
Sub_11lux 15.8,21,77.34375,77.34375,0.0
Sub_11lux 15.8,22,77.34375,77.34375,0.0
Sub_11lux 15.8,23,77.34375,77.34375,0.0
Sub_11lux 15.8,24,77.34375,77.34375,0.0
Sub_11lux 15.8,25,77.34375,77.34375,0.0
Sub_11lux 15.8,26,77.34375,77.34375,0.0
Sub_11lux 15.8,27,77.34375,77.34375,0.0
Sub_11lux 15.8,28,77.34375,77.34375,0.0
Sub_11lux 15.8,29,77.34375,77.34375,0.0
Sub_11lux 15.8,30,77.34375,77.34375,0.0
Sub_11lux 15.8,31,77.34375,77.34375,0.0
Sub_11lux 15.8,32,84.375,77.34375,-7.03125
Sub_11lux 15.8,33,84.375,77.34375,-7.03125
Sub_11lux 15.8,34,84.375,91.40625,7.03125
Sub_11lux 15.8,35,84.375,91.40625,7.03125
Sub_11lux 15.8,36,84.375,84.375,0.0
Sub_11lux 15.8,37,84.375,84.375,0.0
Sub_11lux 15.8,38,84.375,91.40625,7.03125
Sub_11lux 15.8,39,84.375,84.375,0.0
Sub_11lux 15.8,40,84.375,91.40625,7.03125
Sub_11lux 15.8,41,84.375,91.40625,7.03125
Sub_11lux 15.8,42,84.375,98.4375,14.0625
Sub_11lux 15.8,43,84.375,91.40625,7.03125
Sub_11lux 15.8,44,84.375,91.40625,7.03125
Sub_11lux 15.8,45,84.375,84.375,0.0
Sub_11lux 15.8,46,84.375,91.40625,7.03125
Sub_11lux 15.8,47,84.375,91.40625,7.03125
Sub_11lux 15.8,48,84.375,91.40625,7.03125
Sub_11lux 15.8,49,84.375,91.40625,7.03125
Sub_11lux 15.8,50,84.375,105.46875,21.09375
Sub_11lux 15.8,51,84.375,91.40625,7.03125
Sub_11lux 15.8,52,84.375,98.4375,14.0625
Sub_11lux 15.8,53,84.375,105.46875,21.09375
Sub_11lux 15.8,54,84.375,98.4375,14.0625
Sub_11lux 15.8,55,84.375,98.4375,14.0625
Sub_11lux 15.8,56,84.375,98.4375,14.0625
Sub_11lux 15.8,57,84.375,91.40625,7.03125
Sub_11lux 15.8,58,84.375,98.4375,14.0625
Sub_11lux 15.8,59,84.375,91.40625,7.03125
Sub_11lux 15.8,60,84.375,91.40625,7.03125
Sub_11lux 15.8,61,84.375,91.40625,7.03125
Sub_11lux 15.8,62,84.375,84.375,0.0
Sub_11lux 15.8,63,84.375,84.375,0.0
Sub_11lux 15.8,64,84.375,91.40625,7.03125
Sub_11lux 15.8,65,84.375,84.375,0.0
Sub_11lux 15.8,66,84.375,84.375,0.0
Sub_11lux 15.8,67,84.375,84.375,0.0
Sub_11lux 15.8,68,84.375,91.40625,7.03125
Sub_11lux 15.8,69,84.375,84.375,0.0
Sub_11lux 15.8,70,84.375,91.40625,7.03125
Sub_11lux 15.8,71,84.375,84.375,0.0
Sub_11lux 15.8,72,77.34375,91.40625,14.0625
Sub_11lux 15.8,73,77.34375,77.34375,0.0
Sub_11lux 15.8,74,77.34375,91.40625,14.0625
Sub_11lux 15.8,75,77.34375,77.34375,0.0
Sub_11lux 15.8,76,77.34375,77.34375,0.0
Sub_11lux 15.8,77,77.34375,77.34375,0.0
Sub_11lux 15.8,78,77.34375,77.34375,0.0
Sub_11lux 15.8,79,77.34375,77.34375,0.0
Sub_11lux 15.8,80,77.34375,77.34375,0.0
Sub_11lux 15.8,81,77.34375,77.34375,0.0
Sub_11lux 15.8,82,77.34375,77.34375,0.0
Sub_11lux 15.8,83,77.34375,77.34375,0.0
Sub_11lux 15.8,84,77.34375,77.34375,0.0
Sub_11lux 15.8,85,77.34375,77.34375,0.0
Sub_11lux 15.8,86,77.34375,77.34375,0.0
Sub_11lux 15.8,87,77.34375,77.34375,0.0
Sub_11lux 15.8,88,77.34375,77.34375,0.0
Sub_11lux 15.8,89,77.34375,84.375,7.03125
Sub_11lux 15.8,90,77.34375,84.375,7.03125
Sub_11lux 15.8,91,77.34375,84.375,7.03125
Sub_11lux 15.8,92,77.34375,77.34375,0.0
Sub_11lux 15.8,93,77.34375,84.375,7.03125
Sub_11lux 15.8,94,77.34375,77.34375,0.0
Sub_11lux 15.8,95,77.34375,84.375,7.03125
Sub_11lux 15.8,96,77.34375,84.375,7.03125
Sub_11lux 15.8,97,77.34375,84.375,7.03125
Sub_11lux 15.8,98,77.34375,84.375,7.03125
Sub_11lux 15.8,99,77.34375,98.4375,21.09375
Sub_11lux 15.8,100,77.34375,77.34375,0.0
Sub_11lux 15.8,101,77.34375,105.46875,28.125
Sub_11lux 15.8,102,77.34375,84.375,7.03125
Sub_11lux 15.8,103,77.34375,77.34375,0.0
Sub_11lux 15.8,104,77.34375,84.375,7.03125
Sub_11lux 15.8,105,77.34375,84.375,7.03125
Sub_11lux 15.8,106,77.34375,84.375,7.03125
Sub_11lux 15.8,107,77.34375,84.375,7.03125
Sub_11lux 15.8,108,77.34375,77.34375,0.0
Sub_11lux 15.8,109,77.34375,91.40625,14.0625
Sub_11lux 15.8,110,77.34375,77.34375,0.0
Sub_11lux 15.8,111,77.34375,84.375,7.03125
Sub_11lux 15.8,112,77.34375,84.375,7.03125
Sub_11lux 15.8,113,77.34375,77.34375,0.0
Sub_11lux 15.8,114,77.34375,77.34375,0.0
Sub_11lux 15.8,115,77.34375,84.375,7.03125
Sub_11lux 15.8,116,77.34375,77.34375,0.0
Sub_11lux 15.8,117,77.34375,91.40625,14.0625
Sub_11lux 15.8,118,77.34375,84.375,7.03125
Sub_11lux 15.8,119,77.34375,91.40625,14.0625
Sub_11lux 15.8,120,77.34375,91.40625,14.0625
Sub_11lux 15.8,121,77.34375,91.40625,14.0625
Sub_11lux 15.8,122,77.34375,91.40625,14.0625
Sub_11lux 15.8,123,77.34375,91.40625,14.0625
Sub_11lux 15.8,124,77.34375,98.4375,21.09375
Sub_11lux 15.8,125,77.34375,91.40625,14.0625
Sub_11lux 15.8,126,77.34375,98.4375,21.09375
Sub_11lux 15.8,127,77.34375,77.34375,0.0
Sub_11lux 15.8,128,77.34375,77.34375,0.0
Sub_11lux 15.8,129,77.34375,77.34375,0.0
Sub_11lux 15.8,130,77.34375,77.34375,0.0
Sub_11lux 15.8,131,77.34375,77.34375,0.0
Sub_11lux 15.8,132,77.34375,77.34375,0.0
Sub_11lux 15.8,133,77.34375,77.34375,0.0
Sub_11lux 15.8,134,77.34375,77.34375,0.0
Sub_11lux 15.8,135,77.34375,77.34375,0.0
Sub_11lux 15.8,136,77.34375,77.34375,0.0
Sub_11lux 15.8,137,77.34375,77.34375,0.0
Sub_11lux 15.8,138,77.34375,77.34375,0.0
Sub_11lux 15.8,139,77.34375,77.34375,0.0
Sub_11lux 15.8,140,77.34375,77.34375,0.0
Sub_11lux 15.8,141,77.34375,77.34375,0.0
Sub_11lux 15.8,142,77.34375,98.4375,21.09375
Sub_11lux 15.8,143,77.34375,77.34375,0.0
Sub_11lux 15.8,144,77.34375,77.34375,0.0
Sub_11lux 15.8,145,77.34375,77.34375,0.0
Sub_11lux 15.8,146,77.34375,77.34375,0.0
Sub_11lux 15.8,147,77.34375,77.34375,0.0
Sub_11lux 15.8,148,77.34375,77.34375,0.0
Sub_11lux 15.8,149,77.34375,77.34375,0.0
Sub_11lux 15.8,150,77.34375,77.34375,0.0
Sub_11lux 15.8,151,77.34375,77.34375,0.0
Sub_11lux 15.8,152,77.34375,77.34375,0.0
Sub_11lux 15.8,153,77.34375,77.34375,0.0
Sub_11lux 25.1,0,84.375,77.34375,-7.03125
Sub_11lux 25.1,1,84.375,70.3125,-14.0625
Sub_11lux 25.1,2,84.375,91.40625,7.03125
Sub_11lux 25.1,3,84.375,77.34375,-7.03125
Sub_11lux 25.1,4,77.34375,77.34375,0.0
Sub_11lux 25.1,5,77.34375,77.34375,0.0
Sub_11lux 25.1,6,77.34375,77.34375,0.0
Sub_11lux 25.1,7,77.34375,77.34375,0.0
Sub_11lux 25.1,8,77.34375,77.34375,0.0
Sub_11lux 25.1,9,77.34375,77.34375,0.0
Sub_11lux 25.1,10,77.34375,77.34375,0.0
Sub_11lux 25.1,11,77.34375,77.34375,0.0
Sub_11lux 25.1,12,77.34375,77.34375,0.0
Sub_11lux 25.1,13,77.34375,77.34375,0.0
Sub_11lux 25.1,14,77.34375,77.34375,0.0
Sub_11lux 25.1,15,77.34375,77.34375,0.0
Sub_11lux 25.1,16,77.34375,77.34375,0.0
Sub_11lux 25.1,17,84.375,98.4375,14.0625
Sub_11lux 25.1,18,84.375,77.34375,-7.03125
Sub_11lux 25.1,19,84.375,77.34375,-7.03125
Sub_11lux 25.1,20,84.375,105.46875,21.09375
Sub_11lux 25.1,21,84.375,77.34375,-7.03125
Sub_11lux 25.1,22,84.375,77.34375,-7.03125
Sub_11lux 25.1,23,84.375,98.4375,14.0625
Sub_11lux 25.1,24,84.375,77.34375,-7.03125
Sub_11lux 25.1,25,84.375,70.3125,-14.0625
Sub_11lux 25.1,26,84.375,77.34375,-7.03125
Sub_11lux 25.1,27,84.375,70.3125,-14.0625
Sub_11lux 25.1,28,84.375,98.4375,14.0625
Sub_11lux 25.1,29,84.375,77.34375,-7.03125
Sub_11lux 25.1,30,84.375,70.3125,-14.0625
Sub_11lux 25.1,31,84.375,84.375,0.0
Sub_11lux 25.1,32,84.375,77.34375,-7.03125
Sub_11lux 25.1,33,84.375,91.40625,7.03125
Sub_11lux 25.1,34,84.375,84.375,0.0
Sub_11lux 25.1,35,84.375,91.40625,7.03125
Sub_11lux 25.1,36,84.375,84.375,0.0
Sub_11lux 25.1,37,84.375,70.3125,-14.0625
Sub_11lux 25.1,38,84.375,84.375,0.0
Sub_11lux 25.1,39,84.375,63.28125,-21.09375
Sub_11lux 25.1,40,84.375,84.375,0.0
Sub_11lux 25.1,41,84.375,77.34375,-7.03125
Sub_11lux 25.1,42,84.375,91.40625,7.03125
Sub_11lux 25.1,43,84.375,77.34375,-7.03125
Sub_11lux 25.1,44,84.375,84.375,0.0
Sub_11lux 25.1,45,84.375,77.34375,-7.03125
Sub_11lux 25.1,46,84.375,77.34375,-7.03125
Sub_11lux 25.1,47,84.375,77.34375,-7.03125
Sub_11lux 25.1,48,84.375,77.34375,-7.03125
Sub_11lux 25.1,49,84.375,84.375,0.0
Sub_11lux 25.1,50,84.375,77.34375,-7.03125
Sub_11lux 25.1,51,84.375,84.375,0.0
Sub_11lux 25.1,52,84.375,77.34375,-7.03125
Sub_11lux 25.1,53,84.375,84.375,0.0
Sub_11lux 25.1,54,84.375,77.34375,-7.03125
Sub_11lux 25.1,55,84.375,84.375,0.0
Sub_11lux 25.1,56,84.375,77.34375,-7.03125
Sub_11lux 25.1,57,84.375,77.34375,-7.03125
Sub_11lux 25.1,58,84.375,84.375,0.0
Sub_11lux 25.1,59,84.375,84.375,0.0
Sub_11lux 25.1,60,84.375,91.40625,7.03125
Sub_11lux 25.1,61,84.375,84.375,0.0
Sub_11lux 25.1,62,84.375,84.375,0.0
Sub_11lux 25.1,63,84.375,84.375,0.0
Sub_11lux 25.1,64,84.375,84.375,0.0
Sub_11lux 25.1,65,84.375,84.375,0.0
Sub_11lux 25.1,66,84.375,84.375,0.0
Sub_11lux 25.1,67,84.375,84.375,0.0
Sub_11lux 25.1,68,84.375,84.375,0.0
Sub_11lux 25.1,69,84.375,77.34375,-7.03125
Sub_11lux 25.1,70,84.375,77.34375,-7.03125
Sub_11lux 25.1,71,84.375,77.34375,-7.03125
Sub_11lux 25.1,72,84.375,77.34375,-7.03125
Sub_11lux 25.1,73,84.375,84.375,0.0
Sub_11lux 25.1,74,84.375,77.34375,-7.03125
Sub_11lux 25.1,75,84.375,84.375,0.0
Sub_11lux 25.1,76,84.375,84.375,0.0
Sub_11lux 25.1,77,84.375,77.34375,-7.03125
Sub_11lux 25.1,78,84.375,84.375,0.0
Sub_11lux 25.1,79,84.375,77.34375,-7.03125
Sub_11lux 25.1,80,84.375,77.34375,-7.03125
Sub_11lux 25.1,81,84.375,77.34375,-7.03125
Sub_11lux 25.1,82,84.375,77.34375,-7.03125
Sub_11lux 25.1,83,84.375,77.34375,-7.03125
Sub_11lux 25.1,84,84.375,77.34375,-7.03125
Sub_11lux 25.1,85,84.375,77.34375,-7.03125
Sub_11lux 25.1,86,84.375,77.34375,-7.03125
Sub_11lux 25.1,87,84.375,77.34375,-7.03125
Sub_11lux 25.1,88,84.375,77.34375,-7.03125
Sub_11lux 25.1,89,84.375,77.34375,-7.03125
Sub_11lux 25.1,90,84.375,77.34375,-7.03125
Sub_11lux 25.1,91,84.375,77.34375,-7.03125
Sub_11lux 25.1,92,84.375,77.34375,-7.03125
Sub_11lux 25.1,93,84.375,77.34375,-7.03125
Sub_11lux 25.1,94,84.375,77.34375,-7.03125
Sub_11lux 25.1,95,84.375,77.34375,-7.03125
Sub_11lux 25.1,96,84.375,77.34375,-7.03125
Sub_11lux 25.1,97,84.375,84.375,0.0
Sub_11lux 25.1,98,84.375,77.34375,-7.03125
Sub_11lux 25.1,99,84.375,77.34375,-7.03125
Sub_11lux 25.1,100,84.375,77.34375,-7.03125
Sub_11lux 25.1,101,84.375,77.34375,-7.03125
Sub_11lux 25.1,102,84.375,77.34375,-7.03125
Sub_11lux 25.1,103,84.375,77.34375,-7.03125
Sub_11lux 25.1,104,84.375,77.34375,-7.03125
Sub_11lux 25.1,105,84.375,77.34375,-7.03125
Sub_11lux 25.1,106,84.375,84.375,0.0
Sub_11lux 25.1,107,84.375,77.34375,-7.03125
Sub_11lux 25.1,108,84.375,84.375,0.0
Sub_11lux 25.1,109,84.375,77.34375,-7.03125
Sub_11lux 25.1,110,84.375,77.34375,-7.03125
Sub_11lux 25.1,111,84.375,77.34375,-7.03125
Sub_11lux 25.1,112,84.375,77.34375,-7.03125
Sub_11lux 25.1,113,84.375,77.34375,-7.03125
Sub_11lux 25.1,114,84.375,77.34375,-7.03125
Sub_11lux 25.1,115,84.375,77.34375,-7.03125
Sub_11lux 25.1,116,84.375,77.34375,-7.03125
Sub_11lux 25.1,117,84.375,91.40625,7.03125
Sub_11lux 25.1,118,84.375,77.34375,-7.03125
Sub_11lux 25.1,119,84.375,77.34375,-7.03125
Sub_11lux 25.1,120,84.375,77.34375,-7.03125
Sub_11lux 25.1,121,84.375,77.34375,-7.03125
Sub_11lux 25.1,122,84.375,77.34375,-7.03125
Sub_11lux 25.1,123,84.375,77.34375,-7.03125
Sub_11lux 25.1,124,84.375,77.34375,-7.03125
Sub_11lux 25.1,125,84.375,77.34375,-7.03125
Sub_11lux 25.1,126,84.375,77.34375,-7.03125
Sub_11lux 25.1,127,84.375,77.34375,-7.03125
Sub_11lux 25.1,128,84.375,77.34375,-7.03125
Sub_11lux 25.1,129,84.375,77.34375,-7.03125
Sub_11lux 25.1,130,84.375,84.375,0.0
Sub_11lux 25.1,131,84.375,84.375,0.0
Sub_11lux 25.1,132,84.375,77.34375,-7.03125
Sub_11lux 25.1,133,84.375,84.375,0.0
Sub_11lux 25.1,134,84.375,84.375,0.0
Sub_11lux 25.1,135,84.375,84.375,0.0
Sub_11lux 25.1,136,84.375,84.375,0.0
Sub_11lux 25.1,137,84.375,84.375,0.0
Sub_11lux 25.1,138,84.375,70.3125,-14.0625
Sub_11lux 25.1,139,84.375,84.375,0.0
Sub_11lux 25.1,140,84.375,70.3125,-14.0625
Sub_11lux 25.1,141,84.375,84.375,0.0
Sub_11lux 25.1,142,84.375,70.3125,-14.0625
Sub_11lux 25.1,143,84.375,84.375,0.0
Sub_11lux 25.1,144,84.375,84.375,0.0
Sub_11lux 25.1,145,84.375,84.375,0.0
Sub_11lux 25.1,146,84.375,84.375,0.0
Sub_11lux 25.1,147,84.375,84.375,0.0
Sub_11lux 25.1,148,84.375,84.375,0.0
Sub_11lux 25.1,149,84.375,98.4375,14.0625
Sub_11lux 25.1,150,84.375,77.34375,-7.03125
Sub_11lux 25.1,151,84.375,77.34375,-7.03125
Sub_11lux 25.1,152,84.375,77.34375,-7.03125
Sub_11lux 25.1,153,84.375,77.34375,-7.03125
Sub_11lux 39.8,0,77.34375,84.375,7.03125
Sub_11lux 39.8,1,77.34375,84.375,7.03125
Sub_11lux 39.8,2,77.34375,84.375,7.03125
Sub_11lux 39.8,3,77.34375,84.375,7.03125
Sub_11lux 39.8,4,77.34375,84.375,7.03125
Sub_11lux 39.8,5,77.34375,84.375,7.03125
Sub_11lux 39.8,6,77.34375,70.3125,-7.03125
Sub_11lux 39.8,7,77.34375,84.375,7.03125
Sub_11lux 39.8,8,77.34375,77.34375,0.0
Sub_11lux 39.8,9,77.34375,77.34375,0.0
Sub_11lux 39.8,10,77.34375,77.34375,0.0
Sub_11lux 39.8,11,77.34375,77.34375,0.0
Sub_11lux 39.8,12,77.34375,77.34375,0.0
Sub_11lux 39.8,13,77.34375,77.34375,0.0
Sub_11lux 39.8,14,77.34375,77.34375,0.0
Sub_11lux 39.8,15,77.34375,77.34375,0.0
Sub_11lux 39.8,16,77.34375,77.34375,0.0
Sub_11lux 39.8,17,77.34375,77.34375,0.0
Sub_11lux 39.8,18,77.34375,77.34375,0.0
Sub_11lux 39.8,19,77.34375,77.34375,0.0
Sub_11lux 39.8,20,77.34375,77.34375,0.0
Sub_11lux 39.8,21,77.34375,77.34375,0.0
Sub_11lux 39.8,22,77.34375,77.34375,0.0
Sub_11lux 39.8,23,84.375,77.34375,-7.03125
Sub_11lux 39.8,24,84.375,77.34375,-7.03125
Sub_11lux 39.8,25,84.375,77.34375,-7.03125
Sub_11lux 39.8,26,84.375,77.34375,-7.03125
Sub_11lux 39.8,27,84.375,77.34375,-7.03125
Sub_11lux 39.8,28,84.375,77.34375,-7.03125
Sub_11lux 39.8,29,84.375,77.34375,-7.03125
Sub_11lux 39.8,30,84.375,77.34375,-7.03125
Sub_11lux 39.8,31,84.375,77.34375,-7.03125
Sub_11lux 39.8,32,84.375,84.375,0.0
Sub_11lux 39.8,33,84.375,84.375,0.0
Sub_11lux 39.8,34,84.375,77.34375,-7.03125
Sub_11lux 39.8,35,84.375,77.34375,-7.03125
Sub_11lux 39.8,36,84.375,77.34375,-7.03125
Sub_11lux 39.8,37,84.375,84.375,0.0
Sub_11lux 39.8,38,84.375,77.34375,-7.03125
Sub_11lux 39.8,39,84.375,84.375,0.0
Sub_11lux 39.8,40,84.375,77.34375,-7.03125
Sub_11lux 39.8,41,84.375,77.34375,-7.03125
Sub_11lux 39.8,42,84.375,77.34375,-7.03125
Sub_11lux 39.8,43,84.375,77.34375,-7.03125
Sub_11lux 39.8,44,84.375,91.40625,7.03125
Sub_11lux 39.8,45,84.375,77.34375,-7.03125
Sub_11lux 39.8,46,84.375,77.34375,-7.03125
Sub_11lux 39.8,47,84.375,77.34375,-7.03125
Sub_11lux 39.8,48,84.375,77.34375,-7.03125
Sub_11lux 39.8,49,84.375,84.375,0.0
Sub_11lux 39.8,50,84.375,84.375,0.0
Sub_11lux 39.8,51,84.375,84.375,0.0
Sub_11lux 39.8,52,84.375,91.40625,7.03125
Sub_11lux 39.8,53,84.375,84.375,0.0
Sub_11lux 39.8,54,84.375,84.375,0.0
Sub_11lux 39.8,55,84.375,84.375,0.0
Sub_11lux 39.8,56,84.375,84.375,0.0
Sub_11lux 39.8,57,84.375,84.375,0.0
Sub_11lux 39.8,58,84.375,84.375,0.0
Sub_11lux 39.8,59,84.375,84.375,0.0
Sub_11lux 39.8,60,84.375,84.375,0.0
Sub_11lux 39.8,61,84.375,84.375,0.0
Sub_11lux 39.8,62,84.375,84.375,0.0
Sub_11lux 39.8,63,84.375,84.375,0.0
Sub_11lux 39.8,64,84.375,84.375,0.0
Sub_11lux 39.8,65,84.375,84.375,0.0
Sub_11lux 39.8,66,84.375,84.375,0.0
Sub_11lux 39.8,67,84.375,84.375,0.0
Sub_11lux 39.8,68,84.375,84.375,0.0
Sub_11lux 39.8,69,84.375,84.375,0.0
Sub_11lux 39.8,70,84.375,84.375,0.0
Sub_11lux 39.8,71,84.375,84.375,0.0
Sub_11lux 39.8,72,84.375,84.375,0.0
Sub_11lux 39.8,73,84.375,91.40625,7.03125
Sub_11lux 39.8,74,84.375,91.40625,7.03125
Sub_11lux 39.8,75,84.375,91.40625,7.03125
Sub_11lux 39.8,76,84.375,91.40625,7.03125
Sub_11lux 39.8,77,91.40625,91.40625,0.0
Sub_11lux 39.8,78,91.40625,84.375,-7.03125
Sub_11lux 39.8,79,91.40625,91.40625,0.0
Sub_11lux 39.8,80,91.40625,84.375,-7.03125
Sub_11lux 39.8,81,91.40625,91.40625,0.0
Sub_11lux 39.8,82,91.40625,84.375,-7.03125
Sub_11lux 39.8,83,91.40625,84.375,-7.03125
Sub_11lux 39.8,84,91.40625,84.375,-7.03125
Sub_11lux 39.8,85,91.40625,84.375,-7.03125
Sub_11lux 39.8,86,91.40625,91.40625,0.0
Sub_11lux 39.8,87,91.40625,84.375,-7.03125
Sub_11lux 39.8,88,91.40625,84.375,-7.03125
Sub_11lux 39.8,89,91.40625,84.375,-7.03125
Sub_11lux 39.8,90,91.40625,84.375,-7.03125
Sub_11lux 39.8,91,91.40625,84.375,-7.03125
Sub_11lux 39.8,92,91.40625,84.375,-7.03125
Sub_11lux 39.8,93,91.40625,84.375,-7.03125
Sub_11lux 39.8,94,91.40625,84.375,-7.03125
Sub_11lux 39.8,95,84.375,84.375,0.0
Sub_11lux 39.8,96,91.40625,84.375,-7.03125
Sub_11lux 39.8,97,84.375,84.375,0.0
Sub_11lux 39.8,98,84.375,84.375,0.0
Sub_11lux 39.8,99,84.375,84.375,0.0
Sub_11lux 39.8,100,84.375,77.34375,-7.03125
Sub_11lux 39.8,101,77.34375,70.3125,-7.03125
Sub_11lux 39.8,102,77.34375,70.3125,-7.03125
Sub_11lux 39.8,103,77.34375,70.3125,-7.03125
Sub_11lux 39.8,104,77.34375,63.28125,-14.0625
Sub_11lux 39.8,105,77.34375,77.34375,0.0
Sub_11lux 39.8,106,77.34375,77.34375,0.0
Sub_11lux 39.8,107,77.34375,77.34375,0.0
Sub_11lux 39.8,108,77.34375,77.34375,0.0
Sub_11lux 39.8,109,77.34375,77.34375,0.0
Sub_11lux 39.8,110,77.34375,77.34375,0.0
Sub_11lux 39.8,111,77.34375,77.34375,0.0
Sub_11lux 39.8,112,77.34375,77.34375,0.0
Sub_11lux 39.8,113,77.34375,70.3125,-7.03125
Sub_11lux 39.8,114,77.34375,70.3125,-7.03125
Sub_11lux 39.8,115,77.34375,77.34375,0.0
Sub_11lux 39.8,116,77.34375,77.34375,0.0
Sub_11lux 39.8,117,77.34375,77.34375,0.0
Sub_11lux 39.8,118,77.34375,77.34375,0.0
Sub_11lux 39.8,119,77.34375,77.34375,0.0
Sub_11lux 39.8,120,77.34375,77.34375,0.0
Sub_11lux 39.8,121,77.34375,77.34375,0.0
Sub_11lux 39.8,122,77.34375,77.34375,0.0
Sub_11lux 39.8,123,84.375,91.40625,7.03125
Sub_11lux 39.8,124,84.375,91.40625,7.03125
Sub_11lux 39.8,125,84.375,84.375,0.0
Sub_11lux 39.8,126,84.375,91.40625,7.03125
Sub_11lux 39.8,127,84.375,84.375,0.0
Sub_11lux 39.8,128,84.375,91.40625,7.03125
Sub_11lux 39.8,129,84.375,84.375,0.0
Sub_11lux 39.8,130,84.375,84.375,0.0
Sub_11lux 39.8,131,84.375,84.375,0.0
Sub_11lux 39.8,132,84.375,84.375,0.0
Sub_11lux 39.8,133,84.375,84.375,0.0
Sub_11lux 39.8,134,84.375,84.375,0.0
Sub_11lux 39.8,135,84.375,84.375,0.0
Sub_11lux 39.8,136,84.375,84.375,0.0
Sub_11lux 39.8,137,84.375,84.375,0.0
Sub_11lux 39.8,138,84.375,84.375,0.0
Sub_11lux 39.8,139,84.375,84.375,0.0
Sub_11lux 39.8,140,84.375,84.375,0.0
Sub_11lux 39.8,141,84.375,84.375,0.0
Sub_11lux 39.8,142,84.375,84.375,0.0
Sub_11lux 39.8,143,84.375,84.375,0.0
Sub_11lux 39.8,144,84.375,84.375,0.0
Sub_11lux 39.8,145,84.375,84.375,0.0
Sub_11lux 39.8,146,84.375,84.375,0.0
Sub_11lux 39.8,147,84.375,84.375,0.0
Sub_11lux 39.8,148,84.375,84.375,0.0
Sub_11lux 39.8,149,84.375,84.375,0.0
Sub_11lux 39.8,150,84.375,70.3125,-14.0625
Sub_11lux 39.8,151,84.375,84.375,0.0
Sub_11lux 39.8,152,84.375,84.375,0.0
Sub_11lux 39.8,153,84.375,84.375,0.0
Sub_11lux 63.1,0,84.375,84.375,0.0
Sub_11lux 63.1,1,84.375,84.375,0.0
Sub_11lux 63.1,2,84.375,84.375,0.0
Sub_11lux 63.1,3,84.375,84.375,0.0
Sub_11lux 63.1,4,84.375,84.375,0.0
Sub_11lux 63.1,5,84.375,84.375,0.0
Sub_11lux 63.1,6,84.375,84.375,0.0
Sub_11lux 63.1,7,84.375,84.375,0.0
Sub_11lux 63.1,8,84.375,84.375,0.0
Sub_11lux 63.1,9,77.34375,77.34375,0.0
Sub_11lux 63.1,10,77.34375,84.375,7.03125
Sub_11lux 63.1,11,77.34375,77.34375,0.0
Sub_11lux 63.1,12,77.34375,77.34375,0.0
Sub_11lux 63.1,13,77.34375,77.34375,0.0
Sub_11lux 63.1,14,77.34375,77.34375,0.0
Sub_11lux 63.1,15,77.34375,77.34375,0.0
Sub_11lux 63.1,16,77.34375,77.34375,0.0
Sub_11lux 63.1,17,77.34375,77.34375,0.0
Sub_11lux 63.1,18,77.34375,77.34375,0.0
Sub_11lux 63.1,19,77.34375,77.34375,0.0
Sub_11lux 63.1,20,77.34375,77.34375,0.0
Sub_11lux 63.1,21,77.34375,77.34375,0.0
Sub_11lux 63.1,22,77.34375,77.34375,0.0
Sub_11lux 63.1,23,77.34375,77.34375,0.0
Sub_11lux 63.1,24,77.34375,77.34375,0.0
Sub_11lux 63.1,25,77.34375,77.34375,0.0
Sub_11lux 63.1,26,77.34375,77.34375,0.0
Sub_11lux 63.1,27,77.34375,77.34375,0.0
Sub_11lux 63.1,28,77.34375,77.34375,0.0
Sub_11lux 63.1,29,77.34375,77.34375,0.0
Sub_11lux 63.1,30,77.34375,77.34375,0.0
Sub_11lux 63.1,31,84.375,77.34375,-7.03125
Sub_11lux 63.1,32,84.375,77.34375,-7.03125
Sub_11lux 63.1,33,84.375,77.34375,-7.03125
Sub_11lux 63.1,34,84.375,70.3125,-14.0625
Sub_11lux 63.1,35,84.375,91.40625,7.03125
Sub_11lux 63.1,36,84.375,91.40625,7.03125
Sub_11lux 63.1,37,84.375,91.40625,7.03125
Sub_11lux 63.1,38,84.375,84.375,0.0
Sub_11lux 63.1,39,84.375,84.375,0.0
Sub_11lux 63.1,40,84.375,84.375,0.0
Sub_11lux 63.1,41,84.375,91.40625,7.03125
Sub_11lux 63.1,42,84.375,84.375,0.0
Sub_11lux 63.1,43,84.375,112.5,28.125
Sub_11lux 63.1,44,84.375,84.375,0.0
Sub_11lux 63.1,45,84.375,84.375,0.0
Sub_11lux 63.1,46,84.375,84.375,0.0
Sub_11lux 63.1,47,84.375,84.375,0.0
Sub_11lux 63.1,48,84.375,91.40625,7.03125
Sub_11lux 63.1,49,84.375,84.375,0.0
Sub_11lux 63.1,50,84.375,84.375,0.0
Sub_11lux 63.1,51,84.375,84.375,0.0
Sub_11lux 63.1,52,84.375,91.40625,7.03125
Sub_11lux 63.1,53,84.375,84.375,0.0
Sub_11lux 63.1,54,84.375,112.5,28.125
Sub_11lux 63.1,55,84.375,84.375,0.0
Sub_11lux 63.1,56,84.375,84.375,0.0
Sub_11lux 63.1,57,84.375,84.375,0.0
Sub_11lux 63.1,58,84.375,91.40625,7.03125
Sub_11lux 63.1,59,84.375,84.375,0.0
Sub_11lux 63.1,60,84.375,84.375,0.0
Sub_11lux 63.1,61,84.375,84.375,0.0
Sub_11lux 63.1,62,84.375,84.375,0.0
Sub_11lux 63.1,63,84.375,84.375,0.0
Sub_11lux 63.1,64,84.375,84.375,0.0
Sub_11lux 63.1,65,84.375,91.40625,7.03125
Sub_11lux 63.1,66,84.375,84.375,0.0
Sub_11lux 63.1,67,84.375,84.375,0.0
Sub_11lux 63.1,68,84.375,91.40625,7.03125
Sub_11lux 63.1,69,84.375,84.375,0.0
Sub_11lux 63.1,70,84.375,112.5,28.125
Sub_11lux 63.1,71,84.375,98.4375,14.0625
Sub_11lux 63.1,72,84.375,77.34375,-7.03125
Sub_11lux 63.1,73,84.375,91.40625,7.03125
Sub_11lux 63.1,74,84.375,77.34375,-7.03125
Sub_11lux 63.1,75,84.375,112.5,28.125
Sub_11lux 63.1,76,84.375,77.34375,-7.03125
Sub_11lux 63.1,77,84.375,91.40625,7.03125
Sub_11lux 63.1,78,84.375,77.34375,-7.03125
Sub_11lux 63.1,79,84.375,91.40625,7.03125
Sub_11lux 63.1,80,84.375,84.375,0.0
Sub_11lux 63.1,81,84.375,84.375,0.0
Sub_11lux 63.1,82,84.375,84.375,0.0
Sub_11lux 63.1,83,84.375,91.40625,7.03125
Sub_11lux 63.1,84,84.375,84.375,0.0
Sub_11lux 63.1,85,84.375,84.375,0.0
Sub_11lux 63.1,86,84.375,84.375,0.0
Sub_11lux 63.1,87,84.375,84.375,0.0
Sub_11lux 63.1,88,84.375,84.375,0.0
Sub_11lux 63.1,89,84.375,84.375,0.0
Sub_11lux 63.1,90,84.375,84.375,0.0
Sub_11lux 63.1,91,84.375,84.375,0.0
Sub_11lux 63.1,92,84.375,84.375,0.0
Sub_11lux 63.1,93,84.375,84.375,0.0
Sub_11lux 63.1,94,84.375,84.375,0.0
Sub_11lux 63.1,95,84.375,84.375,0.0
Sub_11lux 63.1,96,84.375,84.375,0.0
Sub_11lux 63.1,97,84.375,84.375,0.0
Sub_11lux 63.1,98,84.375,77.34375,-7.03125
Sub_11lux 63.1,99,84.375,84.375,0.0
Sub_11lux 63.1,100,84.375,84.375,0.0
Sub_11lux 63.1,101,84.375,77.34375,-7.03125
Sub_11lux 63.1,102,84.375,77.34375,-7.03125
Sub_11lux 63.1,103,84.375,77.34375,-7.03125
Sub_11lux 63.1,104,84.375,84.375,0.0
Sub_11lux 63.1,105,84.375,84.375,0.0
Sub_11lux 63.1,106,84.375,84.375,0.0
Sub_11lux 63.1,107,84.375,77.34375,-7.03125
Sub_11lux 63.1,108,84.375,84.375,0.0
Sub_11lux 63.1,109,84.375,77.34375,-7.03125
Sub_11lux 63.1,110,84.375,77.34375,-7.03125
Sub_11lux 63.1,111,84.375,77.34375,-7.03125
Sub_11lux 63.1,112,84.375,84.375,0.0
Sub_11lux 63.1,113,84.375,77.34375,-7.03125
Sub_11lux 63.1,114,84.375,84.375,0.0
Sub_11lux 63.1,115,84.375,77.34375,-7.03125
Sub_11lux 63.1,116,84.375,84.375,0.0
Sub_11lux 63.1,117,84.375,77.34375,-7.03125
Sub_11lux 63.1,118,84.375,77.34375,-7.03125
Sub_11lux 63.1,119,84.375,77.34375,-7.03125
Sub_11lux 63.1,120,84.375,77.34375,-7.03125
Sub_11lux 63.1,121,84.375,77.34375,-7.03125
Sub_11lux 63.1,122,84.375,77.34375,-7.03125
Sub_11lux 63.1,123,84.375,77.34375,-7.03125
Sub_11lux 63.1,124,91.40625,91.40625,0.0
Sub_11lux 63.1,125,91.40625,91.40625,0.0
Sub_11lux 63.1,126,91.40625,91.40625,0.0
Sub_11lux 63.1,127,91.40625,91.40625,0.0
Sub_11lux 63.1,128,91.40625,91.40625,0.0
Sub_11lux 63.1,129,91.40625,84.375,-7.03125
Sub_11lux 63.1,130,91.40625,84.375,-7.03125
Sub_11lux 63.1,131,91.40625,91.40625,0.0
Sub_11lux 63.1,132,91.40625,84.375,-7.03125
Sub_11lux 63.1,133,91.40625,84.375,-7.03125
Sub_11lux 63.1,134,91.40625,84.375,-7.03125
Sub_11lux 63.1,135,91.40625,84.375,-7.03125
Sub_11lux 63.1,136,91.40625,84.375,-7.03125
Sub_11lux 63.1,137,91.40625,84.375,-7.03125
Sub_11lux 63.1,138,91.40625,84.375,-7.03125
Sub_11lux 63.1,139,91.40625,84.375,-7.03125
Sub_11lux 63.1,140,91.40625,84.375,-7.03125
Sub_11lux 63.1,141,91.40625,84.375,-7.03125
Sub_11lux 63.1,142,91.40625,84.375,-7.03125
Sub_11lux 63.1,143,91.40625,84.375,-7.03125
Sub_11lux 63.1,144,91.40625,84.375,-7.03125
Sub_11lux 63.1,145,91.40625,84.375,-7.03125
Sub_11lux 63.1,146,91.40625,84.375,-7.03125
Sub_11lux 63.1,147,91.40625,84.375,-7.03125
Sub_11lux 63.1,148,91.40625,91.40625,0.0
Sub_11lux 63.1,149,91.40625,91.40625,0.0
Sub_11lux 63.1,150,91.40625,98.4375,7.03125
Sub_11lux 63.1,151,91.40625,91.40625,0.0
Sub_11lux 63.1,152,84.375,91.40625,7.03125
Sub_11lux 63.1,153,84.375,84.375,0.0
Sub_12lux 10.0,0,98.4375,91.40625,-7.03125
Sub_12lux 10.0,1,98.4375,91.40625,-7.03125
Sub_12lux 10.0,2,98.4375,91.40625,-7.03125
Sub_12lux 10.0,3,98.4375,91.40625,-7.03125
Sub_12lux 10.0,4,98.4375,84.375,-14.0625
Sub_12lux 10.0,5,98.4375,77.34375,-21.09375
Sub_12lux 10.0,6,98.4375,84.375,-14.0625
Sub_12lux 10.0,7,98.4375,84.375,-14.0625
Sub_12lux 10.0,8,98.4375,84.375,-14.0625
Sub_12lux 10.0,9,98.4375,84.375,-14.0625
Sub_12lux 10.0,10,98.4375,84.375,-14.0625
Sub_12lux 10.0,11,98.4375,70.3125,-28.125
Sub_12lux 10.0,12,98.4375,84.375,-14.0625
Sub_12lux 10.0,13,98.4375,77.34375,-21.09375
Sub_12lux 10.0,14,98.4375,84.375,-14.0625
Sub_12lux 10.0,15,98.4375,77.34375,-21.09375
Sub_12lux 10.0,16,98.4375,77.34375,-21.09375
Sub_12lux 10.0,17,98.4375,91.40625,-7.03125
Sub_12lux 10.0,18,98.4375,77.34375,-21.09375
Sub_12lux 10.0,19,98.4375,77.34375,-21.09375
Sub_12lux 10.0,20,98.4375,91.40625,-7.03125
Sub_12lux 10.0,21,98.4375,77.34375,-21.09375
Sub_12lux 10.0,22,98.4375,91.40625,-7.03125
Sub_12lux 10.0,23,98.4375,91.40625,-7.03125
Sub_12lux 10.0,24,98.4375,98.4375,0.0
Sub_12lux 10.0,25,98.4375,91.40625,-7.03125
Sub_12lux 10.0,26,98.4375,91.40625,-7.03125
Sub_12lux 10.0,27,98.4375,70.3125,-28.125
Sub_12lux 10.0,28,98.4375,91.40625,-7.03125
Sub_12lux 10.0,29,98.4375,84.375,-14.0625
Sub_12lux 10.0,30,98.4375,84.375,-14.0625
Sub_12lux 10.0,31,98.4375,91.40625,-7.03125
Sub_12lux 10.0,32,98.4375,84.375,-14.0625
Sub_12lux 10.0,33,98.4375,84.375,-14.0625
Sub_12lux 10.0,34,98.4375,84.375,-14.0625
Sub_12lux 10.0,35,98.4375,98.4375,0.0
Sub_12lux 10.0,36,98.4375,84.375,-14.0625
Sub_12lux 10.0,37,98.4375,98.4375,0.0
Sub_12lux 10.0,38,98.4375,98.4375,0.0
Sub_12lux 10.0,39,105.46875,98.4375,-7.03125
Sub_12lux 10.0,40,105.46875,98.4375,-7.03125
Sub_12lux 10.0,41,105.46875,98.4375,-7.03125
Sub_12lux 10.0,42,105.46875,98.4375,-7.03125
Sub_12lux 10.0,43,98.4375,98.4375,0.0
Sub_12lux 10.0,44,98.4375,98.4375,0.0
Sub_12lux 10.0,45,98.4375,91.40625,-7.03125
Sub_12lux 10.0,46,98.4375,98.4375,0.0
Sub_12lux 10.0,47,98.4375,98.4375,0.0
Sub_12lux 10.0,48,98.4375,98.4375,0.0
Sub_12lux 10.0,49,98.4375,98.4375,0.0
Sub_12lux 10.0,50,98.4375,98.4375,0.0
Sub_12lux 10.0,51,98.4375,98.4375,0.0
Sub_12lux 10.0,52,98.4375,98.4375,0.0
Sub_12lux 10.0,53,98.4375,98.4375,0.0
Sub_12lux 10.0,54,98.4375,98.4375,0.0
Sub_12lux 10.0,55,98.4375,98.4375,0.0
Sub_12lux 10.0,56,98.4375,98.4375,0.0
Sub_12lux 10.0,57,98.4375,84.375,-14.0625
Sub_12lux 10.0,58,98.4375,98.4375,0.0
Sub_12lux 10.0,59,98.4375,98.4375,0.0
Sub_12lux 10.0,60,98.4375,98.4375,0.0
Sub_12lux 10.0,61,98.4375,98.4375,0.0
Sub_12lux 10.0,62,98.4375,91.40625,-7.03125
Sub_12lux 10.0,63,98.4375,98.4375,0.0
Sub_12lux 10.0,64,98.4375,98.4375,0.0
Sub_12lux 10.0,65,98.4375,98.4375,0.0
Sub_12lux 10.0,66,98.4375,91.40625,-7.03125
Sub_12lux 10.0,67,98.4375,91.40625,-7.03125
Sub_12lux 10.0,68,98.4375,91.40625,-7.03125
Sub_12lux 10.0,69,98.4375,91.40625,-7.03125
Sub_12lux 10.0,70,98.4375,91.40625,-7.03125
Sub_12lux 10.0,71,98.4375,98.4375,0.0
Sub_12lux 10.0,72,98.4375,98.4375,0.0
Sub_12lux 10.0,73,98.4375,98.4375,0.0
Sub_12lux 10.0,74,98.4375,98.4375,0.0
Sub_12lux 10.0,75,98.4375,91.40625,-7.03125
Sub_12lux 10.0,76,98.4375,98.4375,0.0
Sub_12lux 10.0,77,98.4375,84.375,-14.0625
Sub_12lux 10.0,78,98.4375,98.4375,0.0
Sub_12lux 10.0,79,98.4375,91.40625,-7.03125
Sub_12lux 10.0,80,98.4375,84.375,-14.0625
Sub_12lux 10.0,81,98.4375,84.375,-14.0625
Sub_12lux 10.0,82,98.4375,63.28125,-35.15625
Sub_12lux 10.0,83,98.4375,91.40625,-7.03125
Sub_12lux 10.0,84,98.4375,84.375,-14.0625
Sub_12lux 10.0,85,98.4375,91.40625,-7.03125
Sub_12lux 10.0,86,98.4375,91.40625,-7.03125
Sub_12lux 10.0,87,98.4375,91.40625,-7.03125
Sub_12lux 10.0,88,98.4375,84.375,-14.0625
Sub_12lux 10.0,89,98.4375,91.40625,-7.03125
Sub_12lux 10.0,90,98.4375,91.40625,-7.03125
Sub_12lux 10.0,91,98.4375,98.4375,0.0
Sub_12lux 10.0,92,98.4375,84.375,-14.0625
Sub_12lux 10.0,93,98.4375,98.4375,0.0
Sub_12lux 10.0,94,98.4375,84.375,-14.0625
Sub_12lux 10.0,95,98.4375,84.375,-14.0625
Sub_12lux 10.0,96,98.4375,84.375,-14.0625
Sub_12lux 10.0,97,98.4375,84.375,-14.0625
Sub_12lux 10.0,98,98.4375,98.4375,0.0
Sub_12lux 10.0,99,98.4375,98.4375,0.0
Sub_12lux 10.0,100,98.4375,98.4375,0.0
Sub_12lux 10.0,101,98.4375,98.4375,0.0
Sub_12lux 10.0,102,98.4375,98.4375,0.0
Sub_12lux 10.0,103,98.4375,98.4375,0.0
Sub_12lux 10.0,104,98.4375,98.4375,0.0
Sub_12lux 10.0,105,98.4375,98.4375,0.0
Sub_12lux 10.0,106,98.4375,98.4375,0.0
Sub_12lux 10.0,107,98.4375,91.40625,-7.03125
Sub_12lux 10.0,108,98.4375,91.40625,-7.03125
Sub_12lux 10.0,109,98.4375,91.40625,-7.03125
Sub_12lux 10.0,110,98.4375,91.40625,-7.03125
Sub_12lux 10.0,111,98.4375,91.40625,-7.03125
Sub_12lux 10.0,112,98.4375,98.4375,0.0
Sub_12lux 10.0,113,98.4375,98.4375,0.0
Sub_12lux 10.0,114,98.4375,98.4375,0.0
Sub_12lux 10.0,115,98.4375,98.4375,0.0
Sub_12lux 10.0,116,98.4375,98.4375,0.0
Sub_12lux 10.0,117,98.4375,98.4375,0.0
Sub_12lux 10.0,118,98.4375,98.4375,0.0
Sub_12lux 10.0,119,98.4375,98.4375,0.0
Sub_12lux 10.0,120,98.4375,98.4375,0.0
Sub_12lux 10.0,121,98.4375,91.40625,-7.03125
Sub_12lux 10.0,122,98.4375,98.4375,0.0
Sub_12lux 10.0,123,98.4375,98.4375,0.0
Sub_12lux 10.0,124,98.4375,98.4375,0.0
Sub_12lux 10.0,125,98.4375,98.4375,0.0
Sub_12lux 10.0,126,98.4375,98.4375,0.0
Sub_12lux 10.0,127,98.4375,98.4375,0.0
Sub_12lux 10.0,128,98.4375,98.4375,0.0
Sub_12lux 10.0,129,98.4375,98.4375,0.0
Sub_12lux 10.0,130,98.4375,91.40625,-7.03125
Sub_12lux 10.0,131,91.40625,91.40625,0.0
Sub_12lux 10.0,132,91.40625,91.40625,0.0
Sub_12lux 10.0,133,91.40625,91.40625,0.0
Sub_12lux 10.0,134,91.40625,91.40625,0.0
Sub_12lux 10.0,135,91.40625,91.40625,0.0
Sub_12lux 10.0,136,91.40625,91.40625,0.0
Sub_12lux 10.0,137,91.40625,77.34375,-14.0625
Sub_12lux 10.0,138,91.40625,91.40625,0.0
Sub_12lux 10.0,139,91.40625,91.40625,0.0
Sub_12lux 10.0,140,91.40625,91.40625,0.0
Sub_12lux 10.0,141,91.40625,84.375,-7.03125
Sub_12lux 10.0,142,91.40625,84.375,-7.03125
Sub_12lux 10.0,143,98.4375,84.375,-14.0625
Sub_12lux 10.0,144,98.4375,84.375,-14.0625
Sub_12lux 10.0,145,98.4375,84.375,-14.0625
Sub_12lux 10.0,146,98.4375,84.375,-14.0625
Sub_12lux 10.0,147,98.4375,84.375,-14.0625
Sub_12lux 10.0,148,98.4375,84.375,-14.0625
Sub_12lux 10.0,149,98.4375,84.375,-14.0625
Sub_12lux 10.0,150,98.4375,84.375,-14.0625
Sub_12lux 10.0,151,98.4375,84.375,-14.0625
Sub_12lux 10.0,152,98.4375,84.375,-14.0625
Sub_12lux 10.0,153,98.4375,77.34375,-21.09375
Sub_12lux 100.0,0,98.4375,77.34375,-21.09375
Sub_12lux 100.0,1,98.4375,98.4375,0.0
Sub_12lux 100.0,2,98.4375,98.4375,0.0
Sub_12lux 100.0,3,98.4375,98.4375,0.0
Sub_12lux 100.0,4,98.4375,91.40625,-7.03125
Sub_12lux 100.0,5,98.4375,91.40625,-7.03125
Sub_12lux 100.0,6,98.4375,91.40625,-7.03125
Sub_12lux 100.0,7,98.4375,98.4375,0.0
Sub_12lux 100.0,8,98.4375,91.40625,-7.03125
Sub_12lux 100.0,9,98.4375,91.40625,-7.03125
Sub_12lux 100.0,10,98.4375,91.40625,-7.03125
Sub_12lux 100.0,11,98.4375,77.34375,-21.09375
Sub_12lux 100.0,12,98.4375,98.4375,0.0
Sub_12lux 100.0,13,98.4375,91.40625,-7.03125
Sub_12lux 100.0,14,98.4375,91.40625,-7.03125
Sub_12lux 100.0,15,98.4375,91.40625,-7.03125
Sub_12lux 100.0,16,98.4375,98.4375,0.0
Sub_12lux 100.0,17,98.4375,91.40625,-7.03125
Sub_12lux 100.0,18,98.4375,98.4375,0.0
Sub_12lux 100.0,19,98.4375,77.34375,-21.09375
Sub_12lux 100.0,20,98.4375,98.4375,0.0
Sub_12lux 100.0,21,98.4375,98.4375,0.0
Sub_12lux 100.0,22,98.4375,98.4375,0.0
Sub_12lux 100.0,23,98.4375,98.4375,0.0
Sub_12lux 100.0,24,98.4375,98.4375,0.0
Sub_12lux 100.0,25,98.4375,98.4375,0.0
Sub_12lux 100.0,26,98.4375,98.4375,0.0
Sub_12lux 100.0,27,98.4375,98.4375,0.0
Sub_12lux 100.0,28,98.4375,98.4375,0.0
Sub_12lux 100.0,29,98.4375,98.4375,0.0
Sub_12lux 100.0,30,98.4375,98.4375,0.0
Sub_12lux 100.0,31,98.4375,98.4375,0.0
Sub_12lux 100.0,32,98.4375,98.4375,0.0
Sub_12lux 100.0,33,98.4375,98.4375,0.0
Sub_12lux 100.0,34,98.4375,98.4375,0.0
Sub_12lux 100.0,35,98.4375,98.4375,0.0
Sub_12lux 100.0,36,98.4375,98.4375,0.0
Sub_12lux 100.0,37,98.4375,98.4375,0.0
Sub_12lux 100.0,38,98.4375,98.4375,0.0
Sub_12lux 100.0,39,98.4375,98.4375,0.0
Sub_12lux 100.0,40,98.4375,98.4375,0.0
Sub_12lux 100.0,41,98.4375,91.40625,-7.03125
Sub_12lux 100.0,42,98.4375,98.4375,0.0
Sub_12lux 100.0,43,98.4375,91.40625,-7.03125
Sub_12lux 100.0,44,98.4375,91.40625,-7.03125
Sub_12lux 100.0,45,98.4375,91.40625,-7.03125
Sub_12lux 100.0,46,98.4375,91.40625,-7.03125
Sub_12lux 100.0,47,98.4375,91.40625,-7.03125
Sub_12lux 100.0,48,98.4375,91.40625,-7.03125
Sub_12lux 100.0,49,98.4375,91.40625,-7.03125
Sub_12lux 100.0,50,98.4375,91.40625,-7.03125
Sub_12lux 100.0,51,98.4375,91.40625,-7.03125
Sub_12lux 100.0,52,98.4375,91.40625,-7.03125
Sub_12lux 100.0,53,98.4375,91.40625,-7.03125
Sub_12lux 100.0,54,98.4375,91.40625,-7.03125
Sub_12lux 100.0,55,98.4375,91.40625,-7.03125
Sub_12lux 100.0,56,98.4375,91.40625,-7.03125
Sub_12lux 100.0,57,98.4375,91.40625,-7.03125
Sub_12lux 100.0,58,98.4375,91.40625,-7.03125
Sub_12lux 100.0,59,98.4375,91.40625,-7.03125
Sub_12lux 100.0,60,98.4375,91.40625,-7.03125
Sub_12lux 100.0,61,98.4375,91.40625,-7.03125
Sub_12lux 100.0,62,98.4375,91.40625,-7.03125
Sub_12lux 100.0,63,98.4375,91.40625,-7.03125
Sub_12lux 100.0,64,98.4375,91.40625,-7.03125
Sub_12lux 100.0,65,98.4375,91.40625,-7.03125
Sub_12lux 100.0,66,98.4375,91.40625,-7.03125
Sub_12lux 100.0,67,98.4375,98.4375,0.0
Sub_12lux 100.0,68,98.4375,105.46875,7.03125
Sub_12lux 100.0,69,98.4375,98.4375,0.0
Sub_12lux 100.0,70,98.4375,84.375,-14.0625
Sub_12lux 100.0,71,98.4375,98.4375,0.0
Sub_12lux 100.0,72,98.4375,98.4375,0.0
Sub_12lux 100.0,73,98.4375,98.4375,0.0
Sub_12lux 100.0,74,98.4375,98.4375,0.0
Sub_12lux 100.0,75,98.4375,98.4375,0.0
Sub_12lux 100.0,76,98.4375,98.4375,0.0
Sub_12lux 100.0,77,98.4375,105.46875,7.03125
Sub_12lux 100.0,78,105.46875,98.4375,-7.03125
Sub_12lux 100.0,79,105.46875,91.40625,-14.0625
Sub_12lux 100.0,80,105.46875,84.375,-21.09375
Sub_12lux 100.0,81,91.40625,91.40625,0.0
Sub_12lux 100.0,82,91.40625,84.375,-7.03125
Sub_12lux 100.0,83,91.40625,84.375,-7.03125
Sub_12lux 100.0,84,91.40625,84.375,-7.03125
Sub_12lux 100.0,85,91.40625,91.40625,0.0
Sub_12lux 100.0,86,91.40625,91.40625,0.0
Sub_12lux 100.0,87,91.40625,91.40625,0.0
Sub_12lux 100.0,88,91.40625,84.375,-7.03125
Sub_12lux 100.0,89,91.40625,84.375,-7.03125
Sub_12lux 100.0,90,91.40625,84.375,-7.03125
Sub_12lux 100.0,91,91.40625,84.375,-7.03125
Sub_12lux 100.0,92,91.40625,84.375,-7.03125
Sub_12lux 100.0,93,91.40625,84.375,-7.03125
Sub_12lux 100.0,94,91.40625,84.375,-7.03125
Sub_12lux 100.0,95,91.40625,84.375,-7.03125
Sub_12lux 100.0,96,91.40625,84.375,-7.03125
Sub_12lux 100.0,97,91.40625,84.375,-7.03125
Sub_12lux 100.0,98,91.40625,84.375,-7.03125
Sub_12lux 100.0,99,91.40625,91.40625,0.0
Sub_12lux 100.0,100,91.40625,91.40625,0.0
Sub_12lux 100.0,101,91.40625,91.40625,0.0
Sub_12lux 100.0,102,91.40625,91.40625,0.0
Sub_12lux 100.0,103,98.4375,91.40625,-7.03125
Sub_12lux 100.0,104,98.4375,91.40625,-7.03125
Sub_12lux 100.0,105,98.4375,91.40625,-7.03125
Sub_12lux 100.0,106,98.4375,91.40625,-7.03125
Sub_12lux 100.0,107,98.4375,91.40625,-7.03125
Sub_12lux 100.0,108,98.4375,91.40625,-7.03125
Sub_12lux 100.0,109,98.4375,91.40625,-7.03125
Sub_12lux 100.0,110,98.4375,91.40625,-7.03125
Sub_12lux 100.0,111,98.4375,98.4375,0.0
Sub_12lux 100.0,112,98.4375,91.40625,-7.03125
Sub_12lux 100.0,113,98.4375,98.4375,0.0
Sub_12lux 100.0,114,98.4375,98.4375,0.0
Sub_12lux 100.0,115,98.4375,91.40625,-7.03125
Sub_12lux 100.0,116,98.4375,98.4375,0.0
Sub_12lux 100.0,117,98.4375,91.40625,-7.03125
Sub_12lux 100.0,118,98.4375,98.4375,0.0
Sub_12lux 100.0,119,98.4375,91.40625,-7.03125
Sub_12lux 100.0,120,98.4375,91.40625,-7.03125
Sub_12lux 100.0,121,98.4375,91.40625,-7.03125
Sub_12lux 100.0,122,98.4375,91.40625,-7.03125
Sub_12lux 100.0,123,98.4375,91.40625,-7.03125
Sub_12lux 100.0,124,98.4375,91.40625,-7.03125
Sub_12lux 100.0,125,98.4375,91.40625,-7.03125
Sub_12lux 100.0,126,98.4375,91.40625,-7.03125
Sub_12lux 100.0,127,98.4375,91.40625,-7.03125
Sub_12lux 100.0,128,98.4375,91.40625,-7.03125
Sub_12lux 100.0,129,98.4375,91.40625,-7.03125
Sub_12lux 100.0,130,98.4375,91.40625,-7.03125
Sub_12lux 100.0,131,98.4375,91.40625,-7.03125
Sub_12lux 100.0,132,98.4375,91.40625,-7.03125
Sub_12lux 100.0,133,98.4375,91.40625,-7.03125
Sub_12lux 100.0,134,98.4375,91.40625,-7.03125
Sub_12lux 100.0,135,98.4375,91.40625,-7.03125
Sub_12lux 100.0,136,98.4375,91.40625,-7.03125
Sub_12lux 100.0,137,98.4375,91.40625,-7.03125
Sub_12lux 100.0,138,98.4375,91.40625,-7.03125
Sub_12lux 100.0,139,98.4375,98.4375,0.0
Sub_12lux 100.0,140,98.4375,91.40625,-7.03125
Sub_12lux 100.0,141,98.4375,98.4375,0.0
Sub_12lux 100.0,142,98.4375,98.4375,0.0
Sub_12lux 100.0,143,98.4375,98.4375,0.0
Sub_12lux 100.0,144,98.4375,98.4375,0.0
Sub_12lux 100.0,145,98.4375,98.4375,0.0
Sub_12lux 100.0,146,98.4375,98.4375,0.0
Sub_12lux 100.0,147,98.4375,98.4375,0.0
Sub_12lux 100.0,148,98.4375,98.4375,0.0
Sub_12lux 100.0,149,98.4375,98.4375,0.0
Sub_12lux 100.0,150,98.4375,98.4375,0.0
Sub_12lux 100.0,151,98.4375,98.4375,0.0
Sub_12lux 100.0,152,98.4375,98.4375,0.0
Sub_12lux 100.0,153,98.4375,98.4375,0.0
Sub_12lux 15.8,0,91.40625,105.46875,14.0625
Sub_12lux 15.8,1,91.40625,91.40625,0.0
Sub_12lux 15.8,2,91.40625,84.375,-7.03125
Sub_12lux 15.8,3,91.40625,105.46875,14.0625
Sub_12lux 15.8,4,91.40625,91.40625,0.0
Sub_12lux 15.8,5,91.40625,105.46875,14.0625
Sub_12lux 15.8,6,91.40625,91.40625,0.0
Sub_12lux 15.8,7,91.40625,91.40625,0.0
Sub_12lux 15.8,8,91.40625,91.40625,0.0
Sub_12lux 15.8,9,98.4375,91.40625,-7.03125
Sub_12lux 15.8,10,98.4375,91.40625,-7.03125
Sub_12lux 15.8,11,98.4375,98.4375,0.0
Sub_12lux 15.8,12,98.4375,91.40625,-7.03125
Sub_12lux 15.8,13,98.4375,98.4375,0.0
Sub_12lux 15.8,14,98.4375,98.4375,0.0
Sub_12lux 15.8,15,98.4375,84.375,-14.0625
Sub_12lux 15.8,16,98.4375,98.4375,0.0
Sub_12lux 15.8,17,98.4375,98.4375,0.0
Sub_12lux 15.8,18,98.4375,98.4375,0.0
Sub_12lux 15.8,19,98.4375,98.4375,0.0
Sub_12lux 15.8,20,98.4375,98.4375,0.0
Sub_12lux 15.8,21,98.4375,98.4375,0.0
Sub_12lux 15.8,22,98.4375,98.4375,0.0
Sub_12lux 15.8,23,98.4375,98.4375,0.0
Sub_12lux 15.8,24,98.4375,98.4375,0.0
Sub_12lux 15.8,25,98.4375,77.34375,-21.09375
Sub_12lux 15.8,26,98.4375,98.4375,0.0
Sub_12lux 15.8,27,98.4375,105.46875,7.03125
Sub_12lux 15.8,28,98.4375,105.46875,7.03125
Sub_12lux 15.8,29,98.4375,70.3125,-28.125
Sub_12lux 15.8,30,98.4375,105.46875,7.03125
Sub_12lux 15.8,31,98.4375,91.40625,-7.03125
Sub_12lux 15.8,32,98.4375,91.40625,-7.03125
Sub_12lux 15.8,33,98.4375,91.40625,-7.03125
Sub_12lux 15.8,34,98.4375,91.40625,-7.03125
Sub_12lux 15.8,35,98.4375,91.40625,-7.03125
Sub_12lux 15.8,36,98.4375,91.40625,-7.03125
Sub_12lux 15.8,37,98.4375,91.40625,-7.03125
Sub_12lux 15.8,38,98.4375,91.40625,-7.03125
Sub_12lux 15.8,39,98.4375,84.375,-14.0625
Sub_12lux 15.8,40,98.4375,98.4375,0.0
Sub_12lux 15.8,41,98.4375,98.4375,0.0
Sub_12lux 15.8,42,98.4375,84.375,-14.0625
Sub_12lux 15.8,43,98.4375,98.4375,0.0
Sub_12lux 15.8,44,98.4375,84.375,-14.0625
Sub_12lux 15.8,45,98.4375,98.4375,0.0
Sub_12lux 15.8,46,98.4375,84.375,-14.0625
Sub_12lux 15.8,47,98.4375,84.375,-14.0625
Sub_12lux 15.8,48,98.4375,84.375,-14.0625
Sub_12lux 15.8,49,98.4375,98.4375,0.0
Sub_12lux 15.8,50,98.4375,98.4375,0.0
Sub_12lux 15.8,51,98.4375,98.4375,0.0
Sub_12lux 15.8,52,98.4375,98.4375,0.0
Sub_12lux 15.8,53,98.4375,98.4375,0.0
Sub_12lux 15.8,54,98.4375,98.4375,0.0
Sub_12lux 15.8,55,98.4375,98.4375,0.0
Sub_12lux 15.8,56,98.4375,98.4375,0.0
Sub_12lux 15.8,57,98.4375,98.4375,0.0
Sub_12lux 15.8,58,98.4375,98.4375,0.0
Sub_12lux 15.8,59,98.4375,98.4375,0.0
Sub_12lux 15.8,60,98.4375,98.4375,0.0
Sub_12lux 15.8,61,98.4375,98.4375,0.0
Sub_12lux 15.8,62,98.4375,98.4375,0.0
Sub_12lux 15.8,63,98.4375,98.4375,0.0
Sub_12lux 15.8,64,98.4375,98.4375,0.0
Sub_12lux 15.8,65,98.4375,98.4375,0.0
Sub_12lux 15.8,66,98.4375,98.4375,0.0
Sub_12lux 15.8,67,98.4375,98.4375,0.0
Sub_12lux 15.8,68,98.4375,98.4375,0.0
Sub_12lux 15.8,69,98.4375,98.4375,0.0
Sub_12lux 15.8,70,98.4375,98.4375,0.0
Sub_12lux 15.8,71,98.4375,98.4375,0.0
Sub_12lux 15.8,72,98.4375,91.40625,-7.03125
Sub_12lux 15.8,73,98.4375,98.4375,0.0
Sub_12lux 15.8,74,98.4375,91.40625,-7.03125
Sub_12lux 15.8,75,98.4375,98.4375,0.0
Sub_12lux 15.8,76,98.4375,91.40625,-7.03125
Sub_12lux 15.8,77,98.4375,98.4375,0.0
Sub_12lux 15.8,78,98.4375,91.40625,-7.03125
Sub_12lux 15.8,79,98.4375,98.4375,0.0
Sub_12lux 15.8,80,98.4375,91.40625,-7.03125
Sub_12lux 15.8,81,98.4375,91.40625,-7.03125
Sub_12lux 15.8,82,98.4375,98.4375,0.0
Sub_12lux 15.8,83,98.4375,98.4375,0.0
Sub_12lux 15.8,84,98.4375,98.4375,0.0
Sub_12lux 15.8,85,98.4375,91.40625,-7.03125
Sub_12lux 15.8,86,98.4375,91.40625,-7.03125
Sub_12lux 15.8,87,98.4375,98.4375,0.0
Sub_12lux 15.8,88,98.4375,98.4375,0.0
Sub_12lux 15.8,89,98.4375,91.40625,-7.03125
Sub_12lux 15.8,90,98.4375,98.4375,0.0
Sub_12lux 15.8,91,98.4375,70.3125,-28.125
Sub_12lux 15.8,92,98.4375,91.40625,-7.03125
Sub_12lux 15.8,93,98.4375,91.40625,-7.03125
Sub_12lux 15.8,94,98.4375,91.40625,-7.03125
Sub_12lux 15.8,95,98.4375,91.40625,-7.03125
Sub_12lux 15.8,96,98.4375,70.3125,-28.125
Sub_12lux 15.8,97,98.4375,70.3125,-28.125
Sub_12lux 15.8,98,98.4375,70.3125,-28.125
Sub_12lux 15.8,99,98.4375,77.34375,-21.09375
Sub_12lux 15.8,100,98.4375,77.34375,-21.09375
Sub_12lux 15.8,101,98.4375,77.34375,-21.09375
Sub_12lux 15.8,102,98.4375,77.34375,-21.09375
Sub_12lux 15.8,103,98.4375,77.34375,-21.09375
Sub_12lux 15.8,104,98.4375,77.34375,-21.09375
Sub_12lux 15.8,105,98.4375,98.4375,0.0
Sub_12lux 15.8,106,98.4375,91.40625,-7.03125
Sub_12lux 15.8,107,98.4375,98.4375,0.0
Sub_12lux 15.8,108,98.4375,91.40625,-7.03125
Sub_12lux 15.8,109,98.4375,98.4375,0.0
Sub_12lux 15.8,110,98.4375,91.40625,-7.03125
Sub_12lux 15.8,111,98.4375,84.375,-14.0625
Sub_12lux 15.8,112,98.4375,98.4375,0.0
Sub_12lux 15.8,113,98.4375,98.4375,0.0
Sub_12lux 15.8,114,98.4375,91.40625,-7.03125
Sub_12lux 15.8,115,98.4375,84.375,-14.0625
Sub_12lux 15.8,116,98.4375,91.40625,-7.03125
Sub_12lux 15.8,117,98.4375,84.375,-14.0625
Sub_12lux 15.8,118,98.4375,91.40625,-7.03125
Sub_12lux 15.8,119,98.4375,91.40625,-7.03125
Sub_12lux 15.8,120,98.4375,84.375,-14.0625
Sub_12lux 15.8,121,98.4375,91.40625,-7.03125
Sub_12lux 15.8,122,98.4375,84.375,-14.0625
Sub_12lux 15.8,123,98.4375,84.375,-14.0625
Sub_12lux 15.8,124,98.4375,98.4375,0.0
Sub_12lux 15.8,125,98.4375,91.40625,-7.03125
Sub_12lux 15.8,126,98.4375,98.4375,0.0
Sub_12lux 15.8,127,98.4375,70.3125,-28.125
Sub_12lux 15.8,128,98.4375,98.4375,0.0
Sub_12lux 15.8,129,98.4375,98.4375,0.0
Sub_12lux 15.8,130,98.4375,98.4375,0.0
Sub_12lux 15.8,131,98.4375,98.4375,0.0
Sub_12lux 15.8,132,98.4375,98.4375,0.0
Sub_12lux 15.8,133,98.4375,84.375,-14.0625
Sub_12lux 15.8,134,98.4375,98.4375,0.0
Sub_12lux 15.8,135,98.4375,84.375,-14.0625
Sub_12lux 15.8,136,98.4375,84.375,-14.0625
Sub_12lux 15.8,137,98.4375,84.375,-14.0625
Sub_12lux 15.8,138,98.4375,84.375,-14.0625
Sub_12lux 15.8,139,98.4375,84.375,-14.0625
Sub_12lux 15.8,140,98.4375,84.375,-14.0625
Sub_12lux 15.8,141,98.4375,84.375,-14.0625
Sub_12lux 15.8,142,98.4375,105.46875,7.03125
Sub_12lux 15.8,143,98.4375,105.46875,7.03125
Sub_12lux 15.8,144,98.4375,77.34375,-21.09375
Sub_12lux 15.8,145,98.4375,91.40625,-7.03125
Sub_12lux 15.8,146,98.4375,105.46875,7.03125
Sub_12lux 15.8,147,98.4375,98.4375,0.0
Sub_12lux 15.8,148,98.4375,98.4375,0.0
Sub_12lux 15.8,149,98.4375,98.4375,0.0
Sub_12lux 15.8,150,98.4375,98.4375,0.0
Sub_12lux 15.8,151,98.4375,98.4375,0.0
Sub_12lux 15.8,152,98.4375,98.4375,0.0
Sub_12lux 15.8,153,98.4375,98.4375,0.0
Sub_12lux 25.1,0,98.4375,77.34375,-21.09375
Sub_12lux 25.1,1,98.4375,98.4375,0.0
Sub_12lux 25.1,2,98.4375,98.4375,0.0
Sub_12lux 25.1,3,98.4375,98.4375,0.0
Sub_12lux 25.1,4,98.4375,70.3125,-28.125
Sub_12lux 25.1,5,98.4375,98.4375,0.0
Sub_12lux 25.1,6,98.4375,91.40625,-7.03125
Sub_12lux 25.1,7,98.4375,98.4375,0.0
Sub_12lux 25.1,8,98.4375,98.4375,0.0
Sub_12lux 25.1,9,98.4375,98.4375,0.0
Sub_12lux 25.1,10,98.4375,98.4375,0.0
Sub_12lux 25.1,11,98.4375,98.4375,0.0
Sub_12lux 25.1,12,98.4375,98.4375,0.0
Sub_12lux 25.1,13,98.4375,98.4375,0.0
Sub_12lux 25.1,14,98.4375,98.4375,0.0
Sub_12lux 25.1,15,98.4375,98.4375,0.0
Sub_12lux 25.1,16,98.4375,98.4375,0.0
Sub_12lux 25.1,17,98.4375,98.4375,0.0
Sub_12lux 25.1,18,98.4375,84.375,-14.0625
Sub_12lux 25.1,19,98.4375,84.375,-14.0625
Sub_12lux 25.1,20,98.4375,98.4375,0.0
Sub_12lux 25.1,21,98.4375,84.375,-14.0625
Sub_12lux 25.1,22,98.4375,84.375,-14.0625
Sub_12lux 25.1,23,98.4375,98.4375,0.0
Sub_12lux 25.1,24,98.4375,98.4375,0.0
Sub_12lux 25.1,25,98.4375,98.4375,0.0
Sub_12lux 25.1,26,98.4375,98.4375,0.0
Sub_12lux 25.1,27,98.4375,91.40625,-7.03125
Sub_12lux 25.1,28,98.4375,98.4375,0.0
Sub_12lux 25.1,29,98.4375,91.40625,-7.03125
Sub_12lux 25.1,30,98.4375,91.40625,-7.03125
Sub_12lux 25.1,31,98.4375,91.40625,-7.03125
Sub_12lux 25.1,32,98.4375,91.40625,-7.03125
Sub_12lux 25.1,33,98.4375,91.40625,-7.03125
Sub_12lux 25.1,34,98.4375,91.40625,-7.03125
Sub_12lux 25.1,35,98.4375,91.40625,-7.03125
Sub_12lux 25.1,36,98.4375,91.40625,-7.03125
Sub_12lux 25.1,37,98.4375,91.40625,-7.03125
Sub_12lux 25.1,38,98.4375,91.40625,-7.03125
Sub_12lux 25.1,39,98.4375,91.40625,-7.03125
Sub_12lux 25.1,40,98.4375,91.40625,-7.03125
Sub_12lux 25.1,41,98.4375,91.40625,-7.03125
Sub_12lux 25.1,42,98.4375,91.40625,-7.03125
Sub_12lux 25.1,43,98.4375,70.3125,-28.125
Sub_12lux 25.1,44,98.4375,91.40625,-7.03125
Sub_12lux 25.1,45,98.4375,91.40625,-7.03125
Sub_12lux 25.1,46,98.4375,70.3125,-28.125
Sub_12lux 25.1,47,98.4375,98.4375,0.0
Sub_12lux 25.1,48,98.4375,91.40625,-7.03125
Sub_12lux 25.1,49,98.4375,98.4375,0.0
Sub_12lux 25.1,50,98.4375,98.4375,0.0
Sub_12lux 25.1,51,98.4375,98.4375,0.0
Sub_12lux 25.1,52,98.4375,98.4375,0.0
Sub_12lux 25.1,53,98.4375,91.40625,-7.03125
Sub_12lux 25.1,54,98.4375,70.3125,-28.125
Sub_12lux 25.1,55,98.4375,98.4375,0.0
Sub_12lux 25.1,56,98.4375,91.40625,-7.03125
Sub_12lux 25.1,57,98.4375,98.4375,0.0
Sub_12lux 25.1,58,98.4375,91.40625,-7.03125
Sub_12lux 25.1,59,98.4375,98.4375,0.0
Sub_12lux 25.1,60,98.4375,91.40625,-7.03125
Sub_12lux 25.1,61,98.4375,98.4375,0.0
Sub_12lux 25.1,62,98.4375,91.40625,-7.03125
Sub_12lux 25.1,63,98.4375,91.40625,-7.03125
Sub_12lux 25.1,64,98.4375,91.40625,-7.03125
Sub_12lux 25.1,65,98.4375,91.40625,-7.03125
Sub_12lux 25.1,66,98.4375,91.40625,-7.03125
Sub_12lux 25.1,67,98.4375,91.40625,-7.03125
Sub_12lux 25.1,68,98.4375,91.40625,-7.03125
Sub_12lux 25.1,69,98.4375,91.40625,-7.03125
Sub_12lux 25.1,70,98.4375,91.40625,-7.03125
Sub_12lux 25.1,71,98.4375,91.40625,-7.03125
Sub_12lux 25.1,72,98.4375,91.40625,-7.03125
Sub_12lux 25.1,73,98.4375,91.40625,-7.03125
Sub_12lux 25.1,74,98.4375,91.40625,-7.03125
Sub_12lux 25.1,75,98.4375,91.40625,-7.03125
Sub_12lux 25.1,76,98.4375,91.40625,-7.03125
Sub_12lux 25.1,77,98.4375,91.40625,-7.03125
Sub_12lux 25.1,78,98.4375,91.40625,-7.03125
Sub_12lux 25.1,79,98.4375,91.40625,-7.03125
Sub_12lux 25.1,80,98.4375,91.40625,-7.03125
Sub_12lux 25.1,81,98.4375,91.40625,-7.03125
Sub_12lux 25.1,82,98.4375,91.40625,-7.03125
Sub_12lux 25.1,83,98.4375,91.40625,-7.03125
Sub_12lux 25.1,84,98.4375,91.40625,-7.03125
Sub_12lux 25.1,85,98.4375,98.4375,0.0
Sub_12lux 25.1,86,98.4375,91.40625,-7.03125
Sub_12lux 25.1,87,98.4375,91.40625,-7.03125
Sub_12lux 25.1,88,98.4375,84.375,-14.0625
Sub_12lux 25.1,89,98.4375,98.4375,0.0
Sub_12lux 25.1,90,98.4375,98.4375,0.0
Sub_12lux 25.1,91,98.4375,98.4375,0.0
Sub_12lux 25.1,92,98.4375,98.4375,0.0
Sub_12lux 25.1,93,98.4375,98.4375,0.0
Sub_12lux 25.1,94,98.4375,98.4375,0.0
Sub_12lux 25.1,95,98.4375,98.4375,0.0
Sub_12lux 25.1,96,98.4375,98.4375,0.0
Sub_12lux 25.1,97,98.4375,98.4375,0.0
Sub_12lux 25.1,98,98.4375,98.4375,0.0
Sub_12lux 25.1,99,98.4375,98.4375,0.0
Sub_12lux 25.1,100,98.4375,98.4375,0.0
Sub_12lux 25.1,101,98.4375,98.4375,0.0
Sub_12lux 25.1,102,98.4375,98.4375,0.0
Sub_12lux 25.1,103,98.4375,98.4375,0.0
Sub_12lux 25.1,104,98.4375,98.4375,0.0
Sub_12lux 25.1,105,98.4375,98.4375,0.0
Sub_12lux 25.1,106,98.4375,98.4375,0.0
Sub_12lux 25.1,107,98.4375,98.4375,0.0
Sub_12lux 25.1,108,98.4375,98.4375,0.0
Sub_12lux 25.1,109,98.4375,98.4375,0.0
Sub_12lux 25.1,110,98.4375,98.4375,0.0
Sub_12lux 25.1,111,98.4375,98.4375,0.0
Sub_12lux 25.1,112,98.4375,105.46875,7.03125
Sub_12lux 25.1,113,98.4375,98.4375,0.0
Sub_12lux 25.1,114,98.4375,105.46875,7.03125
Sub_12lux 25.1,115,98.4375,77.34375,-21.09375
Sub_12lux 25.1,116,98.4375,98.4375,0.0
Sub_12lux 25.1,117,98.4375,91.40625,-7.03125
Sub_12lux 25.1,118,98.4375,91.40625,-7.03125
Sub_12lux 25.1,119,98.4375,105.46875,7.03125
Sub_12lux 25.1,120,98.4375,91.40625,-7.03125
Sub_12lux 25.1,121,98.4375,91.40625,-7.03125
Sub_12lux 25.1,122,98.4375,98.4375,0.0
Sub_12lux 25.1,123,98.4375,91.40625,-7.03125
Sub_12lux 25.1,124,98.4375,91.40625,-7.03125
Sub_12lux 25.1,125,98.4375,98.4375,0.0
Sub_12lux 25.1,126,98.4375,91.40625,-7.03125
Sub_12lux 25.1,127,98.4375,105.46875,7.03125
Sub_12lux 25.1,128,98.4375,98.4375,0.0
Sub_12lux 25.1,129,98.4375,91.40625,-7.03125
Sub_12lux 25.1,130,98.4375,98.4375,0.0
Sub_12lux 25.1,131,98.4375,98.4375,0.0
Sub_12lux 25.1,132,98.4375,98.4375,0.0
Sub_12lux 25.1,133,98.4375,98.4375,0.0
Sub_12lux 25.1,134,98.4375,98.4375,0.0
Sub_12lux 25.1,135,98.4375,98.4375,0.0
Sub_12lux 25.1,136,98.4375,98.4375,0.0
Sub_12lux 25.1,137,98.4375,91.40625,-7.03125
Sub_12lux 25.1,138,98.4375,98.4375,0.0
Sub_12lux 25.1,139,98.4375,98.4375,0.0
Sub_12lux 25.1,140,98.4375,98.4375,0.0
Sub_12lux 25.1,141,98.4375,98.4375,0.0
Sub_12lux 25.1,142,98.4375,98.4375,0.0
Sub_12lux 25.1,143,98.4375,98.4375,0.0
Sub_12lux 25.1,144,98.4375,98.4375,0.0
Sub_12lux 25.1,145,98.4375,98.4375,0.0
Sub_12lux 25.1,146,98.4375,84.375,-14.0625
Sub_12lux 25.1,147,98.4375,98.4375,0.0
Sub_12lux 25.1,148,98.4375,84.375,-14.0625
Sub_12lux 25.1,149,98.4375,98.4375,0.0
Sub_12lux 25.1,150,98.4375,98.4375,0.0
Sub_12lux 25.1,151,98.4375,98.4375,0.0
Sub_12lux 25.1,152,98.4375,98.4375,0.0
Sub_12lux 25.1,153,98.4375,98.4375,0.0
Sub_12lux 39.8,0,98.4375,105.46875,7.03125
Sub_12lux 39.8,1,98.4375,98.4375,0.0
Sub_12lux 39.8,2,98.4375,98.4375,0.0
Sub_12lux 39.8,3,98.4375,98.4375,0.0
Sub_12lux 39.8,4,98.4375,98.4375,0.0
Sub_12lux 39.8,5,98.4375,98.4375,0.0
Sub_12lux 39.8,6,98.4375,98.4375,0.0
Sub_12lux 39.8,7,98.4375,98.4375,0.0
Sub_12lux 39.8,8,98.4375,98.4375,0.0
Sub_12lux 39.8,9,98.4375,98.4375,0.0
Sub_12lux 39.8,10,98.4375,98.4375,0.0
Sub_12lux 39.8,11,98.4375,98.4375,0.0
Sub_12lux 39.8,12,98.4375,98.4375,0.0
Sub_12lux 39.8,13,98.4375,98.4375,0.0
Sub_12lux 39.8,14,98.4375,98.4375,0.0
Sub_12lux 39.8,15,98.4375,98.4375,0.0
Sub_12lux 39.8,16,98.4375,98.4375,0.0
Sub_12lux 39.8,17,98.4375,98.4375,0.0
Sub_12lux 39.8,18,98.4375,98.4375,0.0
Sub_12lux 39.8,19,98.4375,98.4375,0.0
Sub_12lux 39.8,20,98.4375,98.4375,0.0
Sub_12lux 39.8,21,98.4375,98.4375,0.0
Sub_12lux 39.8,22,98.4375,98.4375,0.0
Sub_12lux 39.8,23,98.4375,84.375,-14.0625
Sub_12lux 39.8,24,98.4375,91.40625,-7.03125
Sub_12lux 39.8,25,98.4375,98.4375,0.0
Sub_12lux 39.8,26,98.4375,91.40625,-7.03125
Sub_12lux 39.8,27,98.4375,91.40625,-7.03125
Sub_12lux 39.8,28,98.4375,91.40625,-7.03125
Sub_12lux 39.8,29,98.4375,98.4375,0.0
Sub_12lux 39.8,30,98.4375,91.40625,-7.03125
Sub_12lux 39.8,31,98.4375,70.3125,-28.125
Sub_12lux 39.8,32,98.4375,91.40625,-7.03125
Sub_12lux 39.8,33,98.4375,70.3125,-28.125
Sub_12lux 39.8,34,98.4375,70.3125,-28.125
Sub_12lux 39.8,35,98.4375,91.40625,-7.03125
Sub_12lux 39.8,36,98.4375,91.40625,-7.03125
Sub_12lux 39.8,37,98.4375,98.4375,0.0
Sub_12lux 39.8,38,98.4375,91.40625,-7.03125
Sub_12lux 39.8,39,98.4375,98.4375,0.0
Sub_12lux 39.8,40,98.4375,98.4375,0.0
Sub_12lux 39.8,41,98.4375,77.34375,-21.09375
Sub_12lux 39.8,42,98.4375,98.4375,0.0
Sub_12lux 39.8,43,98.4375,77.34375,-21.09375
Sub_12lux 39.8,44,98.4375,77.34375,-21.09375
Sub_12lux 39.8,45,98.4375,91.40625,-7.03125
Sub_12lux 39.8,46,98.4375,77.34375,-21.09375
Sub_12lux 39.8,47,98.4375,91.40625,-7.03125
Sub_12lux 39.8,48,98.4375,77.34375,-21.09375
Sub_12lux 39.8,49,98.4375,91.40625,-7.03125
Sub_12lux 39.8,50,98.4375,91.40625,-7.03125
Sub_12lux 39.8,51,98.4375,91.40625,-7.03125
Sub_12lux 39.8,52,98.4375,91.40625,-7.03125
Sub_12lux 39.8,53,98.4375,91.40625,-7.03125
Sub_12lux 39.8,54,98.4375,77.34375,-21.09375
Sub_12lux 39.8,55,98.4375,91.40625,-7.03125
Sub_12lux 39.8,56,98.4375,98.4375,0.0
Sub_12lux 39.8,57,98.4375,91.40625,-7.03125
Sub_12lux 39.8,58,98.4375,98.4375,0.0
Sub_12lux 39.8,59,98.4375,98.4375,0.0
Sub_12lux 39.8,60,98.4375,84.375,-14.0625
Sub_12lux 39.8,61,98.4375,84.375,-14.0625
Sub_12lux 39.8,62,98.4375,98.4375,0.0
Sub_12lux 39.8,63,98.4375,98.4375,0.0
Sub_12lux 39.8,64,98.4375,98.4375,0.0
Sub_12lux 39.8,65,98.4375,98.4375,0.0
Sub_12lux 39.8,66,98.4375,98.4375,0.0
Sub_12lux 39.8,67,98.4375,98.4375,0.0
Sub_12lux 39.8,68,98.4375,77.34375,-21.09375
Sub_12lux 39.8,69,98.4375,98.4375,0.0
Sub_12lux 39.8,70,98.4375,77.34375,-21.09375
Sub_12lux 39.8,71,98.4375,98.4375,0.0
Sub_12lux 39.8,72,98.4375,98.4375,0.0
Sub_12lux 39.8,73,98.4375,70.3125,-28.125
Sub_12lux 39.8,74,98.4375,84.375,-14.0625
Sub_12lux 39.8,75,98.4375,91.40625,-7.03125
Sub_12lux 39.8,76,91.40625,91.40625,0.0
Sub_12lux 39.8,77,91.40625,91.40625,0.0
Sub_12lux 39.8,78,91.40625,84.375,-7.03125
Sub_12lux 39.8,79,91.40625,91.40625,0.0
Sub_12lux 39.8,80,91.40625,91.40625,0.0
Sub_12lux 39.8,81,91.40625,70.3125,-21.09375
Sub_12lux 39.8,82,91.40625,70.3125,-21.09375
Sub_12lux 39.8,83,91.40625,91.40625,0.0
Sub_12lux 39.8,84,91.40625,70.3125,-21.09375
Sub_12lux 39.8,85,91.40625,84.375,-7.03125
Sub_12lux 39.8,86,91.40625,91.40625,0.0
Sub_12lux 39.8,87,91.40625,91.40625,0.0
Sub_12lux 39.8,88,98.4375,91.40625,-7.03125
Sub_12lux 39.8,89,98.4375,91.40625,-7.03125
Sub_12lux 39.8,90,98.4375,98.4375,0.0
Sub_12lux 39.8,91,98.4375,91.40625,-7.03125
Sub_12lux 39.8,92,98.4375,91.40625,-7.03125
Sub_12lux 39.8,93,98.4375,84.375,-14.0625
Sub_12lux 39.8,94,98.4375,91.40625,-7.03125
Sub_12lux 39.8,95,98.4375,91.40625,-7.03125
Sub_12lux 39.8,96,98.4375,98.4375,0.0
Sub_12lux 39.8,97,98.4375,98.4375,0.0
Sub_12lux 39.8,98,98.4375,98.4375,0.0
Sub_12lux 39.8,99,98.4375,98.4375,0.0
Sub_12lux 39.8,100,98.4375,98.4375,0.0
Sub_12lux 39.8,101,98.4375,91.40625,-7.03125
Sub_12lux 39.8,102,98.4375,98.4375,0.0
Sub_12lux 39.8,103,98.4375,91.40625,-7.03125
Sub_12lux 39.8,104,98.4375,91.40625,-7.03125
Sub_12lux 39.8,105,98.4375,91.40625,-7.03125
Sub_12lux 39.8,106,98.4375,91.40625,-7.03125
Sub_12lux 39.8,107,98.4375,98.4375,0.0
Sub_12lux 39.8,108,98.4375,70.3125,-28.125
Sub_12lux 39.8,109,98.4375,91.40625,-7.03125
Sub_12lux 39.8,110,98.4375,91.40625,-7.03125
Sub_12lux 39.8,111,98.4375,91.40625,-7.03125
Sub_12lux 39.8,112,98.4375,91.40625,-7.03125
Sub_12lux 39.8,113,98.4375,91.40625,-7.03125
Sub_12lux 39.8,114,98.4375,91.40625,-7.03125
Sub_12lux 39.8,115,98.4375,91.40625,-7.03125
Sub_12lux 39.8,116,98.4375,91.40625,-7.03125
Sub_12lux 39.8,117,98.4375,91.40625,-7.03125
Sub_12lux 39.8,118,98.4375,91.40625,-7.03125
Sub_12lux 39.8,119,98.4375,91.40625,-7.03125
Sub_12lux 39.8,120,98.4375,91.40625,-7.03125
Sub_12lux 39.8,121,98.4375,91.40625,-7.03125
Sub_12lux 39.8,122,98.4375,91.40625,-7.03125
Sub_12lux 39.8,123,98.4375,91.40625,-7.03125
Sub_12lux 39.8,124,98.4375,91.40625,-7.03125
Sub_12lux 39.8,125,98.4375,91.40625,-7.03125
Sub_12lux 39.8,126,98.4375,91.40625,-7.03125
Sub_12lux 39.8,127,98.4375,91.40625,-7.03125
Sub_12lux 39.8,128,98.4375,91.40625,-7.03125
Sub_12lux 39.8,129,98.4375,91.40625,-7.03125
Sub_12lux 39.8,130,98.4375,91.40625,-7.03125
Sub_12lux 39.8,131,98.4375,91.40625,-7.03125
Sub_12lux 39.8,132,98.4375,91.40625,-7.03125
Sub_12lux 39.8,133,98.4375,91.40625,-7.03125
Sub_12lux 39.8,134,98.4375,91.40625,-7.03125
Sub_12lux 39.8,135,98.4375,91.40625,-7.03125
Sub_12lux 39.8,136,98.4375,91.40625,-7.03125
Sub_12lux 39.8,137,98.4375,91.40625,-7.03125
Sub_12lux 39.8,138,98.4375,84.375,-14.0625
Sub_12lux 39.8,139,98.4375,91.40625,-7.03125
Sub_12lux 39.8,140,98.4375,91.40625,-7.03125
Sub_12lux 39.8,141,98.4375,98.4375,0.0
Sub_12lux 39.8,142,98.4375,98.4375,0.0
Sub_12lux 39.8,143,98.4375,98.4375,0.0
Sub_12lux 39.8,144,98.4375,77.34375,-21.09375
Sub_12lux 39.8,145,98.4375,77.34375,-21.09375
Sub_12lux 39.8,146,98.4375,77.34375,-21.09375
Sub_12lux 39.8,147,98.4375,98.4375,0.0
Sub_12lux 39.8,148,98.4375,98.4375,0.0
Sub_12lux 39.8,149,98.4375,98.4375,0.0
Sub_12lux 39.8,150,91.40625,91.40625,0.0
Sub_12lux 39.8,151,91.40625,98.4375,7.03125
Sub_12lux 39.8,152,91.40625,84.375,-7.03125
Sub_12lux 39.8,153,91.40625,91.40625,0.0
Sub_12lux 63.1,0,98.4375,98.4375,0.0
Sub_12lux 63.1,1,98.4375,84.375,-14.0625
Sub_12lux 63.1,2,98.4375,98.4375,0.0
Sub_12lux 63.1,3,98.4375,98.4375,0.0
Sub_12lux 63.1,4,98.4375,98.4375,0.0
Sub_12lux 63.1,5,98.4375,98.4375,0.0
Sub_12lux 63.1,6,98.4375,98.4375,0.0
Sub_12lux 63.1,7,98.4375,98.4375,0.0
Sub_12lux 63.1,8,98.4375,98.4375,0.0
Sub_12lux 63.1,9,98.4375,98.4375,0.0
Sub_12lux 63.1,10,98.4375,98.4375,0.0
Sub_12lux 63.1,11,98.4375,98.4375,0.0
Sub_12lux 63.1,12,98.4375,98.4375,0.0
Sub_12lux 63.1,13,98.4375,98.4375,0.0
Sub_12lux 63.1,14,98.4375,98.4375,0.0
Sub_12lux 63.1,15,98.4375,98.4375,0.0
Sub_12lux 63.1,16,98.4375,84.375,-14.0625
Sub_12lux 63.1,17,98.4375,98.4375,0.0
Sub_12lux 63.1,18,98.4375,63.28125,-35.15625
Sub_12lux 63.1,19,98.4375,98.4375,0.0
Sub_12lux 63.1,20,98.4375,98.4375,0.0
Sub_12lux 63.1,21,98.4375,98.4375,0.0
Sub_12lux 63.1,22,98.4375,91.40625,-7.03125
Sub_12lux 63.1,23,98.4375,77.34375,-21.09375
Sub_12lux 63.1,24,98.4375,77.34375,-21.09375
Sub_12lux 63.1,25,98.4375,91.40625,-7.03125
Sub_12lux 63.1,26,98.4375,98.4375,0.0
Sub_12lux 63.1,27,98.4375,91.40625,-7.03125
Sub_12lux 63.1,28,98.4375,84.375,-14.0625
Sub_12lux 63.1,29,98.4375,91.40625,-7.03125
Sub_12lux 63.1,30,98.4375,98.4375,0.0
Sub_12lux 63.1,31,98.4375,98.4375,0.0
Sub_12lux 63.1,32,98.4375,84.375,-14.0625
Sub_12lux 63.1,33,98.4375,98.4375,0.0
Sub_12lux 63.1,34,98.4375,98.4375,0.0
Sub_12lux 63.1,35,98.4375,98.4375,0.0
Sub_12lux 63.1,36,98.4375,84.375,-14.0625
Sub_12lux 63.1,37,98.4375,98.4375,0.0
Sub_12lux 63.1,38,98.4375,98.4375,0.0
Sub_12lux 63.1,39,98.4375,84.375,-14.0625
Sub_12lux 63.1,40,98.4375,84.375,-14.0625
Sub_12lux 63.1,41,98.4375,98.4375,0.0
Sub_12lux 63.1,42,98.4375,84.375,-14.0625
Sub_12lux 63.1,43,98.4375,84.375,-14.0625
Sub_12lux 63.1,44,98.4375,84.375,-14.0625
Sub_12lux 63.1,45,98.4375,84.375,-14.0625
Sub_12lux 63.1,46,98.4375,84.375,-14.0625
Sub_12lux 63.1,47,98.4375,84.375,-14.0625
Sub_12lux 63.1,48,98.4375,91.40625,-7.03125
Sub_12lux 63.1,49,98.4375,91.40625,-7.03125
Sub_12lux 63.1,50,98.4375,91.40625,-7.03125
Sub_12lux 63.1,51,98.4375,84.375,-14.0625
Sub_12lux 63.1,52,98.4375,91.40625,-7.03125
Sub_12lux 63.1,53,98.4375,91.40625,-7.03125
Sub_12lux 63.1,54,98.4375,91.40625,-7.03125
Sub_12lux 63.1,55,98.4375,91.40625,-7.03125
Sub_12lux 63.1,56,98.4375,84.375,-14.0625
Sub_12lux 63.1,57,98.4375,84.375,-14.0625
Sub_12lux 63.1,58,98.4375,91.40625,-7.03125
Sub_12lux 63.1,59,98.4375,84.375,-14.0625
Sub_12lux 63.1,60,98.4375,84.375,-14.0625
Sub_12lux 63.1,61,98.4375,98.4375,0.0
Sub_12lux 63.1,62,98.4375,98.4375,0.0
Sub_12lux 63.1,63,98.4375,98.4375,0.0
Sub_12lux 63.1,64,98.4375,98.4375,0.0
Sub_12lux 63.1,65,98.4375,98.4375,0.0
Sub_12lux 63.1,66,98.4375,91.40625,-7.03125
Sub_12lux 63.1,67,98.4375,98.4375,0.0
Sub_12lux 63.1,68,98.4375,98.4375,0.0
Sub_12lux 63.1,69,98.4375,98.4375,0.0
Sub_12lux 63.1,70,98.4375,98.4375,0.0
Sub_12lux 63.1,71,98.4375,91.40625,-7.03125
Sub_12lux 63.1,72,98.4375,98.4375,0.0
Sub_12lux 63.1,73,98.4375,91.40625,-7.03125
Sub_12lux 63.1,74,98.4375,91.40625,-7.03125
Sub_12lux 63.1,75,98.4375,91.40625,-7.03125
Sub_12lux 63.1,76,98.4375,91.40625,-7.03125
Sub_12lux 63.1,77,98.4375,91.40625,-7.03125
Sub_12lux 63.1,78,98.4375,91.40625,-7.03125
Sub_12lux 63.1,79,98.4375,91.40625,-7.03125
Sub_12lux 63.1,80,98.4375,91.40625,-7.03125
Sub_12lux 63.1,81,98.4375,91.40625,-7.03125
Sub_12lux 63.1,82,98.4375,91.40625,-7.03125
Sub_12lux 63.1,83,98.4375,91.40625,-7.03125
Sub_12lux 63.1,84,98.4375,91.40625,-7.03125
Sub_12lux 63.1,85,98.4375,91.40625,-7.03125
Sub_12lux 63.1,86,98.4375,91.40625,-7.03125
Sub_12lux 63.1,87,98.4375,91.40625,-7.03125
Sub_12lux 63.1,88,98.4375,91.40625,-7.03125
Sub_12lux 63.1,89,98.4375,91.40625,-7.03125
Sub_12lux 63.1,90,98.4375,91.40625,-7.03125
Sub_12lux 63.1,91,98.4375,91.40625,-7.03125
Sub_12lux 63.1,92,98.4375,91.40625,-7.03125
Sub_12lux 63.1,93,98.4375,91.40625,-7.03125
Sub_12lux 63.1,94,98.4375,91.40625,-7.03125
Sub_12lux 63.1,95,98.4375,91.40625,-7.03125
Sub_12lux 63.1,96,98.4375,91.40625,-7.03125
Sub_12lux 63.1,97,91.40625,91.40625,0.0
Sub_12lux 63.1,98,91.40625,91.40625,0.0
Sub_12lux 63.1,99,91.40625,91.40625,0.0
Sub_12lux 63.1,100,91.40625,91.40625,0.0
Sub_12lux 63.1,101,91.40625,91.40625,0.0
Sub_12lux 63.1,102,91.40625,91.40625,0.0
Sub_12lux 63.1,103,91.40625,91.40625,0.0
Sub_12lux 63.1,104,98.4375,91.40625,-7.03125
Sub_12lux 63.1,105,98.4375,91.40625,-7.03125
Sub_12lux 63.1,106,98.4375,91.40625,-7.03125
Sub_12lux 63.1,107,98.4375,91.40625,-7.03125
Sub_12lux 63.1,108,98.4375,91.40625,-7.03125
Sub_12lux 63.1,109,98.4375,91.40625,-7.03125
Sub_12lux 63.1,110,98.4375,91.40625,-7.03125
Sub_12lux 63.1,111,98.4375,91.40625,-7.03125
Sub_12lux 63.1,112,98.4375,91.40625,-7.03125
Sub_12lux 63.1,113,98.4375,91.40625,-7.03125
Sub_12lux 63.1,114,98.4375,91.40625,-7.03125
Sub_12lux 63.1,115,98.4375,91.40625,-7.03125
Sub_12lux 63.1,116,98.4375,91.40625,-7.03125
Sub_12lux 63.1,117,98.4375,91.40625,-7.03125
Sub_12lux 63.1,118,98.4375,91.40625,-7.03125
Sub_12lux 63.1,119,98.4375,91.40625,-7.03125
Sub_12lux 63.1,120,98.4375,91.40625,-7.03125
Sub_12lux 63.1,121,98.4375,91.40625,-7.03125
Sub_12lux 63.1,122,98.4375,91.40625,-7.03125
Sub_12lux 63.1,123,98.4375,91.40625,-7.03125
Sub_12lux 63.1,124,98.4375,91.40625,-7.03125
Sub_12lux 63.1,125,98.4375,98.4375,0.0
Sub_12lux 63.1,126,98.4375,91.40625,-7.03125
Sub_12lux 63.1,127,98.4375,91.40625,-7.03125
Sub_12lux 63.1,128,98.4375,91.40625,-7.03125
Sub_12lux 63.1,129,98.4375,98.4375,0.0
Sub_12lux 63.1,130,98.4375,91.40625,-7.03125
Sub_12lux 63.1,131,98.4375,91.40625,-7.03125
Sub_12lux 63.1,132,98.4375,91.40625,-7.03125
Sub_12lux 63.1,133,98.4375,91.40625,-7.03125
Sub_12lux 63.1,134,98.4375,91.40625,-7.03125
Sub_12lux 63.1,135,98.4375,91.40625,-7.03125
Sub_12lux 63.1,136,98.4375,91.40625,-7.03125
Sub_12lux 63.1,137,98.4375,91.40625,-7.03125
Sub_12lux 63.1,138,98.4375,91.40625,-7.03125
Sub_12lux 63.1,139,98.4375,91.40625,-7.03125
Sub_12lux 63.1,140,91.40625,91.40625,0.0
Sub_12lux 63.1,141,91.40625,91.40625,0.0
Sub_12lux 63.1,142,91.40625,91.40625,0.0
Sub_12lux 63.1,143,91.40625,91.40625,0.0
Sub_12lux 63.1,144,91.40625,91.40625,0.0
Sub_12lux 63.1,145,91.40625,91.40625,0.0
Sub_12lux 63.1,146,91.40625,91.40625,0.0
Sub_12lux 63.1,147,91.40625,91.40625,0.0
Sub_12lux 63.1,148,91.40625,91.40625,0.0
Sub_12lux 63.1,149,91.40625,91.40625,0.0
Sub_12lux 63.1,150,91.40625,91.40625,0.0
Sub_12lux 63.1,151,91.40625,91.40625,0.0
Sub_12lux 63.1,152,91.40625,91.40625,0.0
Sub_12lux 63.1,153,98.4375,91.40625,-7.03125
Sub_13lux 10.0,0,70.3125,63.28125,-7.03125
Sub_13lux 10.0,1,63.28125,91.40625,28.125
Sub_13lux 10.0,2,63.28125,63.28125,0.0
Sub_13lux 10.0,3,63.28125,63.28125,0.0
Sub_13lux 10.0,4,63.28125,63.28125,0.0
Sub_13lux 10.0,5,63.28125,63.28125,0.0
Sub_13lux 10.0,6,63.28125,84.375,21.09375
Sub_13lux 10.0,7,63.28125,98.4375,35.15625
Sub_13lux 10.0,8,63.28125,84.375,21.09375
Sub_13lux 10.0,9,63.28125,84.375,21.09375
Sub_13lux 10.0,10,63.28125,84.375,21.09375
Sub_13lux 10.0,11,63.28125,70.3125,7.03125
Sub_13lux 10.0,12,63.28125,84.375,21.09375
Sub_13lux 10.0,13,63.28125,70.3125,7.03125
Sub_13lux 10.0,14,63.28125,84.375,21.09375
Sub_13lux 10.0,15,63.28125,91.40625,28.125
Sub_13lux 10.0,16,63.28125,105.46875,42.1875
Sub_13lux 10.0,17,63.28125,91.40625,28.125
Sub_13lux 10.0,18,63.28125,91.40625,28.125
Sub_13lux 10.0,19,63.28125,91.40625,28.125
Sub_13lux 10.0,20,63.28125,91.40625,28.125
Sub_13lux 10.0,21,63.28125,91.40625,28.125
Sub_13lux 10.0,22,63.28125,105.46875,42.1875
Sub_13lux 10.0,23,63.28125,91.40625,28.125
Sub_13lux 10.0,24,63.28125,63.28125,0.0
Sub_13lux 10.0,25,63.28125,91.40625,28.125
Sub_13lux 10.0,26,63.28125,63.28125,0.0
Sub_13lux 10.0,27,63.28125,63.28125,0.0
Sub_13lux 10.0,28,63.28125,63.28125,0.0
Sub_13lux 10.0,29,63.28125,63.28125,0.0
Sub_13lux 10.0,30,63.28125,63.28125,0.0
Sub_13lux 10.0,31,63.28125,63.28125,0.0
Sub_13lux 10.0,32,63.28125,63.28125,0.0
Sub_13lux 10.0,33,63.28125,63.28125,0.0
Sub_13lux 10.0,34,63.28125,63.28125,0.0
Sub_13lux 10.0,35,63.28125,63.28125,0.0
Sub_13lux 10.0,36,63.28125,63.28125,0.0
Sub_13lux 10.0,37,63.28125,63.28125,0.0
Sub_13lux 10.0,38,63.28125,63.28125,0.0
Sub_13lux 10.0,39,63.28125,63.28125,0.0
Sub_13lux 10.0,40,63.28125,63.28125,0.0
Sub_13lux 10.0,41,63.28125,63.28125,0.0
Sub_13lux 10.0,42,63.28125,63.28125,0.0
Sub_13lux 10.0,43,63.28125,63.28125,0.0
Sub_13lux 10.0,44,63.28125,63.28125,0.0
Sub_13lux 10.0,45,63.28125,63.28125,0.0
Sub_13lux 10.0,46,63.28125,63.28125,0.0
Sub_13lux 10.0,47,63.28125,63.28125,0.0
Sub_13lux 10.0,48,63.28125,63.28125,0.0
Sub_13lux 10.0,49,63.28125,63.28125,0.0
Sub_13lux 10.0,50,63.28125,63.28125,0.0
Sub_13lux 10.0,51,63.28125,63.28125,0.0
Sub_13lux 10.0,52,63.28125,63.28125,0.0
Sub_13lux 10.0,53,63.28125,63.28125,0.0
Sub_13lux 10.0,54,63.28125,63.28125,0.0
Sub_13lux 10.0,55,63.28125,63.28125,0.0
Sub_13lux 10.0,56,63.28125,63.28125,0.0
Sub_13lux 10.0,57,63.28125,63.28125,0.0
Sub_13lux 10.0,58,63.28125,63.28125,0.0
Sub_13lux 10.0,59,63.28125,63.28125,0.0
Sub_13lux 10.0,60,63.28125,63.28125,0.0
Sub_13lux 10.0,61,63.28125,63.28125,0.0
Sub_13lux 10.0,62,63.28125,63.28125,0.0
Sub_13lux 10.0,63,63.28125,63.28125,0.0
Sub_13lux 10.0,64,63.28125,91.40625,28.125
Sub_13lux 10.0,65,63.28125,63.28125,0.0
Sub_13lux 10.0,66,63.28125,63.28125,0.0
Sub_13lux 10.0,67,63.28125,77.34375,14.0625
Sub_13lux 10.0,68,63.28125,77.34375,14.0625
Sub_13lux 10.0,69,63.28125,63.28125,0.0
Sub_13lux 10.0,70,63.28125,63.28125,0.0
Sub_13lux 10.0,71,63.28125,63.28125,0.0
Sub_13lux 10.0,72,63.28125,63.28125,0.0
Sub_13lux 10.0,73,63.28125,63.28125,0.0
Sub_13lux 10.0,74,63.28125,63.28125,0.0
Sub_13lux 10.0,75,63.28125,63.28125,0.0
Sub_13lux 10.0,76,63.28125,63.28125,0.0
Sub_13lux 10.0,77,63.28125,63.28125,0.0
Sub_13lux 10.0,78,63.28125,63.28125,0.0
Sub_13lux 10.0,79,63.28125,63.28125,0.0
Sub_13lux 10.0,80,63.28125,63.28125,0.0
Sub_13lux 10.0,81,63.28125,63.28125,0.0
Sub_13lux 10.0,82,63.28125,63.28125,0.0
Sub_13lux 10.0,83,63.28125,63.28125,0.0
Sub_13lux 10.0,84,63.28125,63.28125,0.0
Sub_13lux 10.0,85,63.28125,63.28125,0.0
Sub_13lux 10.0,86,63.28125,63.28125,0.0
Sub_13lux 10.0,87,63.28125,63.28125,0.0
Sub_13lux 10.0,88,63.28125,63.28125,0.0
Sub_13lux 10.0,89,63.28125,63.28125,0.0
Sub_13lux 10.0,90,63.28125,77.34375,14.0625
Sub_13lux 10.0,91,63.28125,63.28125,0.0
Sub_13lux 10.0,92,63.28125,63.28125,0.0
Sub_13lux 10.0,93,63.28125,63.28125,0.0
Sub_13lux 10.0,94,63.28125,63.28125,0.0
Sub_13lux 10.0,95,63.28125,63.28125,0.0
Sub_13lux 10.0,96,63.28125,63.28125,0.0
Sub_13lux 10.0,97,63.28125,63.28125,0.0
Sub_13lux 10.0,98,63.28125,63.28125,0.0
Sub_13lux 10.0,99,63.28125,63.28125,0.0
Sub_13lux 10.0,100,63.28125,63.28125,0.0
Sub_13lux 10.0,101,63.28125,63.28125,0.0
Sub_13lux 10.0,102,63.28125,63.28125,0.0
Sub_13lux 10.0,103,63.28125,63.28125,0.0
Sub_13lux 10.0,104,63.28125,63.28125,0.0
Sub_13lux 10.0,105,63.28125,63.28125,0.0
Sub_13lux 10.0,106,63.28125,63.28125,0.0
Sub_13lux 10.0,107,63.28125,63.28125,0.0
Sub_13lux 10.0,108,63.28125,63.28125,0.0
Sub_13lux 10.0,109,63.28125,98.4375,35.15625
Sub_13lux 10.0,110,63.28125,63.28125,0.0
Sub_13lux 10.0,111,63.28125,98.4375,35.15625
Sub_13lux 10.0,112,63.28125,63.28125,0.0
Sub_13lux 10.0,113,70.3125,63.28125,-7.03125
Sub_13lux 10.0,114,70.3125,98.4375,28.125
Sub_13lux 10.0,115,70.3125,98.4375,28.125
Sub_13lux 10.0,116,70.3125,98.4375,28.125
Sub_13lux 10.0,117,70.3125,98.4375,28.125
Sub_13lux 10.0,118,70.3125,91.40625,21.09375
Sub_13lux 10.0,119,70.3125,98.4375,28.125
Sub_13lux 10.0,120,70.3125,91.40625,21.09375
Sub_13lux 10.0,121,70.3125,98.4375,28.125
Sub_13lux 10.0,122,70.3125,98.4375,28.125
Sub_13lux 10.0,123,70.3125,70.3125,0.0
Sub_13lux 10.0,124,70.3125,98.4375,28.125
Sub_13lux 10.0,125,70.3125,98.4375,28.125
Sub_13lux 10.0,126,70.3125,98.4375,28.125
Sub_13lux 10.0,127,70.3125,63.28125,-7.03125
Sub_13lux 10.0,128,70.3125,84.375,14.0625
Sub_13lux 10.0,129,70.3125,84.375,14.0625
Sub_13lux 10.0,130,70.3125,84.375,14.0625
Sub_13lux 10.0,131,70.3125,84.375,14.0625
Sub_13lux 10.0,132,70.3125,84.375,14.0625
Sub_13lux 10.0,133,63.28125,84.375,21.09375
Sub_13lux 10.0,134,63.28125,77.34375,14.0625
Sub_13lux 10.0,135,63.28125,84.375,21.09375
Sub_13lux 10.0,136,63.28125,63.28125,0.0
Sub_13lux 10.0,137,63.28125,98.4375,35.15625
Sub_13lux 10.0,138,63.28125,84.375,21.09375
Sub_13lux 10.0,139,63.28125,63.28125,0.0
Sub_13lux 10.0,140,63.28125,63.28125,0.0
Sub_13lux 10.0,141,63.28125,63.28125,0.0
Sub_13lux 10.0,142,63.28125,98.4375,35.15625
Sub_13lux 10.0,143,63.28125,63.28125,0.0
Sub_13lux 10.0,144,63.28125,63.28125,0.0
Sub_13lux 10.0,145,63.28125,63.28125,0.0
Sub_13lux 10.0,146,63.28125,63.28125,0.0
Sub_13lux 10.0,147,63.28125,63.28125,0.0
Sub_13lux 10.0,148,63.28125,63.28125,0.0
Sub_13lux 10.0,149,63.28125,63.28125,0.0
Sub_13lux 10.0,150,63.28125,63.28125,0.0
Sub_13lux 10.0,151,63.28125,63.28125,0.0
Sub_13lux 10.0,152,63.28125,63.28125,0.0
Sub_13lux 10.0,153,63.28125,63.28125,0.0
Sub_13lux 100.0,0,91.40625,84.375,-7.03125
Sub_13lux 100.0,1,91.40625,84.375,-7.03125
Sub_13lux 100.0,2,91.40625,84.375,-7.03125
Sub_13lux 100.0,3,84.375,84.375,0.0
Sub_13lux 100.0,4,84.375,84.375,0.0
Sub_13lux 100.0,5,84.375,84.375,0.0
Sub_13lux 100.0,6,84.375,84.375,0.0
Sub_13lux 100.0,7,84.375,84.375,0.0
Sub_13lux 100.0,8,84.375,84.375,0.0
Sub_13lux 100.0,9,84.375,84.375,0.0
Sub_13lux 100.0,10,84.375,84.375,0.0
Sub_13lux 100.0,11,84.375,84.375,0.0
Sub_13lux 100.0,12,84.375,84.375,0.0
Sub_13lux 100.0,13,84.375,84.375,0.0
Sub_13lux 100.0,14,84.375,84.375,0.0
Sub_13lux 100.0,15,84.375,84.375,0.0
Sub_13lux 100.0,16,84.375,84.375,0.0
Sub_13lux 100.0,17,84.375,84.375,0.0
Sub_13lux 100.0,18,84.375,84.375,0.0
Sub_13lux 100.0,19,84.375,84.375,0.0
Sub_13lux 100.0,20,84.375,84.375,0.0
Sub_13lux 100.0,21,84.375,84.375,0.0
Sub_13lux 100.0,22,84.375,84.375,0.0
Sub_13lux 100.0,23,84.375,84.375,0.0
Sub_13lux 100.0,24,84.375,84.375,0.0
Sub_13lux 100.0,25,84.375,84.375,0.0
Sub_13lux 100.0,26,84.375,84.375,0.0
Sub_13lux 100.0,27,84.375,84.375,0.0
Sub_13lux 100.0,28,84.375,84.375,0.0
Sub_13lux 100.0,29,84.375,84.375,0.0
Sub_13lux 100.0,30,84.375,84.375,0.0
Sub_13lux 100.0,31,84.375,84.375,0.0
Sub_13lux 100.0,32,84.375,84.375,0.0
Sub_13lux 100.0,33,84.375,84.375,0.0
Sub_13lux 100.0,34,84.375,84.375,0.0
Sub_13lux 100.0,35,84.375,84.375,0.0
Sub_13lux 100.0,36,84.375,84.375,0.0
Sub_13lux 100.0,37,84.375,84.375,0.0
Sub_13lux 100.0,38,84.375,84.375,0.0
Sub_13lux 100.0,39,84.375,84.375,0.0
Sub_13lux 100.0,40,84.375,84.375,0.0
Sub_13lux 100.0,41,84.375,84.375,0.0
Sub_13lux 100.0,42,84.375,84.375,0.0
Sub_13lux 100.0,43,84.375,84.375,0.0
Sub_13lux 100.0,44,84.375,84.375,0.0
Sub_13lux 100.0,45,84.375,84.375,0.0
Sub_13lux 100.0,46,84.375,84.375,0.0
Sub_13lux 100.0,47,84.375,84.375,0.0
Sub_13lux 100.0,48,84.375,84.375,0.0
Sub_13lux 100.0,49,84.375,84.375,0.0
Sub_13lux 100.0,50,84.375,84.375,0.0
Sub_13lux 100.0,51,84.375,84.375,0.0
Sub_13lux 100.0,52,84.375,84.375,0.0
Sub_13lux 100.0,53,84.375,84.375,0.0
Sub_13lux 100.0,54,84.375,84.375,0.0
Sub_13lux 100.0,55,84.375,77.34375,-7.03125
Sub_13lux 100.0,56,84.375,84.375,0.0
Sub_13lux 100.0,57,84.375,77.34375,-7.03125
Sub_13lux 100.0,58,84.375,77.34375,-7.03125
Sub_13lux 100.0,59,84.375,77.34375,-7.03125
Sub_13lux 100.0,60,84.375,77.34375,-7.03125
Sub_13lux 100.0,61,84.375,77.34375,-7.03125
Sub_13lux 100.0,62,84.375,77.34375,-7.03125
Sub_13lux 100.0,63,77.34375,77.34375,0.0
Sub_13lux 100.0,64,77.34375,77.34375,0.0
Sub_13lux 100.0,65,77.34375,77.34375,0.0
Sub_13lux 100.0,66,77.34375,77.34375,0.0
Sub_13lux 100.0,67,77.34375,77.34375,0.0
Sub_13lux 100.0,68,77.34375,77.34375,0.0
Sub_13lux 100.0,69,84.375,77.34375,-7.03125
Sub_13lux 100.0,70,84.375,77.34375,-7.03125
Sub_13lux 100.0,71,84.375,77.34375,-7.03125
Sub_13lux 100.0,72,84.375,77.34375,-7.03125
Sub_13lux 100.0,73,84.375,77.34375,-7.03125
Sub_13lux 100.0,74,84.375,77.34375,-7.03125
Sub_13lux 100.0,75,84.375,84.375,0.0
Sub_13lux 100.0,76,84.375,84.375,0.0
Sub_13lux 100.0,77,84.375,84.375,0.0
Sub_13lux 100.0,78,84.375,84.375,0.0
Sub_13lux 100.0,79,84.375,84.375,0.0
Sub_13lux 100.0,80,84.375,84.375,0.0
Sub_13lux 100.0,81,84.375,84.375,0.0
Sub_13lux 100.0,82,84.375,84.375,0.0
Sub_13lux 100.0,83,84.375,84.375,0.0
Sub_13lux 100.0,84,84.375,84.375,0.0
Sub_13lux 100.0,85,84.375,84.375,0.0
Sub_13lux 100.0,86,84.375,84.375,0.0
Sub_13lux 100.0,87,84.375,84.375,0.0
Sub_13lux 100.0,88,84.375,84.375,0.0
Sub_13lux 100.0,89,84.375,84.375,0.0
Sub_13lux 100.0,90,84.375,84.375,0.0
Sub_13lux 100.0,91,84.375,84.375,0.0
Sub_13lux 100.0,92,84.375,84.375,0.0
Sub_13lux 100.0,93,84.375,84.375,0.0
Sub_13lux 100.0,94,84.375,84.375,0.0
Sub_13lux 100.0,95,84.375,84.375,0.0
Sub_13lux 100.0,96,84.375,84.375,0.0
Sub_13lux 100.0,97,84.375,77.34375,-7.03125
Sub_13lux 100.0,98,84.375,84.375,0.0
Sub_13lux 100.0,99,84.375,77.34375,-7.03125
Sub_13lux 100.0,100,84.375,77.34375,-7.03125
Sub_13lux 100.0,101,77.34375,77.34375,0.0
Sub_13lux 100.0,102,77.34375,77.34375,0.0
Sub_13lux 100.0,103,77.34375,77.34375,0.0
Sub_13lux 100.0,104,77.34375,77.34375,0.0
Sub_13lux 100.0,105,77.34375,77.34375,0.0
Sub_13lux 100.0,106,77.34375,77.34375,0.0
Sub_13lux 100.0,107,77.34375,77.34375,0.0
Sub_13lux 100.0,108,77.34375,77.34375,0.0
Sub_13lux 100.0,109,77.34375,77.34375,0.0
Sub_13lux 100.0,110,77.34375,77.34375,0.0
Sub_13lux 100.0,111,77.34375,77.34375,0.0
Sub_13lux 100.0,112,77.34375,77.34375,0.0
Sub_13lux 100.0,113,77.34375,77.34375,0.0
Sub_13lux 100.0,114,77.34375,77.34375,0.0
Sub_13lux 100.0,115,77.34375,77.34375,0.0
Sub_13lux 100.0,116,77.34375,77.34375,0.0
Sub_13lux 100.0,117,77.34375,77.34375,0.0
Sub_13lux 100.0,118,77.34375,77.34375,0.0
Sub_13lux 100.0,119,77.34375,77.34375,0.0
Sub_13lux 100.0,120,77.34375,77.34375,0.0
Sub_13lux 100.0,121,77.34375,77.34375,0.0
Sub_13lux 100.0,122,77.34375,77.34375,0.0
Sub_13lux 100.0,123,77.34375,77.34375,0.0
Sub_13lux 100.0,124,77.34375,77.34375,0.0
Sub_13lux 100.0,125,77.34375,77.34375,0.0
Sub_13lux 100.0,126,77.34375,77.34375,0.0
Sub_13lux 100.0,127,77.34375,77.34375,0.0
Sub_13lux 100.0,128,77.34375,77.34375,0.0
Sub_13lux 100.0,129,77.34375,77.34375,0.0
Sub_13lux 100.0,130,84.375,77.34375,-7.03125
Sub_13lux 100.0,131,84.375,77.34375,-7.03125
Sub_13lux 100.0,132,84.375,77.34375,-7.03125
Sub_13lux 100.0,133,84.375,77.34375,-7.03125
Sub_13lux 100.0,134,84.375,77.34375,-7.03125
Sub_13lux 100.0,135,84.375,77.34375,-7.03125
Sub_13lux 100.0,136,84.375,77.34375,-7.03125
Sub_13lux 100.0,137,84.375,77.34375,-7.03125
Sub_13lux 100.0,138,84.375,84.375,0.0
Sub_13lux 100.0,139,84.375,84.375,0.0
Sub_13lux 100.0,140,84.375,84.375,0.0
Sub_13lux 100.0,141,84.375,84.375,0.0
Sub_13lux 100.0,142,84.375,84.375,0.0
Sub_13lux 100.0,143,84.375,84.375,0.0
Sub_13lux 100.0,144,84.375,84.375,0.0
Sub_13lux 100.0,145,91.40625,84.375,-7.03125
Sub_13lux 100.0,146,91.40625,84.375,-7.03125
Sub_13lux 100.0,147,91.40625,84.375,-7.03125
Sub_13lux 100.0,148,91.40625,84.375,-7.03125
Sub_13lux 100.0,149,91.40625,84.375,-7.03125
Sub_13lux 100.0,150,91.40625,84.375,-7.03125
Sub_13lux 100.0,151,91.40625,84.375,-7.03125
Sub_13lux 100.0,152,91.40625,84.375,-7.03125
Sub_13lux 100.0,153,91.40625,84.375,-7.03125
Sub_13lux 15.8,0,84.375,77.34375,-7.03125
Sub_13lux 15.8,1,84.375,84.375,0.0
Sub_13lux 15.8,2,84.375,84.375,0.0
Sub_13lux 15.8,3,84.375,84.375,0.0
Sub_13lux 15.8,4,84.375,84.375,0.0
Sub_13lux 15.8,5,84.375,84.375,0.0
Sub_13lux 15.8,6,84.375,84.375,0.0
Sub_13lux 15.8,7,84.375,84.375,0.0
Sub_13lux 15.8,8,84.375,84.375,0.0
Sub_13lux 15.8,9,84.375,84.375,0.0
Sub_13lux 15.8,10,84.375,84.375,0.0
Sub_13lux 15.8,11,84.375,84.375,0.0
Sub_13lux 15.8,12,84.375,84.375,0.0
Sub_13lux 15.8,13,84.375,84.375,0.0
Sub_13lux 15.8,14,84.375,84.375,0.0
Sub_13lux 15.8,15,84.375,84.375,0.0
Sub_13lux 15.8,16,84.375,84.375,0.0
Sub_13lux 15.8,17,84.375,84.375,0.0
Sub_13lux 15.8,18,84.375,84.375,0.0
Sub_13lux 15.8,19,84.375,84.375,0.0
Sub_13lux 15.8,20,84.375,84.375,0.0
Sub_13lux 15.8,21,84.375,84.375,0.0
Sub_13lux 15.8,22,84.375,84.375,0.0
Sub_13lux 15.8,23,84.375,84.375,0.0
Sub_13lux 15.8,24,84.375,84.375,0.0
Sub_13lux 15.8,25,84.375,84.375,0.0
Sub_13lux 15.8,26,84.375,84.375,0.0
Sub_13lux 15.8,27,84.375,84.375,0.0
Sub_13lux 15.8,28,84.375,84.375,0.0
Sub_13lux 15.8,29,84.375,84.375,0.0
Sub_13lux 15.8,30,84.375,84.375,0.0
Sub_13lux 15.8,31,84.375,84.375,0.0
Sub_13lux 15.8,32,84.375,84.375,0.0
Sub_13lux 15.8,33,84.375,84.375,0.0
Sub_13lux 15.8,34,84.375,84.375,0.0
Sub_13lux 15.8,35,84.375,84.375,0.0
Sub_13lux 15.8,36,84.375,84.375,0.0
Sub_13lux 15.8,37,84.375,84.375,0.0
Sub_13lux 15.8,38,84.375,84.375,0.0
Sub_13lux 15.8,39,84.375,84.375,0.0
Sub_13lux 15.8,40,84.375,84.375,0.0
Sub_13lux 15.8,41,84.375,84.375,0.0
Sub_13lux 15.8,42,84.375,84.375,0.0
Sub_13lux 15.8,43,84.375,84.375,0.0
Sub_13lux 15.8,44,84.375,84.375,0.0
Sub_13lux 15.8,45,84.375,84.375,0.0
Sub_13lux 15.8,46,84.375,84.375,0.0
Sub_13lux 15.8,47,84.375,84.375,0.0
Sub_13lux 15.8,48,84.375,84.375,0.0
Sub_13lux 15.8,49,84.375,84.375,0.0
Sub_13lux 15.8,50,84.375,84.375,0.0
Sub_13lux 15.8,51,84.375,84.375,0.0
Sub_13lux 15.8,52,84.375,84.375,0.0
Sub_13lux 15.8,53,84.375,84.375,0.0
Sub_13lux 15.8,54,84.375,84.375,0.0
Sub_13lux 15.8,55,84.375,84.375,0.0
Sub_13lux 15.8,56,84.375,84.375,0.0
Sub_13lux 15.8,57,84.375,84.375,0.0
Sub_13lux 15.8,58,84.375,84.375,0.0
Sub_13lux 15.8,59,84.375,84.375,0.0
Sub_13lux 15.8,60,84.375,91.40625,7.03125
Sub_13lux 15.8,61,84.375,84.375,0.0
Sub_13lux 15.8,62,84.375,91.40625,7.03125
Sub_13lux 15.8,63,84.375,77.34375,-7.03125
Sub_13lux 15.8,64,84.375,91.40625,7.03125
Sub_13lux 15.8,65,84.375,77.34375,-7.03125
Sub_13lux 15.8,66,84.375,77.34375,-7.03125
Sub_13lux 15.8,67,84.375,77.34375,-7.03125
Sub_13lux 15.8,68,84.375,77.34375,-7.03125
Sub_13lux 15.8,69,84.375,77.34375,-7.03125
Sub_13lux 15.8,70,84.375,77.34375,-7.03125
Sub_13lux 15.8,71,84.375,77.34375,-7.03125
Sub_13lux 15.8,72,84.375,77.34375,-7.03125
Sub_13lux 15.8,73,84.375,77.34375,-7.03125
Sub_13lux 15.8,74,84.375,77.34375,-7.03125
Sub_13lux 15.8,75,84.375,77.34375,-7.03125
Sub_13lux 15.8,76,84.375,77.34375,-7.03125
Sub_13lux 15.8,77,84.375,77.34375,-7.03125
Sub_13lux 15.8,78,84.375,77.34375,-7.03125
Sub_13lux 15.8,79,84.375,77.34375,-7.03125
Sub_13lux 15.8,80,84.375,77.34375,-7.03125
Sub_13lux 15.8,81,84.375,77.34375,-7.03125
Sub_13lux 15.8,82,84.375,77.34375,-7.03125
Sub_13lux 15.8,83,84.375,77.34375,-7.03125
Sub_13lux 15.8,84,84.375,77.34375,-7.03125
Sub_13lux 15.8,85,84.375,77.34375,-7.03125
Sub_13lux 15.8,86,84.375,77.34375,-7.03125
Sub_13lux 15.8,87,84.375,77.34375,-7.03125
Sub_13lux 15.8,88,84.375,77.34375,-7.03125
Sub_13lux 15.8,89,84.375,77.34375,-7.03125
Sub_13lux 15.8,90,84.375,77.34375,-7.03125
Sub_13lux 15.8,91,84.375,77.34375,-7.03125
Sub_13lux 15.8,92,84.375,77.34375,-7.03125
Sub_13lux 15.8,93,84.375,77.34375,-7.03125
Sub_13lux 15.8,94,84.375,77.34375,-7.03125
Sub_13lux 15.8,95,84.375,77.34375,-7.03125
Sub_13lux 15.8,96,84.375,77.34375,-7.03125
Sub_13lux 15.8,97,84.375,77.34375,-7.03125
Sub_13lux 15.8,98,84.375,77.34375,-7.03125
Sub_13lux 15.8,99,84.375,77.34375,-7.03125
Sub_13lux 15.8,100,84.375,77.34375,-7.03125
Sub_13lux 15.8,101,84.375,77.34375,-7.03125
Sub_13lux 15.8,102,84.375,77.34375,-7.03125
Sub_13lux 15.8,103,84.375,77.34375,-7.03125
Sub_13lux 15.8,104,84.375,77.34375,-7.03125
Sub_13lux 15.8,105,84.375,77.34375,-7.03125
Sub_13lux 15.8,106,84.375,77.34375,-7.03125
Sub_13lux 15.8,107,84.375,77.34375,-7.03125
Sub_13lux 15.8,108,84.375,77.34375,-7.03125
Sub_13lux 15.8,109,84.375,77.34375,-7.03125
Sub_13lux 15.8,110,84.375,77.34375,-7.03125
Sub_13lux 15.8,111,84.375,77.34375,-7.03125
Sub_13lux 15.8,112,84.375,77.34375,-7.03125
Sub_13lux 15.8,113,84.375,84.375,0.0
Sub_13lux 15.8,114,84.375,77.34375,-7.03125
Sub_13lux 15.8,115,84.375,84.375,0.0
Sub_13lux 15.8,116,84.375,77.34375,-7.03125
Sub_13lux 15.8,117,84.375,77.34375,-7.03125
Sub_13lux 15.8,118,84.375,77.34375,-7.03125
Sub_13lux 15.8,119,84.375,77.34375,-7.03125
Sub_13lux 15.8,120,84.375,77.34375,-7.03125
Sub_13lux 15.8,121,84.375,77.34375,-7.03125
Sub_13lux 15.8,122,84.375,77.34375,-7.03125
Sub_13lux 15.8,123,84.375,77.34375,-7.03125
Sub_13lux 15.8,124,84.375,77.34375,-7.03125
Sub_13lux 15.8,125,84.375,77.34375,-7.03125
Sub_13lux 15.8,126,84.375,77.34375,-7.03125
Sub_13lux 15.8,127,84.375,77.34375,-7.03125
Sub_13lux 15.8,128,84.375,77.34375,-7.03125
Sub_13lux 15.8,129,84.375,77.34375,-7.03125
Sub_13lux 15.8,130,84.375,77.34375,-7.03125
Sub_13lux 15.8,131,84.375,77.34375,-7.03125
Sub_13lux 15.8,132,84.375,77.34375,-7.03125
Sub_13lux 15.8,133,84.375,77.34375,-7.03125
Sub_13lux 15.8,134,84.375,77.34375,-7.03125
Sub_13lux 15.8,135,84.375,77.34375,-7.03125
Sub_13lux 15.8,136,84.375,77.34375,-7.03125
Sub_13lux 15.8,137,84.375,77.34375,-7.03125
Sub_13lux 15.8,138,84.375,77.34375,-7.03125
Sub_13lux 15.8,139,84.375,77.34375,-7.03125
Sub_13lux 15.8,140,84.375,77.34375,-7.03125
Sub_13lux 15.8,141,84.375,77.34375,-7.03125
Sub_13lux 15.8,142,84.375,77.34375,-7.03125
Sub_13lux 15.8,143,84.375,77.34375,-7.03125
Sub_13lux 15.8,144,84.375,77.34375,-7.03125
Sub_13lux 15.8,145,84.375,77.34375,-7.03125
Sub_13lux 15.8,146,84.375,77.34375,-7.03125
Sub_13lux 15.8,147,84.375,77.34375,-7.03125
Sub_13lux 15.8,148,84.375,77.34375,-7.03125
Sub_13lux 15.8,149,84.375,77.34375,-7.03125
Sub_13lux 15.8,150,84.375,77.34375,-7.03125
Sub_13lux 15.8,151,84.375,77.34375,-7.03125
Sub_13lux 15.8,152,84.375,77.34375,-7.03125
Sub_13lux 15.8,153,84.375,84.375,0.0
Sub_13lux 25.1,0,91.40625,84.375,-7.03125
Sub_13lux 25.1,1,91.40625,84.375,-7.03125
Sub_13lux 25.1,2,91.40625,84.375,-7.03125
Sub_13lux 25.1,3,84.375,84.375,0.0
Sub_13lux 25.1,4,84.375,84.375,0.0
Sub_13lux 25.1,5,84.375,84.375,0.0
Sub_13lux 25.1,6,84.375,84.375,0.0
Sub_13lux 25.1,7,84.375,84.375,0.0
Sub_13lux 25.1,8,84.375,84.375,0.0
Sub_13lux 25.1,9,84.375,84.375,0.0
Sub_13lux 25.1,10,84.375,84.375,0.0
Sub_13lux 25.1,11,84.375,84.375,0.0
Sub_13lux 25.1,12,84.375,84.375,0.0
Sub_13lux 25.1,13,84.375,84.375,0.0
Sub_13lux 25.1,14,84.375,84.375,0.0
Sub_13lux 25.1,15,84.375,84.375,0.0
Sub_13lux 25.1,16,84.375,84.375,0.0
Sub_13lux 25.1,17,84.375,84.375,0.0
Sub_13lux 25.1,18,84.375,84.375,0.0
Sub_13lux 25.1,19,84.375,84.375,0.0
Sub_13lux 25.1,20,84.375,84.375,0.0
Sub_13lux 25.1,21,84.375,84.375,0.0
Sub_13lux 25.1,22,91.40625,84.375,-7.03125
Sub_13lux 25.1,23,91.40625,84.375,-7.03125
Sub_13lux 25.1,24,91.40625,84.375,-7.03125
Sub_13lux 25.1,25,91.40625,84.375,-7.03125
Sub_13lux 25.1,26,91.40625,84.375,-7.03125
Sub_13lux 25.1,27,91.40625,84.375,-7.03125
Sub_13lux 25.1,28,91.40625,91.40625,0.0
Sub_13lux 25.1,29,91.40625,84.375,-7.03125
Sub_13lux 25.1,30,91.40625,84.375,-7.03125
Sub_13lux 25.1,31,91.40625,91.40625,0.0
Sub_13lux 25.1,32,91.40625,84.375,-7.03125
Sub_13lux 25.1,33,91.40625,84.375,-7.03125
Sub_13lux 25.1,34,91.40625,84.375,-7.03125
Sub_13lux 25.1,35,91.40625,84.375,-7.03125
Sub_13lux 25.1,36,91.40625,84.375,-7.03125
Sub_13lux 25.1,37,91.40625,84.375,-7.03125
Sub_13lux 25.1,38,91.40625,84.375,-7.03125
Sub_13lux 25.1,39,91.40625,84.375,-7.03125
Sub_13lux 25.1,40,91.40625,84.375,-7.03125
Sub_13lux 25.1,41,91.40625,91.40625,0.0
Sub_13lux 25.1,42,91.40625,91.40625,0.0
Sub_13lux 25.1,43,91.40625,91.40625,0.0
Sub_13lux 25.1,44,91.40625,91.40625,0.0
Sub_13lux 25.1,45,91.40625,91.40625,0.0
Sub_13lux 25.1,46,91.40625,91.40625,0.0
Sub_13lux 25.1,47,91.40625,91.40625,0.0
Sub_13lux 25.1,48,91.40625,91.40625,0.0
Sub_13lux 25.1,49,91.40625,91.40625,0.0
Sub_13lux 25.1,50,91.40625,91.40625,0.0
Sub_13lux 25.1,51,91.40625,91.40625,0.0
Sub_13lux 25.1,52,91.40625,91.40625,0.0
Sub_13lux 25.1,53,91.40625,91.40625,0.0
Sub_13lux 25.1,54,91.40625,91.40625,0.0
Sub_13lux 25.1,55,91.40625,91.40625,0.0
Sub_13lux 25.1,56,91.40625,91.40625,0.0
Sub_13lux 25.1,57,91.40625,91.40625,0.0
Sub_13lux 25.1,58,91.40625,91.40625,0.0
Sub_13lux 25.1,59,91.40625,91.40625,0.0
Sub_13lux 25.1,60,91.40625,91.40625,0.0
Sub_13lux 25.1,61,91.40625,91.40625,0.0
Sub_13lux 25.1,62,91.40625,91.40625,0.0
Sub_13lux 25.1,63,91.40625,91.40625,0.0
Sub_13lux 25.1,64,91.40625,91.40625,0.0
Sub_13lux 25.1,65,91.40625,91.40625,0.0
Sub_13lux 25.1,66,91.40625,91.40625,0.0
Sub_13lux 25.1,67,91.40625,91.40625,0.0
Sub_13lux 25.1,68,91.40625,91.40625,0.0
Sub_13lux 25.1,69,91.40625,91.40625,0.0
Sub_13lux 25.1,70,91.40625,91.40625,0.0
Sub_13lux 25.1,71,91.40625,91.40625,0.0
Sub_13lux 25.1,72,91.40625,91.40625,0.0
Sub_13lux 25.1,73,91.40625,91.40625,0.0
Sub_13lux 25.1,74,91.40625,84.375,-7.03125
Sub_13lux 25.1,75,91.40625,84.375,-7.03125
Sub_13lux 25.1,76,91.40625,84.375,-7.03125
Sub_13lux 25.1,77,91.40625,84.375,-7.03125
Sub_13lux 25.1,78,91.40625,84.375,-7.03125
Sub_13lux 25.1,79,84.375,84.375,0.0
Sub_13lux 25.1,80,84.375,84.375,0.0
Sub_13lux 25.1,81,84.375,84.375,0.0
Sub_13lux 25.1,82,84.375,84.375,0.0
Sub_13lux 25.1,83,84.375,84.375,0.0
Sub_13lux 25.1,84,84.375,84.375,0.0
Sub_13lux 25.1,85,84.375,84.375,0.0
Sub_13lux 25.1,86,84.375,84.375,0.0
Sub_13lux 25.1,87,84.375,84.375,0.0
Sub_13lux 25.1,88,84.375,84.375,0.0
Sub_13lux 25.1,89,84.375,84.375,0.0
Sub_13lux 25.1,90,84.375,77.34375,-7.03125
Sub_13lux 25.1,91,84.375,84.375,0.0
Sub_13lux 25.1,92,84.375,77.34375,-7.03125
Sub_13lux 25.1,93,84.375,77.34375,-7.03125
Sub_13lux 25.1,94,84.375,77.34375,-7.03125
Sub_13lux 25.1,95,84.375,77.34375,-7.03125
Sub_13lux 25.1,96,84.375,77.34375,-7.03125
Sub_13lux 25.1,97,84.375,77.34375,-7.03125
Sub_13lux 25.1,98,84.375,77.34375,-7.03125
Sub_13lux 25.1,99,84.375,77.34375,-7.03125
Sub_13lux 25.1,100,84.375,77.34375,-7.03125
Sub_13lux 25.1,101,84.375,77.34375,-7.03125
Sub_13lux 25.1,102,84.375,77.34375,-7.03125
Sub_13lux 25.1,103,84.375,77.34375,-7.03125
Sub_13lux 25.1,104,84.375,77.34375,-7.03125
Sub_13lux 25.1,105,84.375,77.34375,-7.03125
Sub_13lux 25.1,106,84.375,84.375,0.0
Sub_13lux 25.1,107,84.375,84.375,0.0
Sub_13lux 25.1,108,84.375,84.375,0.0
Sub_13lux 25.1,109,84.375,84.375,0.0
Sub_13lux 25.1,110,84.375,84.375,0.0
Sub_13lux 25.1,111,84.375,84.375,0.0
Sub_13lux 25.1,112,84.375,84.375,0.0
Sub_13lux 25.1,113,84.375,84.375,0.0
Sub_13lux 25.1,114,84.375,84.375,0.0
Sub_13lux 25.1,115,84.375,84.375,0.0
Sub_13lux 25.1,116,84.375,84.375,0.0
Sub_13lux 25.1,117,84.375,84.375,0.0
Sub_13lux 25.1,118,84.375,84.375,0.0
Sub_13lux 25.1,119,84.375,84.375,0.0
Sub_13lux 25.1,120,84.375,84.375,0.0
Sub_13lux 25.1,121,84.375,84.375,0.0
Sub_13lux 25.1,122,84.375,84.375,0.0
Sub_13lux 25.1,123,84.375,84.375,0.0
Sub_13lux 25.1,124,84.375,84.375,0.0
Sub_13lux 25.1,125,84.375,84.375,0.0
Sub_13lux 25.1,126,84.375,84.375,0.0
Sub_13lux 25.1,127,84.375,84.375,0.0
Sub_13lux 25.1,128,84.375,77.34375,-7.03125
Sub_13lux 25.1,129,84.375,77.34375,-7.03125
Sub_13lux 25.1,130,84.375,77.34375,-7.03125
Sub_13lux 25.1,131,84.375,77.34375,-7.03125
Sub_13lux 25.1,132,84.375,77.34375,-7.03125
Sub_13lux 25.1,133,84.375,77.34375,-7.03125
Sub_13lux 25.1,134,84.375,77.34375,-7.03125
Sub_13lux 25.1,135,84.375,77.34375,-7.03125
Sub_13lux 25.1,136,84.375,77.34375,-7.03125
Sub_13lux 25.1,137,84.375,77.34375,-7.03125
Sub_13lux 25.1,138,84.375,77.34375,-7.03125
Sub_13lux 25.1,139,84.375,84.375,0.0
Sub_13lux 25.1,140,84.375,84.375,0.0
Sub_13lux 25.1,141,84.375,77.34375,-7.03125
Sub_13lux 25.1,142,84.375,84.375,0.0
Sub_13lux 25.1,143,84.375,77.34375,-7.03125
Sub_13lux 25.1,144,84.375,84.375,0.0
Sub_13lux 25.1,145,84.375,77.34375,-7.03125
Sub_13lux 25.1,146,84.375,84.375,0.0
Sub_13lux 25.1,147,84.375,84.375,0.0
Sub_13lux 25.1,148,84.375,84.375,0.0
Sub_13lux 25.1,149,84.375,84.375,0.0
Sub_13lux 25.1,150,84.375,84.375,0.0
Sub_13lux 25.1,151,84.375,84.375,0.0
Sub_13lux 25.1,152,84.375,77.34375,-7.03125
Sub_13lux 25.1,153,84.375,84.375,0.0
Sub_13lux 39.8,0,84.375,84.375,0.0
Sub_13lux 39.8,1,84.375,84.375,0.0
Sub_13lux 39.8,2,84.375,84.375,0.0
Sub_13lux 39.8,3,84.375,84.375,0.0
Sub_13lux 39.8,4,84.375,84.375,0.0
Sub_13lux 39.8,5,84.375,84.375,0.0
Sub_13lux 39.8,6,91.40625,77.34375,-14.0625
Sub_13lux 39.8,7,91.40625,77.34375,-14.0625
Sub_13lux 39.8,8,91.40625,77.34375,-14.0625
Sub_13lux 39.8,9,91.40625,77.34375,-14.0625
Sub_13lux 39.8,10,91.40625,77.34375,-14.0625
Sub_13lux 39.8,11,91.40625,77.34375,-14.0625
Sub_13lux 39.8,12,91.40625,77.34375,-14.0625
Sub_13lux 39.8,13,91.40625,91.40625,0.0
Sub_13lux 39.8,14,91.40625,91.40625,0.0
Sub_13lux 39.8,15,91.40625,91.40625,0.0
Sub_13lux 39.8,16,91.40625,91.40625,0.0
Sub_13lux 39.8,17,91.40625,91.40625,0.0
Sub_13lux 39.8,18,91.40625,91.40625,0.0
Sub_13lux 39.8,19,91.40625,91.40625,0.0
Sub_13lux 39.8,20,91.40625,91.40625,0.0
Sub_13lux 39.8,21,91.40625,91.40625,0.0
Sub_13lux 39.8,22,91.40625,91.40625,0.0
Sub_13lux 39.8,23,91.40625,91.40625,0.0
Sub_13lux 39.8,24,91.40625,91.40625,0.0
Sub_13lux 39.8,25,91.40625,91.40625,0.0
Sub_13lux 39.8,26,91.40625,91.40625,0.0
Sub_13lux 39.8,27,91.40625,91.40625,0.0
Sub_13lux 39.8,28,91.40625,91.40625,0.0
Sub_13lux 39.8,29,91.40625,91.40625,0.0
Sub_13lux 39.8,30,91.40625,91.40625,0.0
Sub_13lux 39.8,31,91.40625,91.40625,0.0
Sub_13lux 39.8,32,91.40625,77.34375,-14.0625
Sub_13lux 39.8,33,91.40625,91.40625,0.0
Sub_13lux 39.8,34,91.40625,98.4375,7.03125
Sub_13lux 39.8,35,91.40625,77.34375,-14.0625
Sub_13lux 39.8,36,91.40625,84.375,-7.03125
Sub_13lux 39.8,37,91.40625,91.40625,0.0
Sub_13lux 39.8,38,91.40625,84.375,-7.03125
Sub_13lux 39.8,39,91.40625,70.3125,-21.09375
Sub_13lux 39.8,40,91.40625,91.40625,0.0
Sub_13lux 39.8,41,91.40625,84.375,-7.03125
Sub_13lux 39.8,42,91.40625,91.40625,0.0
Sub_13lux 39.8,43,91.40625,84.375,-7.03125
Sub_13lux 39.8,44,91.40625,84.375,-7.03125
Sub_13lux 39.8,45,91.40625,84.375,-7.03125
Sub_13lux 39.8,46,91.40625,91.40625,0.0
Sub_13lux 39.8,47,91.40625,84.375,-7.03125
Sub_13lux 39.8,48,91.40625,84.375,-7.03125
Sub_13lux 39.8,49,91.40625,84.375,-7.03125
Sub_13lux 39.8,50,91.40625,91.40625,0.0
Sub_13lux 39.8,51,91.40625,91.40625,0.0
Sub_13lux 39.8,52,91.40625,91.40625,0.0
Sub_13lux 39.8,53,91.40625,91.40625,0.0
Sub_13lux 39.8,54,91.40625,91.40625,0.0
Sub_13lux 39.8,55,91.40625,91.40625,0.0
Sub_13lux 39.8,56,91.40625,91.40625,0.0
Sub_13lux 39.8,57,91.40625,91.40625,0.0
Sub_13lux 39.8,58,91.40625,91.40625,0.0
Sub_13lux 39.8,59,91.40625,91.40625,0.0
Sub_13lux 39.8,60,91.40625,91.40625,0.0
Sub_13lux 39.8,61,91.40625,91.40625,0.0
Sub_13lux 39.8,62,91.40625,91.40625,0.0
Sub_13lux 39.8,63,91.40625,91.40625,0.0
Sub_13lux 39.8,64,91.40625,91.40625,0.0
Sub_13lux 39.8,65,91.40625,91.40625,0.0
Sub_13lux 39.8,66,91.40625,91.40625,0.0
Sub_13lux 39.8,67,91.40625,91.40625,0.0
Sub_13lux 39.8,68,91.40625,91.40625,0.0
Sub_13lux 39.8,69,91.40625,91.40625,0.0
Sub_13lux 39.8,70,98.4375,91.40625,-7.03125
Sub_13lux 39.8,71,98.4375,91.40625,-7.03125
Sub_13lux 39.8,72,98.4375,91.40625,-7.03125
Sub_13lux 39.8,73,98.4375,91.40625,-7.03125
Sub_13lux 39.8,74,98.4375,91.40625,-7.03125
Sub_13lux 39.8,75,98.4375,91.40625,-7.03125
Sub_13lux 39.8,76,98.4375,91.40625,-7.03125
Sub_13lux 39.8,77,98.4375,91.40625,-7.03125
Sub_13lux 39.8,78,98.4375,91.40625,-7.03125
Sub_13lux 39.8,79,98.4375,91.40625,-7.03125
Sub_13lux 39.8,80,98.4375,98.4375,0.0
Sub_13lux 39.8,81,98.4375,91.40625,-7.03125
Sub_13lux 39.8,82,98.4375,91.40625,-7.03125
Sub_13lux 39.8,83,98.4375,91.40625,-7.03125
Sub_13lux 39.8,84,98.4375,91.40625,-7.03125
Sub_13lux 39.8,85,98.4375,91.40625,-7.03125
Sub_13lux 39.8,86,98.4375,91.40625,-7.03125
Sub_13lux 39.8,87,98.4375,91.40625,-7.03125
Sub_13lux 39.8,88,98.4375,91.40625,-7.03125
Sub_13lux 39.8,89,98.4375,91.40625,-7.03125
Sub_13lux 39.8,90,98.4375,91.40625,-7.03125
Sub_13lux 39.8,91,98.4375,91.40625,-7.03125
Sub_13lux 39.8,92,98.4375,91.40625,-7.03125
Sub_13lux 39.8,93,98.4375,91.40625,-7.03125
Sub_13lux 39.8,94,98.4375,91.40625,-7.03125
Sub_13lux 39.8,95,98.4375,91.40625,-7.03125
Sub_13lux 39.8,96,98.4375,91.40625,-7.03125
Sub_13lux 39.8,97,98.4375,91.40625,-7.03125
Sub_13lux 39.8,98,98.4375,91.40625,-7.03125
Sub_13lux 39.8,99,98.4375,91.40625,-7.03125
Sub_13lux 39.8,100,98.4375,91.40625,-7.03125
Sub_13lux 39.8,101,98.4375,91.40625,-7.03125
Sub_13lux 39.8,102,98.4375,91.40625,-7.03125
Sub_13lux 39.8,103,98.4375,91.40625,-7.03125
Sub_13lux 39.8,104,98.4375,91.40625,-7.03125
Sub_13lux 39.8,105,98.4375,91.40625,-7.03125
Sub_13lux 39.8,106,98.4375,91.40625,-7.03125
Sub_13lux 39.8,107,98.4375,91.40625,-7.03125
Sub_13lux 39.8,108,98.4375,91.40625,-7.03125
Sub_13lux 39.8,109,98.4375,91.40625,-7.03125
Sub_13lux 39.8,110,98.4375,91.40625,-7.03125
Sub_13lux 39.8,111,91.40625,91.40625,0.0
Sub_13lux 39.8,112,91.40625,91.40625,0.0
Sub_13lux 39.8,113,91.40625,91.40625,0.0
Sub_13lux 39.8,114,91.40625,91.40625,0.0
Sub_13lux 39.8,115,91.40625,91.40625,0.0
Sub_13lux 39.8,116,91.40625,91.40625,0.0
Sub_13lux 39.8,117,91.40625,91.40625,0.0
Sub_13lux 39.8,118,91.40625,91.40625,0.0
Sub_13lux 39.8,119,91.40625,91.40625,0.0
Sub_13lux 39.8,120,91.40625,91.40625,0.0
Sub_13lux 39.8,121,91.40625,91.40625,0.0
Sub_13lux 39.8,122,91.40625,91.40625,0.0
Sub_13lux 39.8,123,91.40625,91.40625,0.0
Sub_13lux 39.8,124,91.40625,91.40625,0.0
Sub_13lux 39.8,125,91.40625,91.40625,0.0
Sub_13lux 39.8,126,91.40625,91.40625,0.0
Sub_13lux 39.8,127,91.40625,91.40625,0.0
Sub_13lux 39.8,128,91.40625,91.40625,0.0
Sub_13lux 39.8,129,91.40625,91.40625,0.0
Sub_13lux 39.8,130,91.40625,91.40625,0.0
Sub_13lux 39.8,131,91.40625,91.40625,0.0
Sub_13lux 39.8,132,91.40625,91.40625,0.0
Sub_13lux 39.8,133,91.40625,91.40625,0.0
Sub_13lux 39.8,134,91.40625,91.40625,0.0
Sub_13lux 39.8,135,91.40625,91.40625,0.0
Sub_13lux 39.8,136,91.40625,91.40625,0.0
Sub_13lux 39.8,137,91.40625,91.40625,0.0
Sub_13lux 39.8,138,91.40625,91.40625,0.0
Sub_13lux 39.8,139,91.40625,91.40625,0.0
Sub_13lux 39.8,140,91.40625,91.40625,0.0
Sub_13lux 39.8,141,91.40625,91.40625,0.0
Sub_13lux 39.8,142,91.40625,91.40625,0.0
Sub_13lux 39.8,143,91.40625,91.40625,0.0
Sub_13lux 39.8,144,91.40625,91.40625,0.0
Sub_13lux 39.8,145,91.40625,91.40625,0.0
Sub_13lux 39.8,146,91.40625,91.40625,0.0
Sub_13lux 39.8,147,91.40625,91.40625,0.0
Sub_13lux 39.8,148,91.40625,91.40625,0.0
Sub_13lux 39.8,149,91.40625,91.40625,0.0
Sub_13lux 39.8,150,91.40625,91.40625,0.0
Sub_13lux 39.8,151,91.40625,91.40625,0.0
Sub_13lux 39.8,152,91.40625,91.40625,0.0
Sub_13lux 39.8,153,91.40625,91.40625,0.0
Sub_13lux 63.1,0,91.40625,91.40625,0.0
Sub_13lux 63.1,1,91.40625,91.40625,0.0
Sub_13lux 63.1,2,91.40625,91.40625,0.0
Sub_13lux 63.1,3,91.40625,91.40625,0.0
Sub_13lux 63.1,4,91.40625,91.40625,0.0
Sub_13lux 63.1,5,91.40625,91.40625,0.0
Sub_13lux 63.1,6,91.40625,91.40625,0.0
Sub_13lux 63.1,7,91.40625,91.40625,0.0
Sub_13lux 63.1,8,91.40625,91.40625,0.0
Sub_13lux 63.1,9,91.40625,91.40625,0.0
Sub_13lux 63.1,10,91.40625,91.40625,0.0
Sub_13lux 63.1,11,91.40625,91.40625,0.0
Sub_13lux 63.1,12,91.40625,91.40625,0.0
Sub_13lux 63.1,13,91.40625,91.40625,0.0
Sub_13lux 63.1,14,91.40625,91.40625,0.0
Sub_13lux 63.1,15,91.40625,91.40625,0.0
Sub_13lux 63.1,16,91.40625,91.40625,0.0
Sub_13lux 63.1,17,91.40625,91.40625,0.0
Sub_13lux 63.1,18,91.40625,84.375,-7.03125
Sub_13lux 63.1,19,91.40625,84.375,-7.03125
Sub_13lux 63.1,20,91.40625,84.375,-7.03125
Sub_13lux 63.1,21,91.40625,84.375,-7.03125
Sub_13lux 63.1,22,91.40625,84.375,-7.03125
Sub_13lux 63.1,23,91.40625,84.375,-7.03125
Sub_13lux 63.1,24,84.375,84.375,0.0
Sub_13lux 63.1,25,84.375,84.375,0.0
Sub_13lux 63.1,26,84.375,84.375,0.0
Sub_13lux 63.1,27,84.375,84.375,0.0
Sub_13lux 63.1,28,84.375,84.375,0.0
Sub_13lux 63.1,29,84.375,84.375,0.0
Sub_13lux 63.1,30,84.375,84.375,0.0
Sub_13lux 63.1,31,84.375,84.375,0.0
Sub_13lux 63.1,32,91.40625,84.375,-7.03125
Sub_13lux 63.1,33,91.40625,84.375,-7.03125
Sub_13lux 63.1,34,91.40625,84.375,-7.03125
Sub_13lux 63.1,35,91.40625,84.375,-7.03125
Sub_13lux 63.1,36,91.40625,84.375,-7.03125
Sub_13lux 63.1,37,91.40625,84.375,-7.03125
Sub_13lux 63.1,38,91.40625,84.375,-7.03125
Sub_13lux 63.1,39,91.40625,84.375,-7.03125
Sub_13lux 63.1,40,91.40625,84.375,-7.03125
Sub_13lux 63.1,41,91.40625,84.375,-7.03125
Sub_13lux 63.1,42,91.40625,91.40625,0.0
Sub_13lux 63.1,43,91.40625,84.375,-7.03125
Sub_13lux 63.1,44,91.40625,91.40625,0.0
Sub_13lux 63.1,45,91.40625,84.375,-7.03125
Sub_13lux 63.1,46,91.40625,91.40625,0.0
Sub_13lux 63.1,47,91.40625,84.375,-7.03125
Sub_13lux 63.1,48,91.40625,91.40625,0.0
Sub_13lux 63.1,49,91.40625,84.375,-7.03125
Sub_13lux 63.1,50,91.40625,84.375,-7.03125
Sub_13lux 63.1,51,91.40625,84.375,-7.03125
Sub_13lux 63.1,52,91.40625,91.40625,0.0
Sub_13lux 63.1,53,91.40625,84.375,-7.03125
Sub_13lux 63.1,54,91.40625,84.375,-7.03125
Sub_13lux 63.1,55,91.40625,91.40625,0.0
Sub_13lux 63.1,56,91.40625,91.40625,0.0
Sub_13lux 63.1,57,91.40625,91.40625,0.0
Sub_13lux 63.1,58,91.40625,91.40625,0.0
Sub_13lux 63.1,59,91.40625,91.40625,0.0
Sub_13lux 63.1,60,91.40625,91.40625,0.0
Sub_13lux 63.1,61,91.40625,91.40625,0.0
Sub_13lux 63.1,62,91.40625,91.40625,0.0
Sub_13lux 63.1,63,91.40625,91.40625,0.0
Sub_13lux 63.1,64,91.40625,91.40625,0.0
Sub_13lux 63.1,65,91.40625,91.40625,0.0
Sub_13lux 63.1,66,91.40625,91.40625,0.0
Sub_13lux 63.1,67,91.40625,91.40625,0.0
Sub_13lux 63.1,68,91.40625,91.40625,0.0
Sub_13lux 63.1,69,91.40625,91.40625,0.0
Sub_13lux 63.1,70,91.40625,91.40625,0.0
Sub_13lux 63.1,71,91.40625,91.40625,0.0
Sub_13lux 63.1,72,91.40625,91.40625,0.0
Sub_13lux 63.1,73,91.40625,91.40625,0.0
Sub_13lux 63.1,74,91.40625,91.40625,0.0
Sub_13lux 63.1,75,91.40625,91.40625,0.0
Sub_13lux 63.1,76,91.40625,91.40625,0.0
Sub_13lux 63.1,77,91.40625,91.40625,0.0
Sub_13lux 63.1,78,91.40625,84.375,-7.03125
Sub_13lux 63.1,79,91.40625,84.375,-7.03125
Sub_13lux 63.1,80,91.40625,84.375,-7.03125
Sub_13lux 63.1,81,91.40625,84.375,-7.03125
Sub_13lux 63.1,82,91.40625,84.375,-7.03125
Sub_13lux 63.1,83,91.40625,84.375,-7.03125
Sub_13lux 63.1,84,91.40625,84.375,-7.03125
Sub_13lux 63.1,85,91.40625,84.375,-7.03125
Sub_13lux 63.1,86,91.40625,84.375,-7.03125
Sub_13lux 63.1,87,91.40625,84.375,-7.03125
Sub_13lux 63.1,88,91.40625,84.375,-7.03125
Sub_13lux 63.1,89,91.40625,84.375,-7.03125
Sub_13lux 63.1,90,91.40625,84.375,-7.03125
Sub_13lux 63.1,91,91.40625,91.40625,0.0
Sub_13lux 63.1,92,91.40625,84.375,-7.03125
Sub_13lux 63.1,93,91.40625,91.40625,0.0
Sub_13lux 63.1,94,91.40625,91.40625,0.0
Sub_13lux 63.1,95,91.40625,91.40625,0.0
Sub_13lux 63.1,96,91.40625,91.40625,0.0
Sub_13lux 63.1,97,91.40625,91.40625,0.0
Sub_13lux 63.1,98,91.40625,91.40625,0.0
Sub_13lux 63.1,99,91.40625,91.40625,0.0
Sub_13lux 63.1,100,91.40625,91.40625,0.0
Sub_13lux 63.1,101,91.40625,91.40625,0.0
Sub_13lux 63.1,102,91.40625,91.40625,0.0
Sub_13lux 63.1,103,91.40625,91.40625,0.0
Sub_13lux 63.1,104,91.40625,91.40625,0.0
Sub_13lux 63.1,105,91.40625,91.40625,0.0
Sub_13lux 63.1,106,91.40625,91.40625,0.0
Sub_13lux 63.1,107,91.40625,91.40625,0.0
Sub_13lux 63.1,108,91.40625,91.40625,0.0
Sub_13lux 63.1,109,91.40625,91.40625,0.0
Sub_13lux 63.1,110,91.40625,91.40625,0.0
Sub_13lux 63.1,111,91.40625,91.40625,0.0
Sub_13lux 63.1,112,91.40625,91.40625,0.0
Sub_13lux 63.1,113,91.40625,91.40625,0.0
Sub_13lux 63.1,114,91.40625,91.40625,0.0
Sub_13lux 63.1,115,91.40625,91.40625,0.0
Sub_13lux 63.1,116,91.40625,84.375,-7.03125
Sub_13lux 63.1,117,91.40625,91.40625,0.0
Sub_13lux 63.1,118,91.40625,84.375,-7.03125
Sub_13lux 63.1,119,91.40625,84.375,-7.03125
Sub_13lux 63.1,120,91.40625,91.40625,0.0
Sub_13lux 63.1,121,91.40625,91.40625,0.0
Sub_13lux 63.1,122,91.40625,84.375,-7.03125
Sub_13lux 63.1,123,91.40625,91.40625,0.0
Sub_13lux 63.1,124,91.40625,84.375,-7.03125
Sub_13lux 63.1,125,91.40625,91.40625,0.0
Sub_13lux 63.1,126,91.40625,91.40625,0.0
Sub_13lux 63.1,127,91.40625,91.40625,0.0
Sub_13lux 63.1,128,91.40625,91.40625,0.0
Sub_13lux 63.1,129,91.40625,91.40625,0.0
Sub_13lux 63.1,130,91.40625,91.40625,0.0
Sub_13lux 63.1,131,91.40625,91.40625,0.0
Sub_13lux 63.1,132,91.40625,91.40625,0.0
Sub_13lux 63.1,133,91.40625,91.40625,0.0
Sub_13lux 63.1,134,91.40625,91.40625,0.0
Sub_13lux 63.1,135,91.40625,84.375,-7.03125
Sub_13lux 63.1,136,91.40625,84.375,-7.03125
Sub_13lux 63.1,137,91.40625,91.40625,0.0
Sub_13lux 63.1,138,91.40625,84.375,-7.03125
Sub_13lux 63.1,139,91.40625,84.375,-7.03125
Sub_13lux 63.1,140,91.40625,84.375,-7.03125
Sub_13lux 63.1,141,91.40625,84.375,-7.03125
Sub_13lux 63.1,142,91.40625,84.375,-7.03125
Sub_13lux 63.1,143,84.375,84.375,0.0
Sub_13lux 63.1,144,84.375,84.375,0.0
Sub_13lux 63.1,145,84.375,84.375,0.0
Sub_13lux 63.1,146,84.375,84.375,0.0
Sub_13lux 63.1,147,84.375,84.375,0.0
Sub_13lux 63.1,148,84.375,84.375,0.0
Sub_13lux 63.1,149,84.375,84.375,0.0
Sub_13lux 63.1,150,84.375,84.375,0.0
Sub_13lux 63.1,151,84.375,84.375,0.0
Sub_13lux 63.1,152,84.375,84.375,0.0
Sub_13lux 63.1,153,84.375,84.375,0.0
