subject_id,segment_idx,hr_gt_bpm,hr_pr_bpm,err_bpm
01-01,0,70.3125,91.40625,21.09375
01-01,1,70.3125,112.5,42.1875
01-01,2,70.3125,98.4375,28.125
01-01,3,63.28125,112.5,49.21875
01-01,4,63.28125,91.40625,28.125
01-01,5,63.28125,98.4375,35.15625
01-01,6,63.28125,112.5,49.21875
01-01,7,63.28125,112.5,49.21875
01-01,8,63.28125,112.5,49.21875
01-01,9,63.28125,112.5,49.21875
01-01,10,63.28125,105.46875,42.1875
01-01,11,63.28125,112.5,49.21875
01-01,12,63.28125,112.5,49.21875
01-01,13,63.28125,112.5,49.21875
01-01,14,63.28125,112.5,49.21875
01-01,15,63.28125,112.5,49.21875
01-01,16,63.28125,112.5,49.21875
01-01,17,63.28125,112.5,49.21875
01-01,18,63.28125,112.5,49.21875
01-01,19,63.28125,112.5,49.21875
01-01,20,63.28125,105.46875,42.1875
01-01,21,63.28125,112.5,49.21875
01-01,22,63.28125,112.5,49.21875
01-01,23,63.28125,105.46875,42.1875
01-01,24,63.28125,112.5,49.21875
01-01,25,63.28125,112.5,49.21875
01-01,26,133.59375,105.46875,-28.125
01-01,27,133.59375,105.46875,-28.125
01-01,28,63.28125,112.5,49.21875
01-01,29,63.28125,105.46875,42.1875
01-01,30,63.28125,112.5,49.21875
01-01,31,63.28125,112.5,49.21875
01-01,32,63.28125,98.4375,35.15625
01-01,33,63.28125,112.5,49.21875
01-01,34,63.28125,112.5,49.21875
01-01,35,63.28125,112.5,49.21875
01-01,36,63.28125,112.5,49.21875
01-01,37,63.28125,112.5,49.21875
01-01,38,63.28125,112.5,49.21875
01-01,39,63.28125,112.5,49.21875
01-01,40,63.28125,98.4375,35.15625
01-01,41,63.28125,112.5,49.21875
01-01,42,63.28125,112.5,49.21875
01-01,43,63.28125,112.5,49.21875
01-01,44,63.28125,112.5,49.21875
01-01,45,63.28125,112.5,49.21875
01-01,46,63.28125,112.5,49.21875
01-01,47,63.28125,112.5,49.21875
01-01,48,63.28125,112.5,49.21875
01-01,49,63.28125,112.5,49.21875
01-01,50,133.59375,105.46875,-28.125
01-01,51,70.3125,105.46875,35.15625
01-01,52,133.59375,112.5,-21.09375
01-01,53,70.3125,112.5,42.1875
01-01,54,70.3125,84.375,14.0625
01-01,55,133.59375,112.5,-21.09375
01-01,56,133.59375,112.5,-21.09375
01-01,57,63.28125,112.5,49.21875
01-01,58,63.28125,112.5,49.21875
01-01,59,63.28125,105.46875,42.1875
01-01,60,63.28125,98.4375,35.15625
01-01,61,63.28125,91.40625,28.125
01-01,62,63.28125,91.40625,28.125
01-01,63,63.28125,91.40625,28.125
01-01,64,63.28125,91.40625,28.125
01-01,65,63.28125,91.40625,28.125
01-01,66,63.28125,91.40625,28.125
01-01,67,63.28125,98.4375,35.15625
01-01,68,63.28125,91.40625,28.125
01-01,69,63.28125,84.375,21.09375
01-01,70,63.28125,84.375,21.09375
01-01,71,63.28125,91.40625,28.125
01-01,72,63.28125,91.40625,28.125
01-01,73,63.28125,91.40625,28.125
01-01,74,63.28125,112.5,49.21875
01-01,75,63.28125,112.5,49.21875
01-01,76,63.28125,112.5,49.21875
01-01,77,63.28125,98.4375,35.15625
01-01,78,63.28125,98.4375,35.15625
01-01,79,63.28125,98.4375,35.15625
01-01,80,63.28125,98.4375,35.15625
01-01,81,63.28125,112.5,49.21875
01-01,82,63.28125,98.4375,35.15625
01-01,83,63.28125,98.4375,35.15625
01-01,84,63.28125,98.4375,35.15625
01-01,85,63.28125,112.5,49.21875
01-01,86,63.28125,105.46875,42.1875
01-01,87,63.28125,105.46875,42.1875
01-01,88,63.28125,112.5,49.21875
01-01,89,63.28125,112.5,49.21875
01-01,90,63.28125,112.5,49.21875
01-01,91,63.28125,112.5,49.21875
01-01,92,63.28125,112.5,49.21875
01-01,93,63.28125,112.5,49.21875
01-01,94,63.28125,112.5,49.21875
01-01,95,63.28125,112.5,49.21875
01-01,96,63.28125,112.5,49.21875
01-01,97,63.28125,105.46875,42.1875
01-01,98,63.28125,105.46875,42.1875
01-01,99,63.28125,105.46875,42.1875
01-01,100,63.28125,105.46875,42.1875
01-01,101,63.28125,112.5,49.21875
01-01,102,63.28125,112.5,49.21875
01-01,103,63.28125,105.46875,42.1875
01-01,104,63.28125,105.46875,42.1875
01-01,105,63.28125,112.5,49.21875
01-01,106,63.28125,112.5,49.21875
01-01,107,63.28125,91.40625,28.125
01-01,108,63.28125,98.4375,35.15625
01-01,109,63.28125,112.5,49.21875
01-01,110,63.28125,98.4375,35.15625
01-01,111,133.59375,98.4375,-35.15625
01-01,112,133.59375,98.4375,-35.15625
01-01,113,133.59375,105.46875,-28.125
01-01,114,70.3125,112.5,42.1875
01-01,115,133.59375,112.5,-21.09375
01-01,116,70.3125,112.5,42.1875
01-01,117,70.3125,98.4375,28.125
01-01,118,133.59375,112.5,-21.09375
01-01,119,70.3125,105.46875,35.15625
01-01,120,133.59375,105.46875,-28.125
01-01,121,70.3125,112.5,42.1875
01-01,122,70.3125,98.4375,28.125
01-01,123,70.3125,98.4375,28.125
01-01,124,70.3125,112.5,42.1875
01-01,125,70.3125,112.5,42.1875
01-01,126,70.3125,112.5,42.1875
01-01,127,70.3125,112.5,42.1875
01-01,128,70.3125,112.5,42.1875
01-01,129,70.3125,112.5,42.1875
01-01,130,70.3125,112.5,42.1875
01-01,131,70.3125,91.40625,21.09375
01-01,132,70.3125,105.46875,35.15625
01-01,133,70.3125,112.5,42.1875
01-01,134,70.3125,112.5,42.1875
01-01,135,70.3125,91.40625,21.09375
01-01,136,70.3125,112.5,42.1875
01-01,137,70.3125,98.4375,28.125
01-01,138,70.3125,98.4375,28.125
01-01,139,70.3125,112.5,42.1875
01-01,140,70.3125,84.375,14.0625
01-01,141,70.3125,91.40625,21.09375
01-01,142,70.3125,91.40625,21.09375
01-01,143,70.3125,91.40625,21.09375
01-01,144,70.3125,98.4375,28.125
01-01,145,70.3125,98.4375,28.125
01-01,146,70.3125,98.4375,28.125
01-01,147,70.3125,98.4375,28.125
01-01,148,70.3125,98.4375,28.125
01-01,149,70.3125,98.4375,28.125
01-01,150,70.3125,91.40625,21.09375
01-01,151,70.3125,91.40625,21.09375
01-01,152,70.3125,98.4375,28.125
01-01,153,70.3125,91.40625,21.09375
01-01,154,70.3125,84.375,14.0625
01-01,155,70.3125,112.5,42.1875
01-01,156,70.3125,112.5,42.1875
01-01,157,70.3125,105.46875,35.15625
01-01,158,70.3125,112.5,42.1875
01-01,159,70.3125,98.4375,28.125
01-01,160,70.3125,98.4375,28.125
01-01,161,70.3125,98.4375,28.125
01-01,162,70.3125,91.40625,21.09375
01-01,163,70.3125,91.40625,21.09375
01-01,164,70.3125,91.40625,21.09375
01-01,165,70.3125,91.40625,21.09375
01-01,166,70.3125,91.40625,21.09375
01-01,167,70.3125,91.40625,21.09375
01-01,168,70.3125,112.5,42.1875
01-01,169,70.3125,91.40625,21.09375
01-01,170,70.3125,112.5,42.1875
01-01,171,70.3125,112.5,42.1875
01-01,172,70.3125,112.5,42.1875
01-01,173,70.3125,91.40625,21.09375
01-01,174,70.3125,112.5,42.1875
01-01,175,70.3125,112.5,42.1875
01-02,0,77.34375,105.46875,28.125
01-02,1,77.34375,105.46875,28.125
01-02,2,70.3125,112.5,42.1875
01-02,3,140.625,112.5,-28.125
01-02,4,70.3125,105.46875,35.15625
01-02,5,70.3125,105.46875,35.15625
01-02,6,70.3125,98.4375,28.125
01-02,7,70.3125,98.4375,28.125
01-02,8,70.3125,112.5,42.1875
01-02,9,70.3125,91.40625,21.09375
01-02,10,70.3125,112.5,42.1875
01-02,11,70.3125,112.5,42.1875
01-02,12,70.3125,112.5,42.1875
01-02,13,70.3125,112.5,42.1875
01-02,14,70.3125,112.5,42.1875
01-02,15,70.3125,112.5,42.1875
01-02,16,70.3125,112.5,42.1875
01-02,17,70.3125,112.5,42.1875
01-02,18,147.65625,112.5,-35.15625
01-02,19,147.65625,112.5,-35.15625
01-02,20,147.65625,112.5,-35.15625
01-02,21,77.34375,112.5,35.15625
01-02,22,77.34375,112.5,35.15625
01-02,23,77.34375,112.5,35.15625
01-02,24,77.34375,119.53125,42.1875
01-02,25,77.34375,105.46875,28.125
01-02,26,77.34375,105.46875,28.125
01-02,27,77.34375,112.5,35.15625
01-02,28,77.34375,105.46875,28.125
01-02,29,77.34375,112.5,35.15625
01-02,30,77.34375,98.4375,21.09375
01-02,31,77.34375,98.4375,21.09375
01-02,32,77.34375,112.5,35.15625
01-02,33,77.34375,98.4375,21.09375
01-02,34,77.34375,91.40625,14.0625
01-02,35,77.34375,112.5,35.15625
01-02,36,77.34375,112.5,35.15625
01-02,37,77.34375,112.5,35.15625
01-02,38,70.3125,112.5,42.1875
01-02,39,70.3125,112.5,42.1875
01-02,40,70.3125,112.5,42.1875
01-02,41,70.3125,112.5,42.1875
01-02,42,70.3125,105.46875,35.15625
01-02,43,70.3125,112.5,42.1875
01-02,44,70.3125,112.5,42.1875
01-02,45,70.3125,112.5,42.1875
01-02,46,70.3125,112.5,42.1875
01-02,47,70.3125,112.5,42.1875
01-02,48,70.3125,112.5,42.1875
01-02,49,70.3125,112.5,42.1875
01-02,50,70.3125,98.4375,28.125
01-02,51,70.3125,112.5,42.1875
01-02,52,70.3125,98.4375,28.125
01-02,53,70.3125,112.5,42.1875
01-02,54,70.3125,112.5,42.1875
01-02,55,70.3125,112.5,42.1875
01-02,56,70.3125,112.5,42.1875
01-02,57,77.34375,112.5,35.15625
01-02,58,77.34375,112.5,35.15625
01-02,59,77.34375,112.5,35.15625
01-02,60,77.34375,112.5,35.15625
01-02,61,77.34375,112.5,35.15625
01-02,62,77.34375,112.5,35.15625
01-02,63,77.34375,112.5,35.15625
01-02,64,77.34375,112.5,35.15625
01-02,65,77.34375,112.5,35.15625
01-02,66,77.34375,98.4375,21.09375
01-02,67,77.34375,112.5,35.15625
01-02,68,77.34375,112.5,35.15625
01-02,69,77.34375,112.5,35.15625
01-02,70,77.34375,91.40625,14.0625
01-02,71,77.34375,112.5,35.15625
01-02,72,77.34375,112.5,35.15625
01-02,73,70.3125,112.5,42.1875
01-02,74,70.3125,112.5,42.1875
01-02,75,70.3125,112.5,42.1875
01-02,76,70.3125,112.5,42.1875
01-02,77,70.3125,112.5,42.1875
01-02,78,70.3125,98.4375,28.125
01-02,79,70.3125,112.5,42.1875
01-02,80,70.3125,98.4375,28.125
01-02,81,70.3125,91.40625,21.09375
01-02,82,70.3125,112.5,42.1875
01-02,83,70.3125,112.5,42.1875
01-02,84,70.3125,112.5,42.1875
01-02,85,70.3125,112.5,42.1875
01-02,86,70.3125,112.5,42.1875
01-02,87,70.3125,112.5,42.1875
01-02,88,70.3125,112.5,42.1875
01-02,89,70.3125,84.375,14.0625
01-02,90,70.3125,112.5,42.1875
01-02,91,70.3125,84.375,14.0625
01-02,92,70.3125,112.5,42.1875
01-02,93,70.3125,105.46875,35.15625
01-02,94,70.3125,84.375,14.0625
01-02,95,70.3125,112.5,42.1875
01-02,96,70.3125,91.40625,21.09375
01-02,97,70.3125,112.5,42.1875
01-02,98,70.3125,105.46875,35.15625
01-02,99,70.3125,112.5,42.1875
01-02,100,70.3125,91.40625,21.09375
01-02,101,70.3125,112.5,42.1875
01-02,102,70.3125,112.5,42.1875
01-02,103,70.3125,112.5,42.1875
01-02,104,70.3125,112.5,42.1875
01-02,105,70.3125,112.5,42.1875
01-02,106,70.3125,105.46875,35.15625
01-02,107,70.3125,112.5,42.1875
01-02,108,70.3125,112.5,42.1875
01-02,109,70.3125,91.40625,21.09375
01-02,110,70.3125,112.5,42.1875
01-02,111,70.3125,112.5,42.1875
01-02,112,70.3125,112.5,42.1875
01-02,113,70.3125,98.4375,28.125
01-02,114,70.3125,105.46875,35.15625
01-02,115,70.3125,98.4375,28.125
01-02,116,77.34375,98.4375,21.09375
01-02,117,77.34375,98.4375,21.09375
01-02,118,77.34375,98.4375,21.09375
01-02,119,77.34375,98.4375,21.09375
01-02,120,77.34375,91.40625,14.0625
01-02,121,77.34375,91.40625,14.0625
01-02,122,77.34375,91.40625,14.0625
01-02,123,77.34375,112.5,35.15625
01-02,124,77.34375,98.4375,21.09375
01-02,125,77.34375,91.40625,14.0625
01-02,126,77.34375,112.5,35.15625
01-02,127,77.34375,112.5,35.15625
01-02,128,77.34375,112.5,35.15625
01-02,129,77.34375,112.5,35.15625
01-02,130,77.34375,98.4375,21.09375
01-02,131,77.34375,98.4375,21.09375
01-02,132,77.34375,112.5,35.15625
01-02,133,77.34375,91.40625,14.0625
01-02,134,77.34375,112.5,35.15625
01-02,135,70.3125,112.5,42.1875
01-02,136,70.3125,112.5,42.1875
01-02,137,77.34375,112.5,35.15625
01-02,138,77.34375,112.5,35.15625
01-02,139,77.34375,112.5,35.15625
01-02,140,77.34375,112.5,35.15625
01-02,141,77.34375,112.5,35.15625
01-02,142,77.34375,112.5,35.15625
01-02,143,77.34375,112.5,35.15625
01-02,144,77.34375,112.5,35.15625
01-02,145,77.34375,112.5,35.15625
01-02,146,77.34375,105.46875,28.125
01-02,147,77.34375,112.5,35.15625
01-02,148,77.34375,112.5,35.15625
01-02,149,77.34375,112.5,35.15625
01-02,150,77.34375,112.5,35.15625
01-02,151,77.34375,98.4375,21.09375
01-02,152,77.34375,105.46875,28.125
01-02,153,77.34375,112.5,35.15625
01-02,154,77.34375,105.46875,28.125
01-02,155,77.34375,105.46875,28.125
01-02,156,77.34375,112.5,35.15625
01-02,157,77.34375,98.4375,21.09375
01-02,158,77.34375,112.5,35.15625
01-02,159,70.3125,112.5,42.1875
01-02,160,70.3125,112.5,42.1875
01-02,161,70.3125,98.4375,28.125
01-02,162,70.3125,112.5,42.1875
01-02,163,70.3125,112.5,42.1875
01-02,164,70.3125,112.5,42.1875
01-02,165,70.3125,112.5,42.1875
01-02,166,70.3125,112.5,42.1875
01-02,167,70.3125,112.5,42.1875
01-02,168,70.3125,112.5,42.1875
01-02,169,70.3125,112.5,42.1875
01-02,170,70.3125,112.5,42.1875
01-02,171,70.3125,98.4375,28.125
01-02,172,70.3125,112.5,42.1875
01-02,173,77.34375,112.5,35.15625
01-02,174,77.34375,112.5,35.15625
01-02,175,77.34375,112.5,35.15625
01-03,0,77.34375,98.4375,21.09375
01-03,1,77.34375,98.4375,21.09375
01-03,2,77.34375,98.4375,21.09375
01-03,3,77.34375,98.4375,21.09375
01-03,4,77.34375,98.4375,21.09375
01-03,5,77.34375,98.4375,21.09375
01-03,6,77.34375,98.4375,21.09375
01-03,7,77.34375,98.4375,21.09375
01-03,8,77.34375,112.5,35.15625
01-03,9,77.34375,112.5,35.15625
01-03,10,77.34375,112.5,35.15625
01-03,11,77.34375,105.46875,28.125
01-03,12,77.34375,112.5,35.15625
01-03,13,77.34375,112.5,35.15625
01-03,14,77.34375,91.40625,14.0625
01-03,15,77.34375,112.5,35.15625
01-03,16,77.34375,98.4375,21.09375
01-03,17,77.34375,98.4375,21.09375
01-03,18,77.34375,112.5,35.15625
01-03,19,77.34375,105.46875,28.125
01-03,20,77.34375,105.46875,28.125
01-03,21,77.34375,112.5,35.15625
01-03,22,77.34375,112.5,35.15625
01-03,23,77.34375,112.5,35.15625
01-03,24,77.34375,112.5,35.15625
01-03,25,77.34375,112.5,35.15625
01-03,26,77.34375,112.5,35.15625
01-03,27,77.34375,112.5,35.15625
01-03,28,77.34375,112.5,35.15625
01-03,29,77.34375,112.5,35.15625
01-03,30,77.34375,112.5,35.15625
01-03,31,77.34375,112.5,35.15625
01-03,32,77.34375,112.5,35.15625
01-03,33,77.34375,91.40625,14.0625
01-03,34,77.34375,112.5,35.15625
01-03,35,77.34375,112.5,35.15625
01-03,36,77.34375,112.5,35.15625
01-03,37,77.34375,112.5,35.15625
01-03,38,77.34375,112.5,35.15625
01-03,39,77.34375,84.375,7.03125
01-03,40,77.34375,91.40625,14.0625
01-03,41,77.34375,91.40625,14.0625
01-03,42,77.34375,112.5,35.15625
01-03,43,77.34375,112.5,35.15625
01-03,44,77.34375,112.5,35.15625
01-03,45,77.34375,98.4375,21.09375
01-03,46,77.34375,98.4375,21.09375
01-03,47,77.34375,112.5,35.15625
01-03,48,77.34375,112.5,35.15625
01-03,49,77.34375,112.5,35.15625
01-03,50,77.34375,112.5,35.15625
01-03,51,77.34375,112.5,35.15625
01-03,52,77.34375,112.5,35.15625
01-03,53,77.34375,112.5,35.15625
01-03,54,77.34375,98.4375,21.09375
01-03,55,77.34375,98.4375,21.09375
01-03,56,77.34375,126.5625,49.21875
01-03,57,77.34375,112.5,35.15625
01-03,58,77.34375,105.46875,28.125
01-03,59,77.34375,112.5,35.15625
01-03,60,77.34375,112.5,35.15625
01-03,61,77.34375,112.5,35.15625
01-03,62,77.34375,112.5,35.15625
01-03,63,77.34375,105.46875,28.125
01-03,64,77.34375,105.46875,28.125
01-03,65,77.34375,105.46875,28.125
01-03,66,77.34375,112.5,35.15625
01-03,67,77.34375,112.5,35.15625
01-03,68,77.34375,112.5,35.15625
01-03,69,77.34375,91.40625,14.0625
01-03,70,77.34375,112.5,35.15625
01-03,71,77.34375,112.5,35.15625
01-03,72,77.34375,112.5,35.15625
01-03,73,77.34375,112.5,35.15625
01-03,74,77.34375,112.5,35.15625
01-03,75,77.34375,98.4375,21.09375
01-03,76,77.34375,112.5,35.15625
01-03,77,77.34375,112.5,35.15625
01-03,78,77.34375,105.46875,28.125
01-03,79,77.34375,126.5625,49.21875
01-03,80,77.34375,126.5625,49.21875
01-03,81,77.34375,105.46875,28.125
01-03,82,77.34375,112.5,35.15625
01-03,83,77.34375,112.5,35.15625
01-03,84,77.34375,112.5,35.15625
01-03,85,77.34375,98.4375,21.09375
01-03,86,77.34375,98.4375,21.09375
01-03,87,77.34375,112.5,35.15625
01-03,88,77.34375,112.5,35.15625
01-03,89,77.34375,105.46875,28.125
01-03,90,77.34375,112.5,35.15625
01-03,91,77.34375,112.5,35.15625
01-03,92,77.34375,112.5,35.15625
01-03,93,77.34375,112.5,35.15625
01-03,94,77.34375,112.5,35.15625
01-03,95,77.34375,112.5,35.15625
01-03,96,77.34375,105.46875,28.125
01-03,97,77.34375,105.46875,28.125
01-03,98,77.34375,112.5,35.15625
01-03,99,77.34375,112.5,35.15625
01-03,100,77.34375,112.5,35.15625
01-03,101,77.34375,112.5,35.15625
01-03,102,77.34375,84.375,7.03125
01-03,103,77.34375,98.4375,21.09375
01-03,104,77.34375,91.40625,14.0625
01-03,105,77.34375,91.40625,14.0625
01-03,106,77.34375,91.40625,14.0625
01-03,107,77.34375,91.40625,14.0625
01-03,108,77.34375,105.46875,28.125
01-03,109,77.34375,105.46875,28.125
01-03,110,77.34375,98.4375,21.09375
01-03,111,77.34375,98.4375,21.09375
01-03,112,77.34375,98.4375,21.09375
01-03,113,77.34375,105.46875,28.125
01-03,114,77.34375,112.5,35.15625
01-03,115,77.34375,112.5,35.15625
01-03,116,77.34375,105.46875,28.125
01-03,117,77.34375,112.5,35.15625
01-03,118,77.34375,112.5,35.15625
01-03,119,77.34375,112.5,35.15625
01-03,120,77.34375,112.5,35.15625
01-03,121,77.34375,105.46875,28.125
01-03,122,77.34375,105.46875,28.125
01-03,123,77.34375,105.46875,28.125
01-03,124,77.34375,105.46875,28.125
01-03,125,77.34375,91.40625,14.0625
01-03,126,77.34375,112.5,35.15625
01-03,127,77.34375,105.46875,28.125
01-03,128,77.34375,105.46875,28.125
01-03,129,77.34375,105.46875,28.125
01-03,130,77.34375,98.4375,21.09375
01-03,131,77.34375,112.5,35.15625
01-03,132,77.34375,112.5,35.15625
01-03,133,77.34375,98.4375,21.09375
01-03,134,77.34375,112.5,35.15625
01-03,135,77.34375,112.5,35.15625
01-03,136,77.34375,84.375,7.03125
01-03,137,77.34375,84.375,7.03125
01-03,138,77.34375,91.40625,14.0625
01-03,139,77.34375,98.4375,21.09375
01-03,140,77.34375,98.4375,21.09375
01-03,141,77.34375,98.4375,21.09375
01-03,142,77.34375,98.4375,21.09375
01-03,143,77.34375,91.40625,14.0625
01-03,144,77.34375,91.40625,14.0625
01-03,145,77.34375,91.40625,14.0625
01-03,146,77.34375,91.40625,14.0625
01-03,147,77.34375,98.4375,21.09375
01-03,148,77.34375,98.4375,21.09375
01-03,149,77.34375,98.4375,21.09375
01-03,150,77.34375,91.40625,14.0625
01-03,151,77.34375,98.4375,21.09375
01-03,152,77.34375,91.40625,14.0625
01-03,153,77.34375,105.46875,28.125
01-03,154,77.34375,105.46875,28.125
01-03,155,77.34375,112.5,35.15625
01-03,156,77.34375,112.5,35.15625
01-03,157,77.34375,98.4375,21.09375
01-03,158,77.34375,98.4375,21.09375
01-03,159,77.34375,98.4375,21.09375
01-03,160,77.34375,98.4375,21.09375
01-03,161,77.34375,112.5,35.15625
01-03,162,77.34375,112.5,35.15625
01-03,163,77.34375,98.4375,21.09375
01-03,164,77.34375,105.46875,28.125
01-03,165,77.34375,112.5,35.15625
01-03,166,77.34375,112.5,35.15625
01-03,167,77.34375,112.5,35.15625
01-03,168,77.34375,98.4375,21.09375
01-03,169,77.34375,112.5,35.15625
01-03,170,77.34375,98.4375,21.09375
01-03,171,77.34375,112.5,35.15625
01-03,172,77.34375,112.5,35.15625
01-03,173,77.34375,112.5,35.15625
01-03,174,77.34375,119.53125,42.1875
01-03,175,77.34375,112.5,35.15625
01-03,176,77.34375,112.5,35.15625
01-03,177,77.34375,112.5,35.15625
01-03,178,77.34375,112.5,35.15625
01-03,179,77.34375,112.5,35.15625
01-03,180,77.34375,112.5,35.15625
01-03,181,77.34375,105.46875,28.125
01-03,182,77.34375,91.40625,14.0625
01-03,183,77.34375,98.4375,21.09375
01-03,184,77.34375,98.4375,21.09375
01-03,185,77.34375,98.4375,21.09375
01-03,186,77.34375,112.5,35.15625
01-03,187,77.34375,105.46875,28.125
01-03,188,77.34375,98.4375,21.09375
01-03,189,77.34375,112.5,35.15625
01-03,190,77.34375,105.46875,28.125
01-03,191,77.34375,112.5,35.15625
01-03,192,77.34375,105.46875,28.125
01-03,193,77.34375,105.46875,28.125
01-03,194,77.34375,105.46875,28.125
01-03,195,77.34375,112.5,35.15625
01-03,196,77.34375,98.4375,21.09375
01-03,197,77.34375,112.5,35.15625
01-03,198,77.34375,112.5,35.15625
01-03,199,77.34375,112.5,35.15625
01-03,200,77.34375,105.46875,28.125
01-03,201,77.34375,105.46875,28.125
01-03,202,77.34375,105.46875,28.125
01-03,203,77.34375,112.5,35.15625
01-03,204,77.34375,112.5,35.15625
01-03,205,77.34375,112.5,35.15625
01-03,206,77.34375,112.5,35.15625
01-03,207,77.34375,112.5,35.15625
01-03,208,77.34375,98.4375,21.09375
01-03,209,77.34375,98.4375,21.09375
01-03,210,77.34375,112.5,35.15625
01-03,211,77.34375,112.5,35.15625
01-03,212,77.34375,91.40625,14.0625
01-03,213,77.34375,91.40625,14.0625
01-03,214,77.34375,91.40625,14.0625
01-03,215,77.34375,91.40625,14.0625
01-03,216,77.34375,112.5,35.15625
01-03,217,77.34375,112.5,35.15625
01-03,218,77.34375,105.46875,28.125
01-03,219,77.34375,112.5,35.15625
01-03,220,77.34375,105.46875,28.125
01-03,221,77.34375,98.4375,21.09375
01-04,0,77.34375,98.4375,21.09375
01-04,1,77.34375,112.5,35.15625
01-04,2,77.34375,98.4375,21.09375
01-04,3,77.34375,98.4375,21.09375
01-04,4,77.34375,112.5,35.15625
01-04,5,77.34375,112.5,35.15625
01-04,6,77.34375,105.46875,28.125
01-04,7,77.34375,112.5,35.15625
01-04,8,77.34375,112.5,35.15625
01-04,9,77.34375,112.5,35.15625
01-04,10,77.34375,84.375,7.03125
01-04,11,77.34375,84.375,7.03125
01-04,12,77.34375,112.5,35.15625
01-04,13,77.34375,112.5,35.15625
01-04,14,70.3125,98.4375,28.125
01-04,15,70.3125,112.5,42.1875
01-04,16,70.3125,112.5,42.1875
01-04,17,70.3125,112.5,42.1875
01-04,18,70.3125,84.375,14.0625
01-04,19,70.3125,91.40625,21.09375
01-04,20,70.3125,112.5,42.1875
01-04,21,70.3125,112.5,42.1875
01-04,22,70.3125,112.5,42.1875
01-04,23,77.34375,112.5,35.15625
01-04,24,77.34375,91.40625,14.0625
01-04,25,77.34375,112.5,35.15625
01-04,26,77.34375,112.5,35.15625
01-04,27,77.34375,112.5,35.15625
01-04,28,77.34375,91.40625,14.0625
01-04,29,77.34375,112.5,35.15625
01-04,30,77.34375,112.5,35.15625
01-04,31,77.34375,112.5,35.15625
01-04,32,77.34375,112.5,35.15625
01-04,33,77.34375,112.5,35.15625
01-04,34,77.34375,112.5,35.15625
01-04,35,77.34375,112.5,35.15625
01-04,36,77.34375,112.5,35.15625
01-04,37,77.34375,112.5,35.15625
01-04,38,77.34375,112.5,35.15625
01-04,39,77.34375,112.5,35.15625
01-04,40,77.34375,112.5,35.15625
01-04,41,77.34375,112.5,35.15625
01-04,42,77.34375,112.5,35.15625
01-04,43,77.34375,112.5,35.15625
01-04,44,70.3125,112.5,42.1875
01-04,45,70.3125,112.5,42.1875
01-04,46,70.3125,112.5,42.1875
01-04,47,70.3125,112.5,42.1875
01-04,48,70.3125,112.5,42.1875
01-04,49,70.3125,112.5,42.1875
01-04,50,70.3125,112.5,42.1875
01-04,51,70.3125,91.40625,21.09375
01-04,52,70.3125,112.5,42.1875
01-04,53,70.3125,98.4375,28.125
01-04,54,70.3125,112.5,42.1875
01-04,55,70.3125,112.5,42.1875
01-04,56,70.3125,112.5,42.1875
01-04,57,70.3125,112.5,42.1875
01-04,58,70.3125,98.4375,28.125
01-04,59,70.3125,98.4375,28.125
01-04,60,70.3125,112.5,42.1875
01-04,61,70.3125,112.5,42.1875
01-04,62,70.3125,112.5,42.1875
01-04,63,70.3125,105.46875,35.15625
01-04,64,70.3125,105.46875,35.15625
01-04,65,70.3125,112.5,42.1875
01-04,66,70.3125,112.5,42.1875
01-04,67,70.3125,112.5,42.1875
01-04,68,70.3125,112.5,42.1875
01-04,69,70.3125,84.375,14.0625
01-04,70,70.3125,112.5,42.1875
01-04,71,70.3125,112.5,42.1875
01-04,72,70.3125,112.5,42.1875
01-04,73,70.3125,112.5,42.1875
01-04,74,70.3125,98.4375,28.125
01-04,75,70.3125,98.4375,28.125
01-04,76,70.3125,112.5,42.1875
01-04,77,70.3125,112.5,42.1875
01-04,78,70.3125,112.5,42.1875
01-04,79,70.3125,98.4375,28.125
01-04,80,70.3125,112.5,42.1875
01-04,81,70.3125,112.5,42.1875
01-04,82,70.3125,112.5,42.1875
01-04,83,70.3125,112.5,42.1875
01-04,84,70.3125,119.53125,49.21875
01-04,85,70.3125,84.375,14.0625
01-04,86,70.3125,112.5,42.1875
01-04,87,70.3125,112.5,42.1875
01-04,88,70.3125,112.5,42.1875
01-04,89,70.3125,112.5,42.1875
01-04,90,70.3125,112.5,42.1875
01-04,91,70.3125,112.5,42.1875
01-04,92,70.3125,112.5,42.1875
01-04,93,70.3125,112.5,42.1875
01-04,94,77.34375,112.5,35.15625
01-04,95,77.34375,112.5,35.15625
01-04,96,77.34375,112.5,35.15625
01-04,97,77.34375,112.5,35.15625
01-04,98,77.34375,112.5,35.15625
01-04,99,77.34375,105.46875,28.125
01-04,100,77.34375,112.5,35.15625
01-04,101,77.34375,105.46875,28.125
01-04,102,77.34375,119.53125,42.1875
01-04,103,77.34375,112.5,35.15625
01-04,104,77.34375,112.5,35.15625
01-04,105,77.34375,112.5,35.15625
01-04,106,70.3125,112.5,42.1875
01-04,107,70.3125,112.5,42.1875
01-04,108,70.3125,112.5,42.1875
01-04,109,70.3125,112.5,42.1875
01-04,110,70.3125,112.5,42.1875
01-04,111,70.3125,112.5,42.1875
01-04,112,70.3125,112.5,42.1875
01-04,113,70.3125,112.5,42.1875
01-04,114,70.3125,112.5,42.1875
01-04,115,70.3125,112.5,42.1875
01-04,116,70.3125,112.5,42.1875
01-04,117,70.3125,112.5,42.1875
01-04,118,77.34375,112.5,35.15625
01-04,119,77.34375,112.5,35.15625
01-04,120,77.34375,112.5,35.15625
01-04,121,77.34375,112.5,35.15625
01-04,122,77.34375,84.375,7.03125
01-04,123,77.34375,112.5,35.15625
01-04,124,77.34375,112.5,35.15625
01-04,125,77.34375,112.5,35.15625
01-04,126,77.34375,112.5,35.15625
01-04,127,77.34375,112.5,35.15625
01-04,128,77.34375,112.5,35.15625
01-04,129,77.34375,112.5,35.15625
01-04,130,77.34375,112.5,35.15625
01-04,131,77.34375,112.5,35.15625
01-04,132,70.3125,112.5,42.1875
01-04,133,70.3125,112.5,42.1875
01-04,134,70.3125,112.5,42.1875
01-04,135,70.3125,112.5,42.1875
01-04,136,70.3125,112.5,42.1875
01-04,137,70.3125,105.46875,35.15625
01-04,138,70.3125,84.375,14.0625
01-04,139,70.3125,112.5,42.1875
01-04,140,70.3125,112.5,42.1875
01-04,141,70.3125,112.5,42.1875
01-04,142,70.3125,112.5,42.1875
01-04,143,70.3125,112.5,42.1875
01-04,144,70.3125,112.5,42.1875
01-04,145,70.3125,112.5,42.1875
01-04,146,70.3125,98.4375,28.125
01-04,147,70.3125,98.4375,28.125
01-04,148,70.3125,98.4375,28.125
01-04,149,70.3125,112.5,42.1875
01-04,150,70.3125,105.46875,35.15625
01-04,151,70.3125,112.5,42.1875
01-04,152,70.3125,112.5,42.1875
01-04,153,70.3125,105.46875,35.15625
01-04,154,70.3125,98.4375,28.125
01-04,155,70.3125,112.5,42.1875
01-04,156,70.3125,91.40625,21.09375
01-04,157,70.3125,84.375,14.0625
01-04,158,70.3125,98.4375,28.125
01-04,159,70.3125,91.40625,21.09375
01-04,160,70.3125,91.40625,21.09375
01-04,161,70.3125,112.5,42.1875
01-04,162,70.3125,112.5,42.1875
01-04,163,77.34375,98.4375,21.09375
01-04,164,70.3125,112.5,42.1875
01-04,165,77.34375,112.5,35.15625
01-04,166,77.34375,112.5,35.15625
01-04,167,70.3125,112.5,42.1875
01-04,168,77.34375,112.5,35.15625
01-04,169,70.3125,112.5,42.1875
01-04,170,70.3125,112.5,42.1875
01-04,171,70.3125,105.46875,35.15625
01-04,172,70.3125,112.5,42.1875
01-04,173,70.3125,112.5,42.1875
01-04,174,70.3125,112.5,42.1875
01-04,175,70.3125,112.5,42.1875
01-04,176,70.3125,112.5,42.1875
01-04,177,70.3125,112.5,42.1875
01-04,178,70.3125,112.5,42.1875
01-04,179,70.3125,112.5,42.1875
01-04,180,70.3125,112.5,42.1875
01-04,181,70.3125,112.5,42.1875
01-04,182,70.3125,112.5,42.1875
01-04,183,70.3125,112.5,42.1875
01-04,184,70.3125,91.40625,21.09375
01-04,185,70.3125,112.5,42.1875
01-04,186,70.3125,84.375,14.0625
01-04,187,77.34375,84.375,7.03125
01-04,188,77.34375,112.5,35.15625
01-04,189,77.34375,105.46875,28.125
01-04,190,77.34375,105.46875,28.125
01-04,191,77.34375,105.46875,28.125
01-04,192,77.34375,112.5,35.15625
01-04,193,77.34375,112.5,35.15625
01-04,194,77.34375,112.5,35.15625
01-04,195,77.34375,112.5,35.15625
01-04,196,77.34375,112.5,35.15625
01-04,197,77.34375,105.46875,28.125
01-04,198,77.34375,105.46875,28.125
01-04,199,77.34375,112.5,35.15625
01-04,200,77.34375,112.5,35.15625
01-04,201,77.34375,112.5,35.15625
01-04,202,77.34375,91.40625,14.0625
01-04,203,77.34375,91.40625,14.0625
01-04,204,77.34375,112.5,35.15625
01-04,205,77.34375,91.40625,14.0625
01-04,206,77.34375,112.5,35.15625
01-04,207,77.34375,112.5,35.15625
01-04,208,77.34375,119.53125,42.1875
01-04,209,77.34375,112.5,35.15625
01-04,210,77.34375,112.5,35.15625
01-04,211,77.34375,126.5625,49.21875
01-04,212,77.34375,119.53125,42.1875
01-04,213,77.34375,105.46875,28.125
01-04,214,77.34375,105.46875,28.125
01-04,215,77.34375,105.46875,28.125
01-04,216,77.34375,112.5,35.15625
01-04,217,77.34375,112.5,35.15625
01-04,218,77.34375,112.5,35.15625
01-04,219,77.34375,112.5,35.15625
01-04,220,77.34375,112.5,35.15625
01-04,221,77.34375,112.5,35.15625
01-04,222,77.34375,112.5,35.15625
01-05,0,77.34375,112.5,35.15625
01-05,1,77.34375,112.5,35.15625
01-05,2,77.34375,112.5,35.15625
01-05,3,77.34375,112.5,35.15625
01-05,4,77.34375,112.5,35.15625
01-05,5,77.34375,112.5,35.15625
01-05,6,77.34375,112.5,35.15625
01-05,7,77.34375,112.5,35.15625
01-05,8,70.3125,112.5,42.1875
01-05,9,70.3125,105.46875,35.15625
01-05,10,70.3125,98.4375,28.125
01-05,11,70.3125,98.4375,28.125
01-05,12,70.3125,98.4375,28.125
01-05,13,70.3125,98.4375,28.125
01-05,14,70.3125,98.4375,28.125
01-05,15,70.3125,98.4375,28.125
01-05,16,70.3125,98.4375,28.125
01-05,17,70.3125,98.4375,28.125
01-05,18,70.3125,91.40625,21.09375
01-05,19,70.3125,91.40625,21.09375
01-05,20,70.3125,91.40625,21.09375
01-05,21,70.3125,91.40625,21.09375
01-05,22,70.3125,98.4375,28.125
01-05,23,70.3125,112.5,42.1875
01-05,24,70.3125,98.4375,28.125
01-05,25,70.3125,98.4375,28.125
01-05,26,70.3125,105.46875,35.15625
01-05,27,70.3125,126.5625,56.25
01-05,28,70.3125,112.5,42.1875
01-05,29,70.3125,126.5625,56.25
01-05,30,70.3125,98.4375,28.125
01-05,31,70.3125,98.4375,28.125
01-05,32,70.3125,98.4375,28.125
01-05,33,70.3125,112.5,42.1875
01-05,34,70.3125,105.46875,35.15625
01-05,35,70.3125,112.5,42.1875
01-05,36,70.3125,105.46875,35.15625
01-05,37,70.3125,119.53125,49.21875
01-05,38,70.3125,112.5,42.1875
01-05,39,70.3125,112.5,42.1875
01-05,40,70.3125,98.4375,28.125
01-05,41,70.3125,98.4375,28.125
01-05,42,70.3125,98.4375,28.125
01-05,43,70.3125,98.4375,28.125
01-05,44,70.3125,105.46875,35.15625
01-05,45,70.3125,105.46875,35.15625
01-05,46,70.3125,105.46875,35.15625
01-05,47,70.3125,105.46875,35.15625
01-05,48,70.3125,105.46875,35.15625
01-05,49,70.3125,105.46875,35.15625
01-05,50,70.3125,105.46875,35.15625
01-05,51,70.3125,105.46875,35.15625
01-05,52,70.3125,112.5,42.1875
01-05,53,70.3125,112.5,42.1875
01-05,54,70.3125,105.46875,35.15625
01-05,55,70.3125,119.53125,49.21875
01-05,56,70.3125,98.4375,28.125
01-05,57,70.3125,112.5,42.1875
01-05,58,70.3125,112.5,42.1875
01-05,59,70.3125,112.5,42.1875
01-05,60,70.3125,112.5,42.1875
01-05,61,70.3125,112.5,42.1875
01-05,62,70.3125,98.4375,28.125
01-05,63,70.3125,112.5,42.1875
01-05,64,70.3125,98.4375,28.125
01-05,65,133.59375,112.5,-21.09375
01-05,66,133.59375,112.5,-21.09375
01-05,67,133.59375,112.5,-21.09375
01-05,68,133.59375,112.5,-21.09375
01-05,69,133.59375,112.5,-21.09375
01-05,70,133.59375,112.5,-21.09375
01-05,71,133.59375,105.46875,-28.125
01-05,72,133.59375,105.46875,-28.125
01-05,73,133.59375,112.5,-21.09375
01-05,74,133.59375,105.46875,-28.125
01-05,75,133.59375,112.5,-21.09375
01-05,76,133.59375,105.46875,-28.125
01-05,77,70.3125,119.53125,49.21875
01-05,78,70.3125,119.53125,49.21875
01-05,79,70.3125,98.4375,28.125
01-05,80,70.3125,119.53125,49.21875
01-05,81,70.3125,119.53125,49.21875
01-05,82,70.3125,98.4375,28.125
01-05,83,70.3125,98.4375,28.125
01-05,84,70.3125,98.4375,28.125
01-05,85,70.3125,112.5,42.1875
01-05,86,70.3125,105.46875,35.15625
01-05,87,70.3125,112.5,42.1875
01-05,88,70.3125,112.5,42.1875
01-05,89,70.3125,112.5,42.1875
01-05,90,70.3125,98.4375,28.125
01-05,91,70.3125,98.4375,28.125
01-05,92,70.3125,112.5,42.1875
01-05,93,70.3125,105.46875,35.15625
01-05,94,70.3125,112.5,42.1875
01-05,95,70.3125,112.5,42.1875
01-05,96,70.3125,112.5,42.1875
01-05,97,70.3125,112.5,42.1875
01-05,98,70.3125,112.5,42.1875
01-05,99,70.3125,112.5,42.1875
01-05,100,70.3125,112.5,42.1875
01-05,101,70.3125,112.5,42.1875
01-05,102,70.3125,105.46875,35.15625
01-05,103,70.3125,112.5,42.1875
01-05,104,70.3125,112.5,42.1875
01-05,105,70.3125,112.5,42.1875
01-05,106,70.3125,98.4375,28.125
01-05,107,70.3125,98.4375,28.125
01-05,108,70.3125,105.46875,35.15625
01-05,109,70.3125,105.46875,35.15625
01-05,110,70.3125,98.4375,28.125
01-05,111,70.3125,98.4375,28.125
01-05,112,70.3125,98.4375,28.125
01-05,113,70.3125,98.4375,28.125
01-05,114,70.3125,98.4375,28.125
01-05,115,70.3125,112.5,42.1875
01-05,116,70.3125,112.5,42.1875
01-05,117,70.3125,112.5,42.1875
01-05,118,70.3125,112.5,42.1875
01-05,119,70.3125,112.5,42.1875
01-05,120,70.3125,112.5,42.1875
01-05,121,70.3125,105.46875,35.15625
01-05,122,70.3125,98.4375,28.125
01-05,123,70.3125,91.40625,21.09375
01-05,124,70.3125,98.4375,28.125
01-05,125,70.3125,98.4375,28.125
01-05,126,70.3125,98.4375,28.125
01-05,127,70.3125,84.375,14.0625
01-05,128,70.3125,98.4375,28.125
01-05,129,70.3125,98.4375,28.125
01-05,130,70.3125,98.4375,28.125
01-05,131,70.3125,91.40625,21.09375
01-05,132,70.3125,98.4375,28.125
01-05,133,70.3125,98.4375,28.125
01-05,134,70.3125,98.4375,28.125
01-05,135,70.3125,112.5,42.1875
01-05,136,70.3125,112.5,42.1875
01-05,137,70.3125,112.5,42.1875
01-05,138,70.3125,105.46875,35.15625
01-05,139,70.3125,112.5,42.1875
01-05,140,70.3125,105.46875,35.15625
01-05,141,70.3125,112.5,42.1875
01-05,142,70.3125,105.46875,35.15625
01-05,143,70.3125,119.53125,49.21875
01-05,144,70.3125,98.4375,28.125
01-05,145,70.3125,112.5,42.1875
01-05,146,70.3125,112.5,42.1875
01-05,147,70.3125,112.5,42.1875
01-05,148,70.3125,112.5,42.1875
01-05,149,70.3125,112.5,42.1875
01-05,150,70.3125,112.5,42.1875
01-05,151,70.3125,112.5,42.1875
01-05,152,70.3125,112.5,42.1875
01-05,153,70.3125,112.5,42.1875
01-05,154,70.3125,112.5,42.1875
01-05,155,70.3125,112.5,42.1875
01-05,156,70.3125,112.5,42.1875
01-05,157,70.3125,112.5,42.1875
01-05,158,70.3125,98.4375,28.125
01-05,159,70.3125,105.46875,35.15625
01-05,160,70.3125,112.5,42.1875
01-05,161,70.3125,98.4375,28.125
01-05,162,70.3125,105.46875,35.15625
01-05,163,70.3125,98.4375,28.125
01-05,164,70.3125,105.46875,35.15625
01-05,165,70.3125,105.46875,35.15625
01-05,166,70.3125,105.46875,35.15625
01-05,167,70.3125,112.5,42.1875
01-05,168,70.3125,112.5,42.1875
01-05,169,70.3125,91.40625,21.09375
01-05,170,70.3125,98.4375,28.125
01-05,171,70.3125,98.4375,28.125
01-05,172,70.3125,91.40625,21.09375
01-05,173,70.3125,91.40625,21.09375
01-05,174,70.3125,98.4375,28.125
01-05,175,70.3125,112.5,42.1875
01-06,0,70.3125,105.46875,35.15625
01-06,1,70.3125,105.46875,35.15625
01-06,2,70.3125,105.46875,35.15625
01-06,3,70.3125,105.46875,35.15625
01-06,4,70.3125,112.5,42.1875
01-06,5,70.3125,98.4375,28.125
01-06,6,70.3125,112.5,42.1875
01-06,7,70.3125,105.46875,35.15625
01-06,8,70.3125,91.40625,21.09375
01-06,9,70.3125,91.40625,21.09375
01-06,10,70.3125,91.40625,21.09375
01-06,11,70.3125,91.40625,21.09375
01-06,12,70.3125,91.40625,21.09375
01-06,13,70.3125,91.40625,21.09375
01-06,14,70.3125,91.40625,21.09375
01-06,15,70.3125,91.40625,21.09375
01-06,16,70.3125,91.40625,21.09375
01-06,17,70.3125,91.40625,21.09375
01-06,18,70.3125,91.40625,21.09375
01-06,19,70.3125,91.40625,21.09375
01-06,20,70.3125,112.5,42.1875
01-06,21,70.3125,98.4375,28.125
01-06,22,70.3125,112.5,42.1875
01-06,23,70.3125,112.5,42.1875
01-06,24,70.3125,98.4375,28.125
01-06,25,70.3125,112.5,42.1875
01-06,26,70.3125,112.5,42.1875
01-06,27,70.3125,98.4375,28.125
01-06,28,70.3125,98.4375,28.125
01-06,29,70.3125,98.4375,28.125
01-06,30,70.3125,98.4375,28.125
01-06,31,70.3125,91.40625,21.09375
01-06,32,70.3125,98.4375,28.125
01-06,33,70.3125,91.40625,21.09375
01-06,34,70.3125,98.4375,28.125
01-06,35,70.3125,98.4375,28.125
01-06,36,70.3125,98.4375,28.125
01-06,37,70.3125,98.4375,28.125
01-06,38,70.3125,98.4375,28.125
01-06,39,70.3125,112.5,42.1875
01-06,40,70.3125,105.46875,35.15625
01-06,41,70.3125,105.46875,35.15625
01-06,42,70.3125,112.5,42.1875
01-06,43,70.3125,91.40625,21.09375
01-06,44,70.3125,91.40625,21.09375
01-06,45,70.3125,91.40625,21.09375
01-06,46,70.3125,91.40625,21.09375
01-06,47,70.3125,91.40625,21.09375
01-06,48,70.3125,91.40625,21.09375
01-06,49,70.3125,91.40625,21.09375
01-06,50,70.3125,84.375,14.0625
01-06,51,70.3125,91.40625,21.09375
01-06,52,70.3125,91.40625,21.09375
01-06,53,70.3125,91.40625,21.09375
01-06,54,70.3125,91.40625,21.09375
01-06,55,70.3125,91.40625,21.09375
01-06,56,70.3125,91.40625,21.09375
01-06,57,70.3125,91.40625,21.09375
01-06,58,70.3125,98.4375,28.125
01-06,59,70.3125,105.46875,35.15625
01-06,60,70.3125,112.5,42.1875
01-06,61,70.3125,105.46875,35.15625
01-06,62,70.3125,112.5,42.1875
01-06,63,70.3125,112.5,42.1875
01-06,64,70.3125,105.46875,35.15625
01-06,65,70.3125,98.4375,28.125
01-06,66,70.3125,91.40625,21.09375
01-06,67,70.3125,91.40625,21.09375
01-06,68,70.3125,98.4375,28.125
01-06,69,70.3125,98.4375,28.125
01-06,70,70.3125,98.4375,28.125
01-06,71,70.3125,98.4375,28.125
01-06,72,70.3125,91.40625,21.09375
01-06,73,70.3125,98.4375,28.125
01-06,74,70.3125,98.4375,28.125
01-06,75,70.3125,98.4375,28.125
01-06,76,70.3125,105.46875,35.15625
01-06,77,70.3125,112.5,42.1875
01-06,78,70.3125,112.5,42.1875
01-06,79,70.3125,84.375,14.0625
01-06,80,70.3125,98.4375,28.125
01-06,81,70.3125,98.4375,28.125
01-06,82,70.3125,98.4375,28.125
01-06,83,70.3125,105.46875,35.15625
01-06,84,70.3125,105.46875,35.15625
01-06,85,70.3125,112.5,42.1875
01-06,86,70.3125,105.46875,35.15625
01-06,87,70.3125,105.46875,35.15625
01-06,88,70.3125,105.46875,35.15625
01-06,89,70.3125,112.5,42.1875
01-06,90,70.3125,105.46875,35.15625
01-06,91,70.3125,105.46875,35.15625
01-06,92,70.3125,105.46875,35.15625
01-06,93,70.3125,112.5,42.1875
01-06,94,70.3125,105.46875,35.15625
01-06,95,70.3125,105.46875,35.15625
01-06,96,70.3125,112.5,42.1875
01-06,97,70.3125,105.46875,35.15625
01-06,98,70.3125,105.46875,35.15625
01-06,99,70.3125,105.46875,35.15625
01-06,100,70.3125,112.5,42.1875
01-06,101,70.3125,91.40625,21.09375
01-06,102,70.3125,105.46875,35.15625
01-06,103,70.3125,112.5,42.1875
01-06,104,70.3125,112.5,42.1875
01-06,105,70.3125,112.5,42.1875
01-06,106,70.3125,112.5,42.1875
01-06,107,70.3125,105.46875,35.15625
01-06,108,70.3125,105.46875,35.15625
01-06,109,70.3125,98.4375,28.125
01-06,110,70.3125,112.5,42.1875
01-06,111,70.3125,98.4375,28.125
01-06,112,70.3125,91.40625,21.09375
01-06,113,70.3125,91.40625,21.09375
01-06,114,70.3125,91.40625,21.09375
01-06,115,70.3125,91.40625,21.09375
01-06,116,70.3125,91.40625,21.09375
01-06,117,70.3125,91.40625,21.09375
01-06,118,70.3125,91.40625,21.09375
01-06,119,70.3125,91.40625,21.09375
01-06,120,70.3125,91.40625,21.09375
01-06,121,70.3125,91.40625,21.09375
01-06,122,70.3125,91.40625,21.09375
01-06,123,70.3125,91.40625,21.09375
01-06,124,70.3125,91.40625,21.09375
01-06,125,70.3125,91.40625,21.09375
01-06,126,70.3125,91.40625,21.09375
01-06,127,70.3125,91.40625,21.09375
01-06,128,70.3125,91.40625,21.09375
01-06,129,70.3125,91.40625,21.09375
01-06,130,70.3125,91.40625,21.09375
01-06,131,70.3125,84.375,14.0625
01-06,132,70.3125,91.40625,21.09375
01-06,133,70.3125,91.40625,21.09375
01-06,134,70.3125,112.5,42.1875
01-06,135,70.3125,98.4375,28.125
01-06,136,133.59375,98.4375,-35.15625
01-06,137,70.3125,98.4375,28.125
01-06,138,70.3125,98.4375,28.125
01-06,139,70.3125,112.5,42.1875
01-06,140,70.3125,112.5,42.1875
01-06,141,70.3125,91.40625,21.09375
01-06,142,70.3125,91.40625,21.09375
01-06,143,70.3125,98.4375,28.125
01-06,144,70.3125,84.375,14.0625
01-06,145,70.3125,98.4375,28.125
01-06,146,70.3125,98.4375,28.125
01-06,147,70.3125,98.4375,28.125
01-06,148,70.3125,112.5,42.1875
01-06,149,70.3125,105.46875,35.15625
01-06,150,70.3125,112.5,42.1875
01-06,151,70.3125,105.46875,35.15625
01-06,152,70.3125,105.46875,35.15625
01-06,153,70.3125,112.5,42.1875
01-06,154,70.3125,112.5,42.1875
01-06,155,70.3125,112.5,42.1875
01-06,156,70.3125,112.5,42.1875
01-06,157,70.3125,98.4375,28.125
01-06,158,70.3125,98.4375,28.125
01-06,159,70.3125,105.46875,35.15625
01-06,160,70.3125,112.5,42.1875
01-06,161,70.3125,98.4375,28.125
01-06,162,70.3125,98.4375,28.125
01-06,163,70.3125,105.46875,35.15625
01-06,164,70.3125,112.5,42.1875
01-06,165,70.3125,105.46875,35.15625
01-06,166,70.3125,112.5,42.1875
01-06,167,70.3125,112.5,42.1875
01-06,168,70.3125,112.5,42.1875
01-06,169,70.3125,112.5,42.1875
01-06,170,70.3125,112.5,42.1875
01-06,171,70.3125,112.5,42.1875
01-06,172,70.3125,84.375,14.0625
01-06,173,70.3125,91.40625,21.09375
01-06,174,70.3125,98.4375,28.125
01-06,175,70.3125,112.5,42.1875
01-06,176,70.3125,112.5,42.1875
01-06,177,70.3125,112.5,42.1875
02-01,0,84.375,91.40625,7.03125
02-01,1,77.34375,91.40625,14.0625
02-01,2,77.34375,91.40625,14.0625
02-01,3,77.34375,91.40625,14.0625
02-01,4,77.34375,112.5,35.15625
02-01,5,77.34375,112.5,35.15625
02-01,6,77.34375,112.5,35.15625
02-01,7,77.34375,112.5,35.15625
02-01,8,77.34375,112.5,35.15625
02-01,9,77.34375,112.5,35.15625
02-01,10,77.34375,91.40625,14.0625
02-01,11,77.34375,112.5,35.15625
02-01,12,77.34375,91.40625,14.0625
02-01,13,77.34375,112.5,35.15625
02-01,14,77.34375,112.5,35.15625
02-01,15,77.34375,112.5,35.15625
02-01,16,70.3125,112.5,42.1875
02-01,17,70.3125,112.5,42.1875
02-01,18,70.3125,84.375,14.0625
02-01,19,70.3125,84.375,14.0625
02-01,20,70.3125,98.4375,28.125
02-01,21,70.3125,98.4375,28.125
02-01,22,70.3125,98.4375,28.125
02-01,23,70.3125,112.5,42.1875
02-01,24,70.3125,112.5,42.1875
02-01,25,70.3125,112.5,42.1875
02-01,26,70.3125,91.40625,21.09375
02-01,27,70.3125,91.40625,21.09375
02-01,28,70.3125,84.375,14.0625
02-01,29,70.3125,91.40625,21.09375
02-01,30,70.3125,112.5,42.1875
02-01,31,70.3125,112.5,42.1875
02-01,32,70.3125,112.5,42.1875
02-01,33,70.3125,84.375,14.0625
02-01,34,70.3125,84.375,14.0625
02-01,35,70.3125,84.375,14.0625
02-01,36,70.3125,98.4375,28.125
02-01,37,70.3125,98.4375,28.125
02-01,38,70.3125,112.5,42.1875
02-01,39,70.3125,112.5,42.1875
02-01,40,70.3125,112.5,42.1875
02-01,41,70.3125,112.5,42.1875
02-01,42,70.3125,112.5,42.1875
02-01,43,70.3125,112.5,42.1875
02-01,44,70.3125,105.46875,35.15625
02-01,45,70.3125,112.5,42.1875
02-01,46,70.3125,112.5,42.1875
02-01,47,70.3125,98.4375,28.125
02-01,48,70.3125,98.4375,28.125
02-01,49,70.3125,112.5,42.1875
02-01,50,70.3125,105.46875,35.15625
02-01,51,70.3125,112.5,42.1875
02-01,52,70.3125,112.5,42.1875
02-01,53,70.3125,112.5,42.1875
02-01,54,70.3125,112.5,42.1875
02-01,55,70.3125,112.5,42.1875
02-01,56,70.3125,105.46875,35.15625
02-01,57,70.3125,112.5,42.1875
02-01,58,70.3125,105.46875,35.15625
02-01,59,63.28125,112.5,49.21875
02-01,60,63.28125,105.46875,42.1875
02-01,61,63.28125,119.53125,56.25
02-01,62,63.28125,112.5,49.21875
02-01,63,63.28125,119.53125,56.25
02-01,64,63.28125,112.5,49.21875
02-01,65,63.28125,112.5,49.21875
02-01,66,70.3125,112.5,42.1875
02-01,67,70.3125,105.46875,35.15625
02-01,68,70.3125,112.5,42.1875
02-01,69,70.3125,112.5,42.1875
02-01,70,70.3125,105.46875,35.15625
02-01,71,70.3125,112.5,42.1875
02-01,72,70.3125,112.5,42.1875
02-01,73,70.3125,112.5,42.1875
02-01,74,70.3125,112.5,42.1875
02-01,75,70.3125,112.5,42.1875
02-01,76,70.3125,112.5,42.1875
02-01,77,70.3125,112.5,42.1875
02-01,78,70.3125,112.5,42.1875
02-01,79,70.3125,105.46875,35.15625
02-01,80,70.3125,98.4375,28.125
02-01,81,70.3125,112.5,42.1875
02-01,82,70.3125,112.5,42.1875
02-01,83,70.3125,105.46875,35.15625
02-01,84,70.3125,112.5,42.1875
02-01,85,70.3125,98.4375,28.125
02-01,86,70.3125,98.4375,28.125
02-01,87,70.3125,105.46875,35.15625
02-01,88,70.3125,105.46875,35.15625
02-01,89,70.3125,112.5,42.1875
02-01,90,70.3125,112.5,42.1875
02-01,91,70.3125,112.5,42.1875
02-01,92,70.3125,112.5,42.1875
02-01,93,70.3125,98.4375,28.125
02-01,94,70.3125,112.5,42.1875
02-01,95,70.3125,112.5,42.1875
02-01,96,70.3125,112.5,42.1875
02-01,97,70.3125,112.5,42.1875
02-01,98,70.3125,105.46875,35.15625
02-01,99,70.3125,105.46875,35.15625
02-01,100,70.3125,105.46875,35.15625
02-01,101,70.3125,105.46875,35.15625
02-01,102,63.28125,112.5,49.21875
02-01,103,70.3125,112.5,42.1875
02-01,104,70.3125,112.5,42.1875
02-01,105,70.3125,98.4375,28.125
02-01,106,70.3125,112.5,42.1875
02-01,107,70.3125,112.5,42.1875
02-01,108,70.3125,105.46875,35.15625
02-01,109,70.3125,105.46875,35.15625
02-01,110,70.3125,112.5,42.1875
02-01,111,70.3125,91.40625,21.09375
02-01,112,70.3125,112.5,42.1875
02-01,113,70.3125,112.5,42.1875
02-01,114,70.3125,112.5,42.1875
02-01,115,70.3125,112.5,42.1875
02-01,116,70.3125,112.5,42.1875
02-01,117,70.3125,112.5,42.1875
02-01,118,70.3125,91.40625,21.09375
02-01,119,70.3125,112.5,42.1875
02-01,120,70.3125,98.4375,28.125
02-01,121,70.3125,105.46875,35.15625
02-01,122,70.3125,98.4375,28.125
02-01,123,70.3125,105.46875,35.15625
02-01,124,70.3125,98.4375,28.125
02-01,125,70.3125,105.46875,35.15625
02-01,126,70.3125,98.4375,28.125
02-01,127,70.3125,91.40625,21.09375
02-01,128,70.3125,91.40625,21.09375
02-01,129,70.3125,91.40625,21.09375
02-01,130,70.3125,91.40625,21.09375
02-01,131,70.3125,91.40625,21.09375
02-01,132,70.3125,98.4375,28.125
02-01,133,70.3125,91.40625,21.09375
02-01,134,70.3125,98.4375,28.125
02-01,135,70.3125,98.4375,28.125
02-01,136,70.3125,91.40625,21.09375
02-01,137,70.3125,98.4375,28.125
02-01,138,70.3125,98.4375,28.125
02-01,139,70.3125,91.40625,21.09375
02-01,140,70.3125,91.40625,21.09375
02-01,141,70.3125,91.40625,21.09375
02-01,142,70.3125,91.40625,21.09375
02-01,143,70.3125,91.40625,21.09375
02-01,144,70.3125,91.40625,21.09375
02-01,145,70.3125,91.40625,21.09375
02-01,146,70.3125,91.40625,21.09375
02-01,147,70.3125,91.40625,21.09375
02-01,148,70.3125,98.4375,28.125
02-01,149,70.3125,105.46875,35.15625
02-01,150,70.3125,98.4375,28.125
02-01,151,70.3125,105.46875,35.15625
02-01,152,70.3125,112.5,42.1875
02-01,153,70.3125,112.5,42.1875
02-01,154,70.3125,112.5,42.1875
02-01,155,70.3125,112.5,42.1875
02-01,156,70.3125,105.46875,35.15625
02-01,157,70.3125,105.46875,35.15625
02-01,158,70.3125,112.5,42.1875
02-01,159,70.3125,105.46875,35.15625
02-01,160,70.3125,112.5,42.1875
02-01,161,70.3125,105.46875,35.15625
02-01,162,70.3125,105.46875,35.15625
02-01,163,70.3125,112.5,42.1875
02-01,164,70.3125,112.5,42.1875
02-01,165,70.3125,112.5,42.1875
02-01,166,70.3125,112.5,42.1875
02-01,167,70.3125,112.5,42.1875
02-01,168,70.3125,112.5,42.1875
02-01,169,70.3125,112.5,42.1875
02-01,170,77.34375,112.5,35.15625
02-01,171,77.34375,112.5,35.15625
02-01,172,77.34375,112.5,35.15625
02-01,173,77.34375,112.5,35.15625
02-01,174,77.34375,112.5,35.15625
02-01,175,77.34375,112.5,35.15625
02-01,176,77.34375,112.5,35.15625
02-01,177,77.34375,91.40625,14.0625
02-02,0,84.375,112.5,28.125
02-02,1,84.375,112.5,28.125
02-02,2,84.375,112.5,28.125
02-02,3,84.375,112.5,28.125
02-02,4,84.375,112.5,28.125
02-02,5,84.375,112.5,28.125
02-02,6,84.375,112.5,28.125
02-02,7,84.375,112.5,28.125
02-02,8,84.375,112.5,28.125
02-02,9,84.375,112.5,28.125
02-02,10,84.375,112.5,28.125
02-02,11,84.375,112.5,28.125
02-02,12,84.375,112.5,28.125
02-02,13,84.375,112.5,28.125
02-02,14,84.375,84.375,0.0
02-02,15,84.375,112.5,28.125
02-02,16,84.375,105.46875,21.09375
02-02,17,91.40625,98.4375,7.03125
02-02,18,91.40625,98.4375,7.03125
02-02,19,91.40625,112.5,21.09375
02-02,20,91.40625,112.5,21.09375
02-02,21,91.40625,112.5,21.09375
02-02,22,91.40625,112.5,21.09375
02-02,23,91.40625,112.5,21.09375
02-02,24,91.40625,112.5,21.09375
02-02,25,84.375,112.5,28.125
02-02,26,84.375,112.5,28.125
02-02,27,84.375,112.5,28.125
02-02,28,84.375,112.5,28.125
02-02,29,84.375,105.46875,21.09375
02-02,30,84.375,105.46875,21.09375
02-02,31,84.375,98.4375,14.0625
02-02,32,84.375,98.4375,14.0625
02-02,33,84.375,98.4375,14.0625
02-02,34,84.375,112.5,28.125
02-02,35,77.34375,105.46875,28.125
02-02,36,77.34375,105.46875,28.125
02-02,37,77.34375,105.46875,28.125
02-02,38,77.34375,98.4375,21.09375
02-02,39,77.34375,112.5,35.15625
02-02,40,77.34375,105.46875,28.125
02-02,41,77.34375,98.4375,21.09375
02-02,42,77.34375,112.5,35.15625
02-02,43,77.34375,112.5,35.15625
02-02,44,77.34375,112.5,35.15625
02-02,45,77.34375,91.40625,14.0625
02-02,46,77.34375,105.46875,28.125
02-02,47,77.34375,112.5,35.15625
02-02,48,77.34375,112.5,35.15625
02-02,49,77.34375,98.4375,21.09375
02-02,50,77.34375,112.5,35.15625
02-02,51,77.34375,105.46875,28.125
02-02,52,77.34375,98.4375,21.09375
02-02,53,77.34375,105.46875,28.125
02-02,54,77.34375,105.46875,28.125
02-02,55,77.34375,112.5,35.15625
02-02,56,77.34375,98.4375,21.09375
02-02,57,77.34375,105.46875,28.125
02-02,58,77.34375,42.1875,-35.15625
02-02,59,77.34375,112.5,35.15625
02-02,60,77.34375,105.46875,28.125
02-02,61,77.34375,105.46875,28.125
02-02,62,77.34375,105.46875,28.125
02-02,63,77.34375,105.46875,28.125
02-02,64,77.34375,112.5,35.15625
02-02,65,77.34375,112.5,35.15625
02-02,66,77.34375,112.5,35.15625
02-02,67,70.3125,105.46875,35.15625
02-02,68,70.3125,112.5,42.1875
02-02,69,70.3125,112.5,42.1875
02-02,70,70.3125,112.5,42.1875
02-02,71,70.3125,112.5,42.1875
02-02,72,70.3125,112.5,42.1875
02-02,73,70.3125,112.5,42.1875
02-02,74,70.3125,112.5,42.1875
02-02,75,70.3125,112.5,42.1875
02-02,76,70.3125,98.4375,28.125
02-02,77,77.34375,112.5,35.15625
02-02,78,77.34375,112.5,35.15625
02-02,79,77.34375,112.5,35.15625
02-02,80,77.34375,98.4375,21.09375
02-02,81,77.34375,112.5,35.15625
02-02,82,77.34375,112.5,35.15625
02-02,83,77.34375,112.5,35.15625
02-02,84,77.34375,112.5,35.15625
02-02,85,77.34375,112.5,35.15625
02-02,86,77.34375,112.5,35.15625
02-02,87,77.34375,112.5,35.15625
02-02,88,77.34375,112.5,35.15625
02-02,89,77.34375,112.5,35.15625
02-02,90,77.34375,112.5,35.15625
02-02,91,77.34375,98.4375,21.09375
02-02,92,77.34375,84.375,7.03125
02-02,93,77.34375,98.4375,21.09375
02-02,94,77.34375,98.4375,21.09375
02-02,95,77.34375,98.4375,21.09375
02-02,96,77.34375,112.5,35.15625
02-02,97,77.34375,112.5,35.15625
02-02,98,77.34375,112.5,35.15625
02-02,99,77.34375,112.5,35.15625
02-02,100,77.34375,112.5,35.15625
02-02,101,77.34375,112.5,35.15625
02-02,102,77.34375,112.5,35.15625
02-02,103,77.34375,112.5,35.15625
02-02,104,77.34375,112.5,35.15625
02-02,105,77.34375,112.5,35.15625
02-02,106,77.34375,112.5,35.15625
02-02,107,77.34375,98.4375,21.09375
02-02,108,77.34375,112.5,35.15625
02-02,109,77.34375,105.46875,28.125
02-02,110,77.34375,98.4375,21.09375
02-02,111,77.34375,98.4375,21.09375
02-02,112,77.34375,98.4375,21.09375
02-02,113,77.34375,112.5,35.15625
02-02,114,77.34375,112.5,35.15625
02-02,115,77.34375,112.5,35.15625
02-02,116,77.34375,105.46875,28.125
02-02,117,77.34375,112.5,35.15625
02-02,118,70.3125,112.5,42.1875
02-02,119,70.3125,112.5,42.1875
02-02,120,70.3125,112.5,42.1875
02-02,121,70.3125,112.5,42.1875
02-02,122,70.3125,112.5,42.1875
02-02,123,70.3125,105.46875,35.15625
02-02,124,70.3125,105.46875,35.15625
02-02,125,70.3125,105.46875,35.15625
02-02,126,70.3125,112.5,42.1875
02-02,127,70.3125,112.5,42.1875
02-02,128,70.3125,112.5,42.1875
02-02,129,70.3125,105.46875,35.15625
02-02,130,77.34375,112.5,35.15625
02-02,131,77.34375,112.5,35.15625
02-02,132,77.34375,112.5,35.15625
02-02,133,77.34375,105.46875,28.125
02-02,134,77.34375,112.5,35.15625
02-02,135,77.34375,112.5,35.15625
02-02,136,77.34375,112.5,35.15625
02-02,137,77.34375,112.5,35.15625
02-02,138,77.34375,112.5,35.15625
02-02,139,77.34375,112.5,35.15625
02-02,140,77.34375,112.5,35.15625
02-02,141,77.34375,112.5,35.15625
02-02,142,77.34375,98.4375,21.09375
02-02,143,77.34375,98.4375,21.09375
02-02,144,77.34375,112.5,35.15625
02-02,145,77.34375,112.5,35.15625
02-02,146,77.34375,105.46875,28.125
02-02,147,77.34375,112.5,35.15625
02-02,148,70.3125,112.5,42.1875
02-02,149,70.3125,105.46875,35.15625
02-02,150,70.3125,105.46875,35.15625
02-02,151,70.3125,105.46875,35.15625
02-02,152,70.3125,112.5,42.1875
02-02,153,70.3125,98.4375,28.125
02-02,154,70.3125,105.46875,35.15625
02-02,155,70.3125,112.5,42.1875
02-02,156,70.3125,112.5,42.1875
02-02,157,70.3125,112.5,42.1875
02-02,158,70.3125,112.5,42.1875
02-02,159,70.3125,112.5,42.1875
02-02,160,70.3125,112.5,42.1875
02-02,161,70.3125,112.5,42.1875
02-02,162,70.3125,112.5,42.1875
02-02,163,70.3125,112.5,42.1875
02-02,164,84.375,112.5,28.125
02-02,165,84.375,112.5,28.125
02-02,166,84.375,112.5,28.125
02-02,167,84.375,112.5,28.125
02-02,168,77.34375,112.5,35.15625
02-02,169,77.34375,112.5,35.15625
02-02,170,77.34375,84.375,7.03125
02-03,0,77.34375,112.5,35.15625
02-03,1,77.34375,112.5,35.15625
02-03,2,77.34375,112.5,35.15625
02-03,3,77.34375,112.5,35.15625
02-03,4,77.34375,112.5,35.15625
02-03,5,77.34375,112.5,35.15625
02-03,6,77.34375,112.5,35.15625
02-03,7,77.34375,112.5,35.15625
02-03,8,77.34375,112.5,35.15625
02-03,9,77.34375,98.4375,21.09375
02-03,10,77.34375,112.5,35.15625
02-03,11,77.34375,112.5,35.15625
02-03,12,77.34375,105.46875,28.125
02-03,13,77.34375,91.40625,14.0625
02-03,14,77.34375,98.4375,21.09375
02-03,15,77.34375,112.5,35.15625
02-03,16,77.34375,105.46875,28.125
02-03,17,77.34375,98.4375,21.09375
02-03,18,63.28125,98.4375,35.15625
02-03,19,63.28125,112.5,49.21875
02-03,20,63.28125,98.4375,35.15625
02-03,21,63.28125,98.4375,35.15625
02-03,22,63.28125,112.5,49.21875
02-03,23,63.28125,91.40625,28.125
02-03,24,63.28125,112.5,49.21875
02-03,25,63.28125,112.5,49.21875
02-03,26,63.28125,112.5,49.21875
02-03,27,63.28125,112.5,49.21875
02-03,28,63.28125,112.5,49.21875
02-03,29,63.28125,112.5,49.21875
02-03,30,63.28125,112.5,49.21875
02-03,31,63.28125,112.5,49.21875
02-03,32,63.28125,105.46875,42.1875
02-03,33,63.28125,112.5,49.21875
02-03,34,70.3125,91.40625,21.09375
02-03,35,70.3125,91.40625,21.09375
02-03,36,70.3125,112.5,42.1875
02-03,37,70.3125,112.5,42.1875
02-03,38,70.3125,112.5,42.1875
02-03,39,70.3125,112.5,42.1875
02-03,40,70.3125,105.46875,35.15625
02-03,41,70.3125,112.5,42.1875
02-03,42,70.3125,91.40625,21.09375
02-03,43,70.3125,112.5,42.1875
02-03,44,70.3125,112.5,42.1875
02-03,45,70.3125,112.5,42.1875
02-03,46,70.3125,112.5,42.1875
02-03,47,70.3125,112.5,42.1875
02-03,48,70.3125,112.5,42.1875
02-03,49,70.3125,112.5,42.1875
02-03,50,70.3125,105.46875,35.15625
02-03,51,70.3125,112.5,42.1875
02-03,52,70.3125,112.5,42.1875
02-03,53,70.3125,112.5,42.1875
02-03,54,70.3125,112.5,42.1875
02-03,55,70.3125,112.5,42.1875
02-03,56,70.3125,112.5,42.1875
02-03,57,70.3125,112.5,42.1875
02-03,58,70.3125,112.5,42.1875
02-03,59,70.3125,112.5,42.1875
02-03,60,70.3125,112.5,42.1875
02-03,61,70.3125,112.5,42.1875
02-03,62,77.34375,98.4375,21.09375
02-03,63,77.34375,112.5,35.15625
02-03,64,70.3125,112.5,42.1875
02-03,65,77.34375,112.5,35.15625
02-03,66,70.3125,112.5,42.1875
02-03,67,77.34375,112.5,35.15625
02-03,68,77.34375,112.5,35.15625
02-03,69,70.3125,91.40625,21.09375
02-03,70,70.3125,112.5,42.1875
02-03,71,70.3125,112.5,42.1875
02-03,72,70.3125,112.5,42.1875
02-03,73,70.3125,112.5,42.1875
02-03,74,70.3125,84.375,14.0625
02-03,75,70.3125,112.5,42.1875
02-03,76,70.3125,98.4375,28.125
02-03,77,70.3125,112.5,42.1875
02-03,78,70.3125,91.40625,21.09375
02-03,79,70.3125,112.5,42.1875
02-03,80,70.3125,112.5,42.1875
02-03,81,70.3125,112.5,42.1875
02-03,82,70.3125,112.5,42.1875
02-03,83,70.3125,112.5,42.1875
02-03,84,70.3125,112.5,42.1875
02-03,85,70.3125,112.5,42.1875
02-03,86,70.3125,112.5,42.1875
02-03,87,70.3125,112.5,42.1875
02-03,88,70.3125,112.5,42.1875
02-03,89,70.3125,112.5,42.1875
02-03,90,70.3125,112.5,42.1875
02-03,91,70.3125,112.5,42.1875
02-03,92,70.3125,112.5,42.1875
02-03,93,70.3125,112.5,42.1875
02-03,94,70.3125,112.5,42.1875
02-03,95,70.3125,112.5,42.1875
02-03,96,70.3125,91.40625,21.09375
02-03,97,77.34375,112.5,35.15625
02-03,98,77.34375,112.5,35.15625
02-03,99,77.34375,112.5,35.15625
02-03,100,77.34375,112.5,35.15625
02-03,101,77.34375,112.5,35.15625
02-03,102,77.34375,91.40625,14.0625
02-03,103,77.34375,112.5,35.15625
02-03,104,77.34375,98.4375,21.09375
02-03,105,77.34375,112.5,35.15625
02-03,106,77.34375,112.5,35.15625
02-03,107,77.34375,112.5,35.15625
02-03,108,77.34375,112.5,35.15625
02-03,109,77.34375,105.46875,28.125
02-03,110,84.375,105.46875,21.09375
02-03,111,84.375,112.5,28.125
02-03,112,84.375,112.5,28.125
02-03,113,84.375,112.5,28.125
02-03,114,63.28125,112.5,49.21875
02-03,115,63.28125,112.5,49.21875
02-03,116,63.28125,112.5,49.21875
02-03,117,63.28125,112.5,49.21875
02-03,118,63.28125,112.5,49.21875
02-03,119,63.28125,112.5,49.21875
02-03,120,63.28125,112.5,49.21875
02-03,121,63.28125,112.5,49.21875
02-03,122,63.28125,112.5,49.21875
02-03,123,63.28125,112.5,49.21875
02-03,124,63.28125,112.5,49.21875
02-03,125,63.28125,91.40625,28.125
02-03,126,63.28125,112.5,49.21875
02-03,127,63.28125,112.5,49.21875
02-03,128,63.28125,112.5,49.21875
02-03,129,70.3125,112.5,42.1875
02-03,130,70.3125,112.5,42.1875
02-03,131,70.3125,112.5,42.1875
02-03,132,70.3125,112.5,42.1875
02-03,133,70.3125,112.5,42.1875
02-03,134,70.3125,112.5,42.1875
02-03,135,70.3125,112.5,42.1875
02-03,136,70.3125,112.5,42.1875
02-03,137,70.3125,112.5,42.1875
02-03,138,70.3125,112.5,42.1875
02-03,139,70.3125,112.5,42.1875
02-03,140,70.3125,112.5,42.1875
02-03,141,70.3125,112.5,42.1875
02-03,142,70.3125,112.5,42.1875
02-03,143,70.3125,112.5,42.1875
02-03,144,70.3125,112.5,42.1875
02-03,145,70.3125,112.5,42.1875
02-03,146,70.3125,112.5,42.1875
02-03,147,70.3125,112.5,42.1875
02-03,148,70.3125,91.40625,21.09375
02-03,149,70.3125,112.5,42.1875
02-03,150,70.3125,112.5,42.1875
02-03,151,70.3125,112.5,42.1875
02-03,152,70.3125,112.5,42.1875
02-03,153,70.3125,112.5,42.1875
02-03,154,70.3125,112.5,42.1875
02-03,155,70.3125,112.5,42.1875
02-03,156,70.3125,112.5,42.1875
02-03,157,70.3125,112.5,42.1875
02-03,158,70.3125,112.5,42.1875
02-03,159,70.3125,112.5,42.1875
02-03,160,70.3125,112.5,42.1875
02-03,161,70.3125,112.5,42.1875
02-03,162,70.3125,112.5,42.1875
02-03,163,70.3125,112.5,42.1875
02-03,164,70.3125,98.4375,28.125
02-03,165,70.3125,112.5,42.1875
02-03,166,70.3125,112.5,42.1875
02-03,167,70.3125,112.5,42.1875
02-03,168,70.3125,112.5,42.1875
02-03,169,70.3125,112.5,42.1875
02-03,170,70.3125,112.5,42.1875
02-03,171,70.3125,112.5,42.1875
02-03,172,77.34375,112.5,35.15625
02-03,173,77.34375,112.5,35.15625
02-03,174,70.3125,112.5,42.1875
02-03,175,77.34375,112.5,35.15625
02-03,176,70.3125,112.5,42.1875
02-03,177,70.3125,112.5,42.1875
02-03,178,70.3125,112.5,42.1875
02-03,179,70.3125,112.5,42.1875
02-03,180,70.3125,112.5,42.1875
02-03,181,70.3125,112.5,42.1875
02-03,182,70.3125,98.4375,28.125
02-03,183,70.3125,112.5,42.1875
02-03,184,70.3125,112.5,42.1875
02-03,185,70.3125,112.5,42.1875
02-03,186,70.3125,112.5,42.1875
02-03,187,70.3125,112.5,42.1875
02-03,188,70.3125,112.5,42.1875
02-03,189,70.3125,112.5,42.1875
02-03,190,70.3125,112.5,42.1875
02-03,191,70.3125,112.5,42.1875
02-04,0,77.34375,112.5,35.15625
02-04,1,77.34375,105.46875,28.125
02-04,2,77.34375,112.5,35.15625
02-04,3,77.34375,112.5,35.15625
02-04,4,77.34375,105.46875,28.125
02-04,5,77.34375,105.46875,28.125
02-04,6,77.34375,105.46875,28.125
02-04,7,77.34375,105.46875,28.125
02-04,8,77.34375,98.4375,21.09375
02-04,9,77.34375,112.5,35.15625
02-04,10,77.34375,105.46875,28.125
02-04,11,77.34375,112.5,35.15625
02-04,12,77.34375,98.4375,21.09375
02-04,13,77.34375,98.4375,21.09375
02-04,14,77.34375,112.5,35.15625
02-04,15,77.34375,112.5,35.15625
02-04,16,70.3125,91.40625,21.09375
02-04,17,70.3125,91.40625,21.09375
02-04,18,70.3125,91.40625,21.09375
02-04,19,70.3125,112.5,42.1875
02-04,20,70.3125,112.5,42.1875
02-04,21,70.3125,112.5,42.1875
02-04,22,70.3125,112.5,42.1875
02-04,23,70.3125,112.5,42.1875
02-04,24,70.3125,98.4375,28.125
02-04,25,70.3125,112.5,42.1875
02-04,26,70.3125,112.5,42.1875
02-04,27,70.3125,105.46875,35.15625
02-04,28,70.3125,112.5,42.1875
02-04,29,70.3125,112.5,42.1875
02-04,30,70.3125,98.4375,28.125
02-04,31,70.3125,112.5,42.1875
02-04,32,70.3125,112.5,42.1875
02-04,33,70.3125,98.4375,28.125
02-04,34,70.3125,112.5,42.1875
02-04,35,70.3125,112.5,42.1875
02-04,36,70.3125,112.5,42.1875
02-04,37,70.3125,112.5,42.1875
02-04,38,70.3125,112.5,42.1875
02-04,39,70.3125,112.5,42.1875
02-04,40,70.3125,112.5,42.1875
02-04,41,70.3125,112.5,42.1875
02-04,42,70.3125,112.5,42.1875
02-04,43,70.3125,112.5,42.1875
02-04,44,70.3125,112.5,42.1875
02-04,45,70.3125,112.5,42.1875
02-04,46,70.3125,112.5,42.1875
02-04,47,70.3125,112.5,42.1875
02-04,48,70.3125,112.5,42.1875
02-04,49,70.3125,112.5,42.1875
02-04,50,70.3125,98.4375,28.125
02-04,51,70.3125,112.5,42.1875
02-04,52,70.3125,112.5,42.1875
02-04,53,70.3125,112.5,42.1875
02-04,54,70.3125,112.5,42.1875
02-04,55,70.3125,112.5,42.1875
02-04,56,70.3125,112.5,42.1875
02-04,57,70.3125,112.5,42.1875
02-04,58,70.3125,112.5,42.1875
02-04,59,70.3125,112.5,42.1875
02-04,60,70.3125,112.5,42.1875
02-04,61,70.3125,112.5,42.1875
02-04,62,70.3125,112.5,42.1875
02-04,63,70.3125,112.5,42.1875
02-04,64,70.3125,112.5,42.1875
02-04,65,70.3125,112.5,42.1875
02-04,66,70.3125,112.5,42.1875
02-04,67,70.3125,98.4375,28.125
02-04,68,70.3125,112.5,42.1875
02-04,69,70.3125,112.5,42.1875
02-04,70,70.3125,112.5,42.1875
02-04,71,70.3125,112.5,42.1875
02-04,72,70.3125,112.5,42.1875
02-04,73,70.3125,112.5,42.1875
02-04,74,70.3125,112.5,42.1875
02-04,75,70.3125,112.5,42.1875
02-04,76,70.3125,112.5,42.1875
02-04,77,70.3125,112.5,42.1875
02-04,78,70.3125,112.5,42.1875
02-04,79,70.3125,112.5,42.1875
02-04,80,70.3125,112.5,42.1875
02-04,81,70.3125,112.5,42.1875
02-04,82,70.3125,112.5,42.1875
02-04,83,70.3125,112.5,42.1875
02-04,84,70.3125,112.5,42.1875
02-04,85,70.3125,112.5,42.1875
02-04,86,70.3125,112.5,42.1875
02-04,87,70.3125,112.5,42.1875
02-04,88,70.3125,112.5,42.1875
02-04,89,70.3125,112.5,42.1875
02-04,90,70.3125,112.5,42.1875
02-04,91,70.3125,112.5,42.1875
02-04,92,70.3125,112.5,42.1875
02-04,93,70.3125,112.5,42.1875
02-04,94,70.3125,112.5,42.1875
02-04,95,70.3125,112.5,42.1875
02-04,96,70.3125,112.5,42.1875
02-04,97,70.3125,112.5,42.1875
02-04,98,70.3125,112.5,42.1875
02-04,99,70.3125,112.5,42.1875
02-04,100,70.3125,112.5,42.1875
02-04,101,70.3125,112.5,42.1875
02-04,102,77.34375,112.5,35.15625
02-04,103,70.3125,112.5,42.1875
02-04,104,70.3125,112.5,42.1875
02-04,105,70.3125,112.5,42.1875
02-04,106,70.3125,112.5,42.1875
02-04,107,70.3125,112.5,42.1875
02-04,108,70.3125,98.4375,28.125
02-04,109,70.3125,91.40625,21.09375
02-04,110,70.3125,112.5,42.1875
02-04,111,70.3125,112.5,42.1875
02-04,112,70.3125,112.5,42.1875
02-04,113,70.3125,112.5,42.1875
02-04,114,70.3125,112.5,42.1875
02-04,115,70.3125,112.5,42.1875
02-04,116,70.3125,112.5,42.1875
02-04,117,70.3125,112.5,42.1875
02-04,118,70.3125,112.5,42.1875
02-04,119,70.3125,112.5,42.1875
02-04,120,70.3125,112.5,42.1875
02-04,121,70.3125,98.4375,28.125
02-04,122,63.28125,112.5,49.21875
02-04,123,70.3125,112.5,42.1875
02-04,124,70.3125,112.5,42.1875
02-04,125,70.3125,112.5,42.1875
02-04,126,70.3125,112.5,42.1875
02-04,127,70.3125,112.5,42.1875
02-04,128,70.3125,112.5,42.1875
02-04,129,70.3125,112.5,42.1875
02-04,130,70.3125,98.4375,28.125
02-04,131,70.3125,112.5,42.1875
02-04,132,70.3125,112.5,42.1875
02-04,133,70.3125,112.5,42.1875
02-04,134,70.3125,112.5,42.1875
02-04,135,70.3125,112.5,42.1875
02-04,136,70.3125,112.5,42.1875
02-04,137,70.3125,112.5,42.1875
02-04,138,70.3125,98.4375,28.125
02-04,139,70.3125,112.5,42.1875
02-04,140,70.3125,91.40625,21.09375
02-04,141,70.3125,112.5,42.1875
02-04,142,70.3125,112.5,42.1875
02-04,143,70.3125,112.5,42.1875
02-04,144,70.3125,105.46875,35.15625
02-04,145,70.3125,98.4375,28.125
02-04,146,70.3125,98.4375,28.125
02-04,147,70.3125,112.5,42.1875
02-04,148,70.3125,112.5,42.1875
02-04,149,70.3125,112.5,42.1875
02-04,150,70.3125,112.5,42.1875
02-04,151,70.3125,112.5,42.1875
02-04,152,70.3125,112.5,42.1875
02-04,153,70.3125,112.5,42.1875
02-04,154,70.3125,112.5,42.1875
02-04,155,70.3125,112.5,42.1875
02-04,156,70.3125,112.5,42.1875
02-04,157,70.3125,91.40625,21.09375
02-04,158,77.34375,98.4375,21.09375
02-04,159,77.34375,98.4375,21.09375
02-04,160,77.34375,98.4375,21.09375
02-04,161,77.34375,84.375,7.03125
02-04,162,77.34375,112.5,35.15625
02-04,163,77.34375,112.5,35.15625
02-04,164,77.34375,112.5,35.15625
02-04,165,77.34375,112.5,35.15625
02-04,166,77.34375,112.5,35.15625
02-04,167,77.34375,112.5,35.15625
02-04,168,77.34375,112.5,35.15625
02-04,169,77.34375,112.5,35.15625
02-04,170,77.34375,98.4375,21.09375
02-04,171,77.34375,98.4375,21.09375
02-04,172,77.34375,98.4375,21.09375
02-04,173,77.34375,105.46875,28.125
02-04,174,77.34375,112.5,35.15625
02-04,175,77.34375,105.46875,28.125
02-04,176,77.34375,112.5,35.15625
02-04,177,77.34375,112.5,35.15625
02-04,178,77.34375,91.40625,14.0625
02-04,179,77.34375,112.5,35.15625
02-04,180,77.34375,112.5,35.15625
02-04,181,77.34375,112.5,35.15625
02-04,182,77.34375,112.5,35.15625
02-04,183,77.34375,112.5,35.15625
02-04,184,77.34375,112.5,35.15625
02-04,185,77.34375,112.5,35.15625
02-04,186,77.34375,112.5,35.15625
02-04,187,77.34375,112.5,35.15625
02-04,188,77.34375,112.5,35.15625
02-04,189,77.34375,105.46875,28.125
02-04,190,77.34375,105.46875,28.125
02-04,191,77.34375,112.5,35.15625
02-04,192,77.34375,112.5,35.15625
02-04,193,77.34375,112.5,35.15625
02-04,194,70.3125,112.5,42.1875
02-04,195,70.3125,112.5,42.1875
02-05,0,77.34375,112.5,35.15625
02-05,1,77.34375,112.5,35.15625
02-05,2,77.34375,112.5,35.15625
02-05,3,70.3125,105.46875,35.15625
02-05,4,70.3125,105.46875,35.15625
02-05,5,70.3125,119.53125,49.21875
02-05,6,70.3125,112.5,42.1875
02-05,7,70.3125,112.5,42.1875
02-05,8,70.3125,105.46875,35.15625
02-05,9,70.3125,105.46875,35.15625
02-05,10,70.3125,112.5,42.1875
02-05,11,70.3125,112.5,42.1875
02-05,12,70.3125,112.5,42.1875
02-05,13,70.3125,84.375,14.0625
02-05,14,70.3125,98.4375,28.125
02-05,15,70.3125,112.5,42.1875
02-05,16,70.3125,84.375,14.0625
02-05,17,70.3125,112.5,42.1875
02-05,18,70.3125,91.40625,21.09375
02-05,19,70.3125,98.4375,28.125
02-05,20,70.3125,112.5,42.1875
02-05,21,77.34375,98.4375,21.09375
02-05,22,77.34375,98.4375,21.09375
02-05,23,77.34375,98.4375,21.09375
02-05,24,77.34375,112.5,35.15625
02-05,25,77.34375,112.5,35.15625
02-05,26,77.34375,91.40625,14.0625
02-05,27,77.34375,112.5,35.15625
02-05,28,70.3125,91.40625,21.09375
02-05,29,70.3125,84.375,14.0625
02-05,30,70.3125,112.5,42.1875
02-05,31,70.3125,98.4375,28.125
02-05,32,70.3125,98.4375,28.125
02-05,33,70.3125,105.46875,35.15625
02-05,34,70.3125,112.5,42.1875
02-05,35,70.3125,98.4375,28.125
02-05,36,70.3125,98.4375,28.125
02-05,37,70.3125,98.4375,28.125
02-05,38,70.3125,98.4375,28.125
02-05,39,70.3125,112.5,42.1875
02-05,40,70.3125,105.46875,35.15625
02-05,41,70.3125,105.46875,35.15625
02-05,42,70.3125,91.40625,21.09375
02-05,43,70.3125,98.4375,28.125
02-05,44,70.3125,91.40625,21.09375
02-05,45,70.3125,91.40625,21.09375
02-05,46,70.3125,98.4375,28.125
02-05,47,70.3125,91.40625,21.09375
02-05,48,70.3125,98.4375,28.125
02-05,49,70.3125,98.4375,28.125
02-05,50,70.3125,98.4375,28.125
02-05,51,70.3125,98.4375,28.125
02-05,52,70.3125,98.4375,28.125
02-05,53,77.34375,98.4375,21.09375
02-05,54,77.34375,105.46875,28.125
02-05,55,70.3125,98.4375,28.125
02-05,56,77.34375,91.40625,14.0625
02-05,57,77.34375,91.40625,14.0625
02-05,58,70.3125,112.5,42.1875
02-05,59,70.3125,112.5,42.1875
02-05,60,70.3125,98.4375,28.125
02-05,61,70.3125,98.4375,28.125
02-05,62,70.3125,98.4375,28.125
02-05,63,70.3125,112.5,42.1875
02-05,64,70.3125,112.5,42.1875
02-05,65,70.3125,91.40625,21.09375
02-05,66,70.3125,91.40625,21.09375
02-05,67,70.3125,91.40625,21.09375
02-05,68,70.3125,84.375,14.0625
02-05,69,70.3125,105.46875,35.15625
02-05,70,70.3125,98.4375,28.125
02-05,71,70.3125,98.4375,28.125
02-05,72,70.3125,98.4375,28.125
02-05,73,70.3125,98.4375,28.125
02-05,74,70.3125,98.4375,28.125
02-05,75,70.3125,98.4375,28.125
02-05,76,70.3125,112.5,42.1875
02-05,77,70.3125,112.5,42.1875
02-05,78,70.3125,91.40625,21.09375
02-05,79,70.3125,105.46875,35.15625
02-05,80,77.34375,112.5,35.15625
02-05,81,77.34375,98.4375,21.09375
02-05,82,77.34375,98.4375,21.09375
02-05,83,77.34375,98.4375,21.09375
02-05,84,77.34375,98.4375,21.09375
02-05,85,77.34375,98.4375,21.09375
02-05,86,77.34375,105.46875,28.125
02-05,87,77.34375,105.46875,28.125
02-05,88,77.34375,112.5,35.15625
02-05,89,77.34375,112.5,35.15625
02-05,90,77.34375,112.5,35.15625
02-05,91,77.34375,112.5,35.15625
02-05,92,77.34375,112.5,35.15625
02-05,93,77.34375,112.5,35.15625
02-05,94,77.34375,98.4375,21.09375
02-05,95,77.34375,105.46875,28.125
02-05,96,77.34375,105.46875,28.125
02-05,97,77.34375,105.46875,28.125
02-05,98,77.34375,105.46875,28.125
02-05,99,77.34375,105.46875,28.125
02-05,100,77.34375,105.46875,28.125
02-05,101,77.34375,105.46875,28.125
02-05,102,77.34375,105.46875,28.125
02-05,103,77.34375,105.46875,28.125
02-05,104,77.34375,112.5,35.15625
02-05,105,77.34375,105.46875,28.125
02-05,106,77.34375,112.5,35.15625
02-05,107,77.34375,112.5,35.15625
02-05,108,77.34375,112.5,35.15625
02-05,109,77.34375,112.5,35.15625
02-05,110,77.34375,112.5,35.15625
02-05,111,77.34375,112.5,35.15625
02-05,112,77.34375,112.5,35.15625
02-05,113,77.34375,119.53125,42.1875
02-05,114,77.34375,119.53125,42.1875
02-05,115,77.34375,112.5,35.15625
02-05,116,77.34375,42.1875,-35.15625
02-05,117,77.34375,112.5,35.15625
02-05,118,77.34375,112.5,35.15625
02-05,119,77.34375,112.5,35.15625
02-05,120,77.34375,105.46875,28.125
02-05,121,77.34375,91.40625,14.0625
02-05,122,77.34375,112.5,35.15625
02-05,123,77.34375,98.4375,21.09375
02-05,124,77.34375,98.4375,21.09375
02-05,125,77.34375,98.4375,21.09375
02-05,126,77.34375,98.4375,21.09375
02-05,127,77.34375,98.4375,21.09375
02-05,128,77.34375,98.4375,21.09375
02-05,129,77.34375,98.4375,21.09375
02-05,130,77.34375,98.4375,21.09375
02-05,131,77.34375,98.4375,21.09375
02-05,132,77.34375,98.4375,21.09375
02-05,133,77.34375,98.4375,21.09375
02-05,134,77.34375,98.4375,21.09375
02-05,135,77.34375,98.4375,21.09375
02-05,136,77.34375,98.4375,21.09375
02-05,137,77.34375,91.40625,14.0625
02-05,138,77.34375,98.4375,21.09375
02-05,139,77.34375,98.4375,21.09375
02-05,140,77.34375,98.4375,21.09375
02-05,141,77.34375,98.4375,21.09375
02-05,142,77.34375,98.4375,21.09375
02-05,143,77.34375,105.46875,28.125
02-05,144,77.34375,98.4375,21.09375
02-05,145,77.34375,105.46875,28.125
02-05,146,77.34375,98.4375,21.09375
02-05,147,77.34375,105.46875,28.125
02-05,148,77.34375,112.5,35.15625
02-05,149,77.34375,112.5,35.15625
02-05,150,77.34375,105.46875,28.125
02-05,151,77.34375,112.5,35.15625
02-05,152,77.34375,105.46875,28.125
02-05,153,77.34375,105.46875,28.125
02-05,154,77.34375,98.4375,21.09375
02-05,155,77.34375,105.46875,28.125
02-05,156,77.34375,98.4375,21.09375
02-05,157,77.34375,105.46875,28.125
02-05,158,77.34375,112.5,35.15625
02-05,159,77.34375,112.5,35.15625
02-05,160,70.3125,105.46875,35.15625
02-05,161,70.3125,112.5,42.1875
02-05,162,70.3125,112.5,42.1875
02-05,163,70.3125,105.46875,35.15625
02-05,164,70.3125,112.5,42.1875
02-05,165,70.3125,112.5,42.1875
02-06,0,70.3125,112.5,42.1875
02-06,1,70.3125,112.5,42.1875
02-06,2,70.3125,112.5,42.1875
02-06,3,70.3125,105.46875,35.15625
02-06,4,70.3125,112.5,42.1875
02-06,5,70.3125,105.46875,35.15625
02-06,6,70.3125,98.4375,28.125
02-06,7,70.3125,112.5,42.1875
02-06,8,70.3125,112.5,42.1875
02-06,9,70.3125,105.46875,35.15625
02-06,10,70.3125,98.4375,28.125
02-06,11,70.3125,98.4375,28.125
02-06,12,70.3125,98.4375,28.125
02-06,13,70.3125,98.4375,28.125
02-06,14,70.3125,91.40625,21.09375
02-06,15,70.3125,91.40625,21.09375
02-06,16,70.3125,91.40625,21.09375
02-06,17,70.3125,91.40625,21.09375
02-06,18,70.3125,98.4375,28.125
02-06,19,77.34375,98.4375,21.09375
02-06,20,77.34375,98.4375,21.09375
02-06,21,77.34375,98.4375,21.09375
02-06,22,77.34375,98.4375,21.09375
02-06,23,77.34375,98.4375,21.09375
02-06,24,77.34375,98.4375,21.09375
02-06,25,77.34375,98.4375,21.09375
02-06,26,77.34375,98.4375,21.09375
02-06,27,77.34375,98.4375,21.09375
02-06,28,77.34375,98.4375,21.09375
02-06,29,77.34375,98.4375,21.09375
02-06,30,77.34375,98.4375,21.09375
02-06,31,77.34375,98.4375,21.09375
02-06,32,77.34375,98.4375,21.09375
02-06,33,70.3125,98.4375,28.125
02-06,34,70.3125,98.4375,28.125
02-06,35,70.3125,98.4375,28.125
02-06,36,70.3125,98.4375,28.125
02-06,37,70.3125,105.46875,35.15625
02-06,38,70.3125,112.5,42.1875
02-06,39,70.3125,112.5,42.1875
02-06,40,70.3125,105.46875,35.15625
02-06,41,70.3125,105.46875,35.15625
02-06,42,70.3125,98.4375,28.125
02-06,43,70.3125,98.4375,28.125
02-06,44,70.3125,91.40625,21.09375
02-06,45,70.3125,91.40625,21.09375
02-06,46,70.3125,91.40625,21.09375
02-06,47,70.3125,91.40625,21.09375
02-06,48,70.3125,91.40625,21.09375
02-06,49,70.3125,91.40625,21.09375
02-06,50,70.3125,91.40625,21.09375
02-06,51,70.3125,91.40625,21.09375
02-06,52,70.3125,98.4375,28.125
02-06,53,70.3125,98.4375,28.125
02-06,54,70.3125,98.4375,28.125
02-06,55,70.3125,112.5,42.1875
02-06,56,70.3125,105.46875,35.15625
02-06,57,70.3125,105.46875,35.15625
02-06,58,70.3125,112.5,42.1875
02-06,59,70.3125,112.5,42.1875
02-06,60,70.3125,112.5,42.1875
02-06,61,70.3125,105.46875,35.15625
02-06,62,70.3125,105.46875,35.15625
02-06,63,70.3125,105.46875,35.15625
02-06,64,70.3125,112.5,42.1875
02-06,65,70.3125,112.5,42.1875
02-06,66,63.28125,91.40625,28.125
02-06,67,63.28125,91.40625,28.125
02-06,68,63.28125,91.40625,28.125
02-06,69,63.28125,98.4375,35.15625
02-06,70,63.28125,98.4375,35.15625
02-06,71,63.28125,98.4375,35.15625
02-06,72,63.28125,98.4375,35.15625
02-06,73,63.28125,98.4375,35.15625
02-06,74,63.28125,98.4375,35.15625
02-06,75,63.28125,98.4375,35.15625
02-06,76,63.28125,112.5,49.21875
02-06,77,63.28125,112.5,49.21875
02-06,78,63.28125,98.4375,35.15625
02-06,79,63.28125,98.4375,35.15625
02-06,80,63.28125,98.4375,35.15625
02-06,81,63.28125,105.46875,42.1875
02-06,82,70.3125,105.46875,35.15625
02-06,83,70.3125,105.46875,35.15625
02-06,84,70.3125,105.46875,35.15625
02-06,85,70.3125,112.5,42.1875
02-06,86,70.3125,112.5,42.1875
02-06,87,70.3125,119.53125,49.21875
02-06,88,70.3125,112.5,42.1875
02-06,89,70.3125,112.5,42.1875
02-06,90,70.3125,105.46875,35.15625
02-06,91,70.3125,105.46875,35.15625
02-06,92,70.3125,105.46875,35.15625
02-06,93,70.3125,105.46875,35.15625
02-06,94,70.3125,105.46875,35.15625
02-06,95,70.3125,112.5,42.1875
02-06,96,70.3125,105.46875,35.15625
02-06,97,70.3125,112.5,42.1875
02-06,98,70.3125,112.5,42.1875
02-06,99,70.3125,112.5,42.1875
02-06,100,70.3125,112.5,42.1875
02-06,101,70.3125,105.46875,35.15625
02-06,102,70.3125,112.5,42.1875
02-06,103,70.3125,112.5,42.1875
02-06,104,70.3125,105.46875,35.15625
02-06,105,70.3125,112.5,42.1875
02-06,106,70.3125,112.5,42.1875
02-06,107,70.3125,112.5,42.1875
02-06,108,70.3125,42.1875,-28.125
02-06,109,70.3125,112.5,42.1875
02-06,110,70.3125,98.4375,28.125
02-06,111,70.3125,91.40625,21.09375
02-06,112,70.3125,91.40625,21.09375
02-06,113,70.3125,91.40625,21.09375
02-06,114,70.3125,91.40625,21.09375
02-06,115,70.3125,91.40625,21.09375
02-06,116,70.3125,91.40625,21.09375
02-06,117,70.3125,91.40625,21.09375
02-06,118,70.3125,91.40625,21.09375
02-06,119,70.3125,91.40625,21.09375
02-06,120,70.3125,91.40625,21.09375
02-06,121,70.3125,91.40625,21.09375
02-06,122,70.3125,91.40625,21.09375
02-06,123,70.3125,91.40625,21.09375
02-06,124,70.3125,91.40625,21.09375
02-06,125,70.3125,91.40625,21.09375
02-06,126,70.3125,91.40625,21.09375
02-06,127,70.3125,91.40625,21.09375
02-06,128,70.3125,98.4375,28.125
02-06,129,70.3125,98.4375,28.125
02-06,130,70.3125,98.4375,28.125
02-06,131,70.3125,98.4375,28.125
02-06,132,70.3125,98.4375,28.125
02-06,133,70.3125,91.40625,21.09375
02-06,134,70.3125,112.5,42.1875
02-06,135,70.3125,98.4375,28.125
02-06,136,70.3125,98.4375,28.125
02-06,137,70.3125,98.4375,28.125
02-06,138,70.3125,98.4375,28.125
02-06,139,70.3125,112.5,42.1875
02-06,140,70.3125,98.4375,28.125
02-06,141,70.3125,91.40625,21.09375
02-06,142,70.3125,84.375,14.0625
02-06,143,70.3125,98.4375,28.125
02-06,144,70.3125,98.4375,28.125
02-06,145,70.3125,98.4375,28.125
02-06,146,70.3125,98.4375,28.125
02-06,147,70.3125,98.4375,28.125
02-06,148,70.3125,98.4375,28.125
02-06,149,70.3125,112.5,42.1875
02-06,150,70.3125,112.5,42.1875
02-06,151,70.3125,112.5,42.1875
02-06,152,70.3125,105.46875,35.15625
02-06,153,70.3125,105.46875,35.15625
02-06,154,70.3125,105.46875,35.15625
02-06,155,70.3125,112.5,42.1875
02-06,156,70.3125,105.46875,35.15625
02-06,157,70.3125,105.46875,35.15625
02-06,158,70.3125,105.46875,35.15625
02-06,159,70.3125,112.5,42.1875
02-06,160,70.3125,112.5,42.1875
02-06,161,70.3125,112.5,42.1875
02-06,162,70.3125,112.5,42.1875
02-06,163,70.3125,112.5,42.1875
02-06,164,70.3125,112.5,42.1875
02-06,165,70.3125,112.5,42.1875
02-06,166,70.3125,98.4375,28.125
02-06,167,70.3125,112.5,42.1875
03-01,0,105.46875,112.5,7.03125
03-01,1,105.46875,98.4375,-7.03125
03-01,2,105.46875,112.5,7.03125
03-01,3,105.46875,112.5,7.03125
03-01,4,105.46875,112.5,7.03125
03-01,5,105.46875,91.40625,-14.0625
03-01,6,105.46875,105.46875,0.0
03-01,7,105.46875,112.5,7.03125
03-01,8,105.46875,112.5,7.03125
03-01,9,105.46875,112.5,7.03125
03-01,10,105.46875,84.375,-21.09375
03-01,11,105.46875,112.5,7.03125
03-01,12,105.46875,112.5,7.03125
03-01,13,105.46875,91.40625,-14.0625
03-01,14,105.46875,112.5,7.03125
03-01,15,105.46875,112.5,7.03125
03-01,16,105.46875,112.5,7.03125
03-01,17,105.46875,112.5,7.03125
03-01,18,49.21875,112.5,63.28125
03-01,19,49.21875,112.5,63.28125
03-01,20,49.21875,98.4375,49.21875
03-01,21,49.21875,98.4375,49.21875
03-01,22,49.21875,112.5,63.28125
03-01,23,49.21875,112.5,63.28125
03-01,24,49.21875,112.5,63.28125
03-01,25,49.21875,112.5,63.28125
03-01,26,49.21875,112.5,63.28125
03-01,27,49.21875,112.5,63.28125
03-01,28,49.21875,112.5,63.28125
03-01,29,49.21875,112.5,63.28125
03-01,30,49.21875,91.40625,42.1875
03-01,31,105.46875,112.5,7.03125
03-01,32,105.46875,112.5,7.03125
03-01,33,49.21875,98.4375,49.21875
03-01,34,105.46875,112.5,7.03125
03-01,35,105.46875,112.5,7.03125
03-01,36,105.46875,112.5,7.03125
03-01,37,105.46875,98.4375,-7.03125
03-01,38,105.46875,112.5,7.03125
03-01,39,105.46875,105.46875,0.0
03-01,40,105.46875,98.4375,-7.03125
03-01,41,49.21875,98.4375,49.21875
03-01,42,49.21875,98.4375,49.21875
03-01,43,49.21875,98.4375,49.21875
03-01,44,105.46875,98.4375,-7.03125
03-01,45,49.21875,98.4375,49.21875
03-01,46,49.21875,98.4375,49.21875
03-01,47,49.21875,98.4375,49.21875
03-01,48,49.21875,98.4375,49.21875
03-01,49,49.21875,98.4375,49.21875
03-01,50,49.21875,105.46875,56.25
03-01,51,105.46875,105.46875,0.0
03-01,52,105.46875,98.4375,-7.03125
03-01,53,105.46875,105.46875,0.0
03-01,54,105.46875,98.4375,-7.03125
03-01,55,105.46875,98.4375,-7.03125
03-01,56,105.46875,91.40625,-14.0625
03-01,57,105.46875,98.4375,-7.03125
03-01,58,105.46875,98.4375,-7.03125
03-01,59,105.46875,98.4375,-7.03125
03-01,60,105.46875,98.4375,-7.03125
03-01,61,105.46875,98.4375,-7.03125
03-01,62,105.46875,98.4375,-7.03125
03-01,63,105.46875,98.4375,-7.03125
03-01,64,105.46875,98.4375,-7.03125
03-01,65,105.46875,98.4375,-7.03125
03-01,66,105.46875,98.4375,-7.03125
03-01,67,105.46875,91.40625,-14.0625
03-01,68,105.46875,112.5,7.03125
03-01,69,105.46875,98.4375,-7.03125
03-01,70,105.46875,112.5,7.03125
03-01,71,105.46875,112.5,7.03125
03-01,72,105.46875,98.4375,-7.03125
03-01,73,105.46875,112.5,7.03125
03-01,74,105.46875,105.46875,0.0
03-01,75,105.46875,112.5,7.03125
03-01,76,105.46875,98.4375,-7.03125
03-01,77,105.46875,98.4375,-7.03125
03-01,78,105.46875,105.46875,0.0
03-01,79,105.46875,98.4375,-7.03125
03-01,80,105.46875,98.4375,-7.03125
03-01,81,105.46875,98.4375,-7.03125
03-01,82,105.46875,98.4375,-7.03125
03-01,83,105.46875,98.4375,-7.03125
03-01,84,105.46875,112.5,7.03125
03-01,85,105.46875,98.4375,-7.03125
03-01,86,105.46875,112.5,7.03125
03-01,87,105.46875,112.5,7.03125
03-01,88,105.46875,112.5,7.03125
03-01,89,105.46875,112.5,7.03125
03-01,90,105.46875,112.5,7.03125
03-01,91,105.46875,112.5,7.03125
03-01,92,105.46875,112.5,7.03125
03-01,93,105.46875,112.5,7.03125
03-01,94,105.46875,112.5,7.03125
03-01,95,105.46875,112.5,7.03125
03-01,96,105.46875,112.5,7.03125
03-01,97,105.46875,112.5,7.03125
03-01,98,105.46875,112.5,7.03125
03-01,99,105.46875,112.5,7.03125
03-01,100,105.46875,112.5,7.03125
03-01,101,105.46875,112.5,7.03125
03-01,102,105.46875,112.5,7.03125
03-01,103,105.46875,112.5,7.03125
03-01,104,105.46875,112.5,7.03125
03-01,105,56.25,112.5,56.25
03-01,106,56.25,98.4375,42.1875
03-01,107,56.25,112.5,56.25
03-01,108,56.25,112.5,56.25
03-01,109,56.25,112.5,56.25
03-01,110,56.25,112.5,56.25
03-01,111,56.25,112.5,56.25
03-01,112,56.25,112.5,56.25
03-01,113,56.25,112.5,56.25
03-01,114,56.25,91.40625,35.15625
03-01,115,56.25,112.5,56.25
03-01,116,56.25,112.5,56.25
03-01,117,56.25,112.5,56.25
03-01,118,56.25,112.5,56.25
03-01,119,56.25,112.5,56.25
03-01,120,56.25,112.5,56.25
03-01,121,56.25,112.5,56.25
03-01,122,56.25,112.5,56.25
03-01,123,56.25,112.5,56.25
03-01,124,56.25,112.5,56.25
03-01,125,56.25,112.5,56.25
03-01,126,56.25,112.5,56.25
03-01,127,105.46875,112.5,7.03125
03-01,128,105.46875,112.5,7.03125
03-01,129,105.46875,112.5,7.03125
03-01,130,105.46875,112.5,7.03125
03-01,131,105.46875,112.5,7.03125
03-01,132,105.46875,112.5,7.03125
03-01,133,105.46875,112.5,7.03125
03-01,134,105.46875,112.5,7.03125
03-01,135,105.46875,91.40625,-14.0625
03-01,136,49.21875,91.40625,42.1875
03-01,137,49.21875,91.40625,42.1875
03-01,138,49.21875,91.40625,42.1875
03-01,139,49.21875,91.40625,42.1875
03-01,140,105.46875,91.40625,-14.0625
03-01,141,105.46875,98.4375,-7.03125
03-01,142,105.46875,91.40625,-14.0625
03-01,143,105.46875,98.4375,-7.03125
03-01,144,105.46875,98.4375,-7.03125
03-01,145,105.46875,112.5,7.03125
03-01,146,105.46875,112.5,7.03125
03-01,147,105.46875,112.5,7.03125
03-01,148,105.46875,112.5,7.03125
03-01,149,105.46875,112.5,7.03125
03-01,150,105.46875,112.5,7.03125
03-01,151,105.46875,112.5,7.03125
03-01,152,56.25,112.5,56.25
03-01,153,56.25,112.5,56.25
03-01,154,56.25,105.46875,49.21875
03-01,155,56.25,84.375,28.125
03-01,156,56.25,91.40625,35.15625
03-01,157,56.25,91.40625,35.15625
03-01,158,56.25,98.4375,42.1875
03-01,159,56.25,98.4375,42.1875
03-01,160,56.25,98.4375,42.1875
03-01,161,56.25,98.4375,42.1875
03-01,162,105.46875,98.4375,-7.03125
03-01,163,105.46875,98.4375,-7.03125
03-01,164,105.46875,98.4375,-7.03125
03-01,165,105.46875,98.4375,-7.03125
03-01,166,105.46875,98.4375,-7.03125
03-01,167,105.46875,98.4375,-7.03125
03-01,168,105.46875,112.5,7.03125
03-01,169,105.46875,91.40625,-14.0625
03-01,170,105.46875,105.46875,0.0
03-02,0,56.25,112.5,56.25
03-02,1,56.25,112.5,56.25
03-02,2,56.25,112.5,56.25
03-02,3,56.25,112.5,56.25
03-02,4,56.25,112.5,56.25
03-02,5,56.25,112.5,56.25
03-02,6,56.25,112.5,56.25
03-02,7,56.25,112.5,56.25
03-02,8,56.25,112.5,56.25
03-02,9,56.25,112.5,56.25
03-02,10,56.25,112.5,56.25
03-02,11,56.25,112.5,56.25
03-02,12,56.25,112.5,56.25
03-02,13,56.25,112.5,56.25
03-02,14,56.25,112.5,56.25
03-02,15,56.25,91.40625,35.15625
03-02,16,56.25,112.5,56.25
03-02,17,56.25,112.5,56.25
03-02,18,56.25,112.5,56.25
03-02,19,56.25,112.5,56.25
03-02,20,56.25,98.4375,42.1875
03-02,21,56.25,112.5,56.25
03-02,22,56.25,112.5,56.25
03-02,23,56.25,112.5,56.25
03-02,24,56.25,112.5,56.25
03-02,25,56.25,112.5,56.25
03-02,26,56.25,112.5,56.25
03-02,27,56.25,105.46875,49.21875
03-02,28,56.25,112.5,56.25
03-02,29,56.25,112.5,56.25
03-02,30,56.25,112.5,56.25
03-02,31,56.25,112.5,56.25
03-02,32,56.25,112.5,56.25
03-02,33,56.25,112.5,56.25
03-02,34,56.25,112.5,56.25
03-02,35,56.25,112.5,56.25
03-02,36,56.25,98.4375,42.1875
03-02,37,56.25,98.4375,42.1875
03-02,38,56.25,112.5,56.25
03-02,39,56.25,112.5,56.25
03-02,40,56.25,105.46875,49.21875
03-02,41,56.25,112.5,56.25
03-02,42,56.25,112.5,56.25
03-02,43,56.25,112.5,56.25
03-02,44,56.25,112.5,56.25
03-02,45,56.25,112.5,56.25
03-02,46,56.25,112.5,56.25
03-02,47,56.25,112.5,56.25
03-02,48,56.25,112.5,56.25
03-02,49,56.25,112.5,56.25
03-02,50,56.25,112.5,56.25
03-02,51,56.25,112.5,56.25
03-02,52,56.25,98.4375,42.1875
03-02,53,56.25,98.4375,42.1875
03-02,54,56.25,98.4375,42.1875
03-02,55,56.25,98.4375,42.1875
03-02,56,56.25,112.5,56.25
03-02,57,56.25,119.53125,63.28125
03-02,58,56.25,112.5,56.25
03-02,59,56.25,91.40625,35.15625
03-02,60,56.25,112.5,56.25
03-02,61,56.25,112.5,56.25
03-02,62,56.25,112.5,56.25
03-02,63,56.25,112.5,56.25
03-02,64,56.25,112.5,56.25
03-02,65,56.25,91.40625,35.15625
03-02,66,56.25,91.40625,35.15625
03-02,67,56.25,112.5,56.25
03-02,68,56.25,112.5,56.25
03-02,69,56.25,112.5,56.25
03-02,70,56.25,112.5,56.25
03-02,71,56.25,98.4375,42.1875
03-02,72,56.25,112.5,56.25
03-02,73,56.25,119.53125,63.28125
03-02,74,56.25,112.5,56.25
03-02,75,56.25,112.5,56.25
03-02,76,56.25,91.40625,35.15625
03-02,77,56.25,91.40625,35.15625
03-02,78,56.25,112.5,56.25
03-02,79,56.25,112.5,56.25
03-02,80,56.25,112.5,56.25
03-02,81,56.25,98.4375,42.1875
03-02,82,56.25,98.4375,42.1875
03-02,83,56.25,112.5,56.25
03-02,84,56.25,112.5,56.25
03-02,85,56.25,112.5,56.25
03-02,86,56.25,112.5,56.25
03-02,87,56.25,91.40625,35.15625
03-02,88,56.25,112.5,56.25
03-02,89,56.25,91.40625,35.15625
03-02,90,56.25,98.4375,42.1875
03-02,91,56.25,112.5,56.25
03-02,92,56.25,112.5,56.25
03-02,93,56.25,112.5,56.25
03-02,94,56.25,112.5,56.25
03-02,95,56.25,112.5,56.25
03-02,96,56.25,112.5,56.25
03-02,97,56.25,112.5,56.25
03-02,98,105.46875,112.5,7.03125
03-02,99,105.46875,112.5,7.03125
03-02,100,105.46875,112.5,7.03125
03-02,101,105.46875,112.5,7.03125
03-02,102,105.46875,112.5,7.03125
03-02,103,105.46875,112.5,7.03125
03-02,104,105.46875,98.4375,-7.03125
03-02,105,56.25,112.5,56.25
03-02,106,56.25,112.5,56.25
03-02,107,56.25,112.5,56.25
03-02,108,56.25,112.5,56.25
03-02,109,56.25,112.5,56.25
03-02,110,56.25,112.5,56.25
03-02,111,56.25,112.5,56.25
03-02,112,56.25,112.5,56.25
03-02,113,56.25,112.5,56.25
03-02,114,56.25,112.5,56.25
03-02,115,56.25,112.5,56.25
03-02,116,56.25,112.5,56.25
03-02,117,56.25,112.5,56.25
03-02,118,56.25,112.5,56.25
03-02,119,56.25,98.4375,42.1875
03-02,120,56.25,112.5,56.25
03-02,121,56.25,112.5,56.25
03-02,122,56.25,98.4375,42.1875
03-02,123,56.25,112.5,56.25
03-02,124,56.25,112.5,56.25
03-02,125,56.25,112.5,56.25
03-02,126,56.25,91.40625,35.15625
03-02,127,56.25,112.5,56.25
03-02,128,56.25,84.375,28.125
03-02,129,56.25,112.5,56.25
03-02,130,56.25,112.5,56.25
03-02,131,56.25,112.5,56.25
03-02,132,56.25,112.5,56.25
03-02,133,56.25,112.5,56.25
03-02,134,56.25,112.5,56.25
03-02,135,56.25,112.5,56.25
03-02,136,56.25,105.46875,49.21875
03-02,137,56.25,105.46875,49.21875
03-02,138,56.25,105.46875,49.21875
03-02,139,56.25,105.46875,49.21875
03-02,140,56.25,112.5,56.25
03-02,141,56.25,105.46875,49.21875
03-02,142,56.25,112.5,56.25
03-02,143,56.25,112.5,56.25
03-02,144,56.25,112.5,56.25
03-02,145,56.25,105.46875,49.21875
03-02,146,56.25,112.5,56.25
03-02,147,56.25,105.46875,49.21875
03-02,148,56.25,112.5,56.25
03-02,149,56.25,105.46875,49.21875
03-02,150,56.25,112.5,56.25
03-02,151,56.25,112.5,56.25
03-02,152,56.25,105.46875,49.21875
03-02,153,56.25,98.4375,42.1875
03-02,154,56.25,98.4375,42.1875
03-02,155,56.25,98.4375,42.1875
03-02,156,56.25,105.46875,49.21875
03-02,157,56.25,112.5,56.25
03-02,158,56.25,112.5,56.25
03-02,159,56.25,112.5,56.25
03-02,160,56.25,112.5,56.25
03-02,161,56.25,98.4375,42.1875
03-02,162,56.25,98.4375,42.1875
03-02,163,56.25,98.4375,42.1875
03-02,164,56.25,98.4375,42.1875
03-02,165,56.25,112.5,56.25
03-02,166,56.25,112.5,56.25
03-02,167,56.25,112.5,56.25
03-02,168,56.25,112.5,56.25
03-02,169,56.25,112.5,56.25
03-02,170,56.25,112.5,56.25
03-02,171,56.25,112.5,56.25
03-02,172,56.25,112.5,56.25
03-02,173,56.25,112.5,56.25
03-02,174,56.25,112.5,56.25
03-02,175,56.25,112.5,56.25
03-03,0,56.25,112.5,56.25
03-03,1,56.25,112.5,56.25
03-03,2,56.25,112.5,56.25
03-03,3,56.25,112.5,56.25
03-03,4,56.25,112.5,56.25
03-03,5,56.25,112.5,56.25
03-03,6,56.25,105.46875,49.21875
03-03,7,56.25,98.4375,42.1875
03-03,8,56.25,105.46875,49.21875
03-03,9,56.25,105.46875,49.21875
03-03,10,56.25,112.5,56.25
03-03,11,56.25,112.5,56.25
03-03,12,56.25,112.5,56.25
03-03,13,56.25,112.5,56.25
03-03,14,56.25,112.5,56.25
03-03,15,56.25,105.46875,49.21875
03-03,16,56.25,105.46875,49.21875
03-03,17,56.25,112.5,56.25
03-03,18,56.25,98.4375,42.1875
03-03,19,56.25,112.5,56.25
03-03,20,119.53125,112.5,-7.03125
03-03,21,119.53125,112.5,-7.03125
03-03,22,119.53125,112.5,-7.03125
03-03,23,119.53125,112.5,-7.03125
03-03,24,119.53125,112.5,-7.03125
03-03,25,119.53125,112.5,-7.03125
03-03,26,119.53125,112.5,-7.03125
03-03,27,119.53125,98.4375,-21.09375
03-03,28,119.53125,112.5,-7.03125
03-03,29,119.53125,112.5,-7.03125
03-03,30,119.53125,112.5,-7.03125
03-03,31,119.53125,112.5,-7.03125
03-03,32,56.25,112.5,56.25
03-03,33,56.25,112.5,56.25
03-03,34,56.25,112.5,56.25
03-03,35,56.25,112.5,56.25
03-03,36,56.25,112.5,56.25
03-03,37,56.25,112.5,56.25
03-03,38,56.25,112.5,56.25
03-03,39,56.25,98.4375,42.1875
03-03,40,56.25,112.5,56.25
03-03,41,56.25,112.5,56.25
03-03,42,56.25,112.5,56.25
03-03,43,56.25,112.5,56.25
03-03,44,56.25,112.5,56.25
03-03,45,56.25,112.5,56.25
03-03,46,56.25,98.4375,42.1875
03-03,47,56.25,112.5,56.25
03-03,48,56.25,112.5,56.25
03-03,49,56.25,105.46875,49.21875
03-03,50,56.25,98.4375,42.1875
03-03,51,56.25,105.46875,49.21875
03-03,52,56.25,105.46875,49.21875
03-03,53,56.25,112.5,56.25
03-03,54,56.25,112.5,56.25
03-03,55,56.25,105.46875,49.21875
03-03,56,56.25,105.46875,49.21875
03-03,57,119.53125,112.5,-7.03125
03-03,58,119.53125,112.5,-7.03125
03-03,59,119.53125,91.40625,-28.125
03-03,60,119.53125,112.5,-7.03125
03-03,61,119.53125,112.5,-7.03125
03-03,62,119.53125,112.5,-7.03125
03-03,63,119.53125,112.5,-7.03125
03-03,64,119.53125,112.5,-7.03125
03-03,65,119.53125,112.5,-7.03125
03-03,66,119.53125,112.5,-7.03125
03-03,67,119.53125,112.5,-7.03125
03-03,68,56.25,112.5,56.25
03-03,69,56.25,112.5,56.25
03-03,70,56.25,112.5,56.25
03-03,71,56.25,91.40625,35.15625
03-03,72,56.25,112.5,56.25
03-03,73,56.25,112.5,56.25
03-03,74,56.25,112.5,56.25
03-03,75,56.25,112.5,56.25
03-03,76,56.25,112.5,56.25
03-03,77,56.25,112.5,56.25
03-03,78,56.25,112.5,56.25
03-03,79,56.25,112.5,56.25
03-03,80,56.25,112.5,56.25
03-03,81,56.25,112.5,56.25
03-03,82,56.25,112.5,56.25
03-03,83,56.25,112.5,56.25
03-03,84,56.25,112.5,56.25
03-03,85,56.25,112.5,56.25
03-03,86,56.25,112.5,56.25
03-03,87,56.25,98.4375,42.1875
03-03,88,56.25,112.5,56.25
03-03,89,56.25,98.4375,42.1875
03-03,90,56.25,98.4375,42.1875
03-03,91,56.25,98.4375,42.1875
03-03,92,56.25,112.5,56.25
03-03,93,56.25,112.5,56.25
03-03,94,56.25,112.5,56.25
03-03,95,56.25,112.5,56.25
03-03,96,56.25,112.5,56.25
03-03,97,56.25,112.5,56.25
03-03,98,56.25,112.5,56.25
03-03,99,56.25,112.5,56.25
03-03,100,56.25,91.40625,35.15625
03-03,101,56.25,112.5,56.25
03-03,102,56.25,112.5,56.25
03-03,103,56.25,112.5,56.25
03-03,104,56.25,112.5,56.25
03-03,105,56.25,112.5,56.25
03-03,106,56.25,105.46875,49.21875
03-03,107,56.25,105.46875,49.21875
03-03,108,56.25,112.5,56.25
03-03,109,56.25,112.5,56.25
03-03,110,56.25,105.46875,49.21875
03-03,111,56.25,112.5,56.25
03-03,112,56.25,98.4375,42.1875
03-03,113,56.25,112.5,56.25
03-03,114,56.25,112.5,56.25
03-03,115,56.25,112.5,56.25
03-03,116,56.25,112.5,56.25
03-03,117,56.25,112.5,56.25
03-03,118,56.25,112.5,56.25
03-03,119,56.25,112.5,56.25
03-03,120,56.25,112.5,56.25
03-03,121,56.25,112.5,56.25
03-03,122,56.25,98.4375,42.1875
03-03,123,56.25,112.5,56.25
03-03,124,56.25,98.4375,42.1875
03-03,125,56.25,112.5,56.25
03-03,126,56.25,112.5,56.25
03-03,127,56.25,112.5,56.25
03-03,128,56.25,112.5,56.25
03-03,129,56.25,112.5,56.25
03-03,130,56.25,98.4375,42.1875
03-03,131,56.25,84.375,28.125
03-03,132,56.25,112.5,56.25
03-03,133,56.25,112.5,56.25
03-03,134,56.25,112.5,56.25
03-03,135,56.25,112.5,56.25
03-03,136,56.25,112.5,56.25
03-03,137,56.25,112.5,56.25
03-03,138,56.25,112.5,56.25
03-03,139,56.25,112.5,56.25
03-03,140,56.25,112.5,56.25
03-03,141,56.25,105.46875,49.21875
03-03,142,56.25,105.46875,49.21875
03-03,143,56.25,105.46875,49.21875
03-03,144,56.25,105.46875,49.21875
03-03,145,56.25,112.5,56.25
03-03,146,56.25,105.46875,49.21875
03-03,147,56.25,105.46875,49.21875
03-03,148,56.25,112.5,56.25
03-03,149,56.25,98.4375,42.1875
03-03,150,56.25,98.4375,42.1875
03-03,151,56.25,105.46875,49.21875
03-03,152,56.25,105.46875,49.21875
03-03,153,56.25,112.5,56.25
03-03,154,56.25,98.4375,42.1875
03-03,155,56.25,112.5,56.25
03-03,156,56.25,112.5,56.25
03-03,157,56.25,98.4375,42.1875
03-03,158,56.25,112.5,56.25
03-03,159,56.25,112.5,56.25
03-03,160,56.25,112.5,56.25
03-03,161,56.25,112.5,56.25
03-03,162,56.25,91.40625,35.15625
03-03,163,56.25,112.5,56.25
03-03,164,56.25,112.5,56.25
03-03,165,56.25,112.5,56.25
03-03,166,56.25,112.5,56.25
03-03,167,56.25,112.5,56.25
03-03,168,56.25,112.5,56.25
03-03,169,56.25,112.5,56.25
03-03,170,56.25,112.5,56.25
03-03,171,56.25,112.5,56.25
03-03,172,56.25,112.5,56.25
03-03,173,56.25,112.5,56.25
03-03,174,56.25,112.5,56.25
03-03,175,56.25,112.5,56.25
03-03,176,56.25,112.5,56.25
03-03,177,56.25,112.5,56.25
03-03,178,56.25,98.4375,42.1875
03-03,179,56.25,112.5,56.25
03-03,180,56.25,98.4375,42.1875
03-03,181,56.25,112.5,56.25
03-03,182,56.25,112.5,56.25
03-03,183,56.25,112.5,56.25
03-03,184,56.25,112.5,56.25
03-03,185,56.25,112.5,56.25
03-03,186,56.25,112.5,56.25
03-03,187,56.25,112.5,56.25
03-03,188,56.25,112.5,56.25
03-03,189,56.25,105.46875,49.21875
03-03,190,56.25,105.46875,49.21875
03-03,191,56.25,105.46875,49.21875
03-03,192,56.25,105.46875,49.21875
03-03,193,56.25,112.5,56.25
03-04,0,56.25,105.46875,49.21875
03-04,1,56.25,105.46875,49.21875
03-04,2,56.25,105.46875,49.21875
03-04,3,56.25,112.5,56.25
03-04,4,56.25,112.5,56.25
03-04,5,56.25,112.5,56.25
03-04,6,56.25,112.5,56.25
03-04,7,56.25,112.5,56.25
03-04,8,56.25,112.5,56.25
03-04,9,56.25,112.5,56.25
03-04,10,56.25,112.5,56.25
03-04,11,56.25,112.5,56.25
03-04,12,56.25,112.5,56.25
03-04,13,56.25,112.5,56.25
03-04,14,56.25,112.5,56.25
03-04,15,56.25,112.5,56.25
03-04,16,56.25,112.5,56.25
03-04,17,56.25,112.5,56.25
03-04,18,56.25,112.5,56.25
03-04,19,56.25,112.5,56.25
03-04,20,56.25,112.5,56.25
03-04,21,56.25,112.5,56.25
03-04,22,56.25,112.5,56.25
03-04,23,56.25,112.5,56.25
03-04,24,56.25,112.5,56.25
03-04,25,56.25,91.40625,35.15625
03-04,26,56.25,112.5,56.25
03-04,27,56.25,98.4375,42.1875
03-04,28,56.25,112.5,56.25
03-04,29,56.25,98.4375,42.1875
03-04,30,56.25,112.5,56.25
03-04,31,56.25,112.5,56.25
03-04,32,56.25,112.5,56.25
03-04,33,56.25,112.5,56.25
03-04,34,56.25,112.5,56.25
03-04,35,56.25,112.5,56.25
03-04,36,56.25,112.5,56.25
03-04,37,56.25,112.5,56.25
03-04,38,56.25,112.5,56.25
03-04,39,56.25,112.5,56.25
03-04,40,56.25,98.4375,42.1875
03-04,41,56.25,112.5,56.25
03-04,42,56.25,112.5,56.25
03-04,43,56.25,112.5,56.25
03-04,44,56.25,112.5,56.25
03-04,45,56.25,112.5,56.25
03-04,46,56.25,112.5,56.25
03-04,47,56.25,112.5,56.25
03-04,48,56.25,112.5,56.25
03-04,49,56.25,112.5,56.25
03-04,50,56.25,112.5,56.25
03-04,51,56.25,112.5,56.25
03-04,52,56.25,112.5,56.25
03-04,53,56.25,112.5,56.25
03-04,54,56.25,112.5,56.25
03-04,55,56.25,105.46875,49.21875
03-04,56,56.25,112.5,56.25
03-04,57,56.25,98.4375,42.1875
03-04,58,56.25,112.5,56.25
03-04,59,56.25,112.5,56.25
03-04,60,56.25,112.5,56.25
03-04,61,56.25,112.5,56.25
03-04,62,56.25,105.46875,49.21875
03-04,63,56.25,112.5,56.25
03-04,64,56.25,112.5,56.25
03-04,65,56.25,112.5,56.25
03-04,66,56.25,112.5,56.25
03-04,67,56.25,112.5,56.25
03-04,68,56.25,98.4375,42.1875
03-04,69,56.25,112.5,56.25
03-04,70,56.25,112.5,56.25
03-04,71,56.25,112.5,56.25
03-04,72,56.25,112.5,56.25
03-04,73,56.25,112.5,56.25
03-04,74,56.25,112.5,56.25
03-04,75,56.25,112.5,56.25
03-04,76,56.25,112.5,56.25
03-04,77,56.25,112.5,56.25
03-04,78,56.25,91.40625,35.15625
03-04,79,56.25,112.5,56.25
03-04,80,56.25,112.5,56.25
03-04,81,56.25,112.5,56.25
03-04,82,56.25,105.46875,49.21875
03-04,83,56.25,84.375,28.125
03-04,84,56.25,112.5,56.25
03-04,85,56.25,112.5,56.25
03-04,86,56.25,112.5,56.25
03-04,87,56.25,112.5,56.25
03-04,88,56.25,105.46875,49.21875
03-04,89,56.25,112.5,56.25
03-04,90,56.25,91.40625,35.15625
03-04,91,56.25,112.5,56.25
03-04,92,56.25,112.5,56.25
03-04,93,56.25,112.5,56.25
03-04,94,56.25,112.5,56.25
03-04,95,56.25,112.5,56.25
03-04,96,56.25,112.5,56.25
03-04,97,56.25,112.5,56.25
03-04,98,56.25,105.46875,49.21875
03-04,99,56.25,105.46875,49.21875
03-04,100,56.25,105.46875,49.21875
03-04,101,56.25,105.46875,49.21875
03-04,102,56.25,105.46875,49.21875
03-04,103,56.25,112.5,56.25
03-04,104,56.25,112.5,56.25
03-04,105,56.25,112.5,56.25
03-04,106,56.25,112.5,56.25
03-04,107,56.25,112.5,56.25
03-04,108,56.25,112.5,56.25
03-04,109,56.25,112.5,56.25
03-04,110,56.25,112.5,56.25
03-04,111,56.25,91.40625,35.15625
03-04,112,56.25,112.5,56.25
03-04,113,56.25,112.5,56.25
03-04,114,56.25,112.5,56.25
03-04,115,56.25,112.5,56.25
03-04,116,56.25,112.5,56.25
03-04,117,56.25,112.5,56.25
03-04,118,56.25,112.5,56.25
03-04,119,56.25,105.46875,49.21875
03-04,120,56.25,112.5,56.25
03-04,121,56.25,112.5,56.25
03-04,122,56.25,112.5,56.25
03-04,123,56.25,112.5,56.25
03-04,124,56.25,112.5,56.25
03-04,125,56.25,112.5,56.25
03-04,126,56.25,112.5,56.25
03-04,127,56.25,112.5,56.25
03-04,128,56.25,112.5,56.25
03-04,129,56.25,112.5,56.25
03-04,130,56.25,98.4375,42.1875
03-04,131,56.25,112.5,56.25
03-04,132,56.25,112.5,56.25
03-04,133,56.25,112.5,56.25
03-04,134,56.25,105.46875,49.21875
03-04,135,56.25,112.5,56.25
03-04,136,56.25,98.4375,42.1875
03-04,137,56.25,112.5,56.25
03-04,138,56.25,112.5,56.25
03-04,139,56.25,112.5,56.25
03-04,140,56.25,112.5,56.25
03-04,141,56.25,112.5,56.25
03-04,142,56.25,98.4375,42.1875
03-04,143,56.25,112.5,56.25
03-04,144,56.25,84.375,28.125
03-04,145,56.25,112.5,56.25
03-04,146,56.25,112.5,56.25
03-04,147,56.25,112.5,56.25
03-04,148,56.25,112.5,56.25
03-04,149,56.25,112.5,56.25
03-04,150,56.25,112.5,56.25
03-04,151,56.25,112.5,56.25
03-04,152,56.25,112.5,56.25
03-04,153,56.25,112.5,56.25
03-04,154,56.25,105.46875,49.21875
03-04,155,56.25,112.5,56.25
03-04,156,56.25,112.5,56.25
03-04,157,56.25,112.5,56.25
03-04,158,56.25,112.5,56.25
03-04,159,56.25,112.5,56.25
03-04,160,56.25,112.5,56.25
03-04,161,56.25,112.5,56.25
03-04,162,56.25,112.5,56.25
03-04,163,56.25,112.5,56.25
03-04,164,56.25,112.5,56.25
03-04,165,56.25,91.40625,35.15625
03-04,166,56.25,112.5,56.25
03-04,167,56.25,91.40625,35.15625
03-04,168,56.25,112.5,56.25
03-04,169,56.25,112.5,56.25
03-04,170,56.25,84.375,28.125
03-04,171,56.25,91.40625,35.15625
03-04,172,56.25,105.46875,49.21875
03-04,173,56.25,105.46875,49.21875
03-04,174,56.25,105.46875,49.21875
03-04,175,56.25,98.4375,42.1875
03-04,176,56.25,98.4375,42.1875
03-04,177,56.25,105.46875,49.21875
03-04,178,56.25,98.4375,42.1875
03-04,179,56.25,112.5,56.25
03-04,180,56.25,112.5,56.25
03-04,181,56.25,112.5,56.25
03-04,182,56.25,112.5,56.25
03-04,183,56.25,112.5,56.25
03-04,184,56.25,112.5,56.25
03-04,185,56.25,112.5,56.25
03-04,186,56.25,112.5,56.25
03-04,187,56.25,112.5,56.25
03-04,188,56.25,105.46875,49.21875
03-04,189,56.25,112.5,56.25
03-04,190,56.25,112.5,56.25
03-04,191,56.25,98.4375,42.1875
03-04,192,56.25,112.5,56.25
03-04,193,56.25,105.46875,49.21875
03-04,194,56.25,98.4375,42.1875
03-04,195,56.25,98.4375,42.1875
03-04,196,56.25,112.5,56.25
03-04,197,56.25,98.4375,42.1875
03-05,0,105.46875,105.46875,0.0
03-05,1,105.46875,112.5,7.03125
03-05,2,105.46875,112.5,7.03125
03-05,3,105.46875,112.5,7.03125
03-05,4,105.46875,112.5,7.03125
03-05,5,105.46875,105.46875,0.0
03-05,6,105.46875,112.5,7.03125
03-05,7,105.46875,119.53125,14.0625
03-05,8,105.46875,112.5,7.03125
03-05,9,105.46875,98.4375,-7.03125
03-05,10,105.46875,98.4375,-7.03125
03-05,11,105.46875,112.5,7.03125
03-05,12,105.46875,112.5,7.03125
03-05,13,105.46875,112.5,7.03125
03-05,14,105.46875,105.46875,0.0
03-05,15,105.46875,112.5,7.03125
03-05,16,105.46875,112.5,7.03125
03-05,17,105.46875,91.40625,-14.0625
03-05,18,105.46875,112.5,7.03125
03-05,19,105.46875,112.5,7.03125
03-05,20,56.25,112.5,56.25
03-05,21,56.25,112.5,56.25
03-05,22,56.25,112.5,56.25
03-05,23,56.25,112.5,56.25
03-05,24,56.25,112.5,56.25
03-05,25,56.25,112.5,56.25
03-05,26,56.25,112.5,56.25
03-05,27,56.25,112.5,56.25
03-05,28,56.25,112.5,56.25
03-05,29,56.25,112.5,56.25
03-05,30,56.25,112.5,56.25
03-05,31,56.25,112.5,56.25
03-05,32,56.25,105.46875,49.21875
03-05,33,56.25,112.5,56.25
03-05,34,56.25,105.46875,49.21875
03-05,35,56.25,112.5,56.25
03-05,36,56.25,112.5,56.25
03-05,37,56.25,91.40625,35.15625
03-05,38,56.25,91.40625,35.15625
03-05,39,56.25,112.5,56.25
03-05,40,56.25,112.5,56.25
03-05,41,56.25,98.4375,42.1875
03-05,42,56.25,98.4375,42.1875
03-05,43,56.25,98.4375,42.1875
03-05,44,56.25,112.5,56.25
03-05,45,56.25,91.40625,35.15625
03-05,46,56.25,112.5,56.25
03-05,47,56.25,112.5,56.25
03-05,48,56.25,112.5,56.25
03-05,49,56.25,112.5,56.25
03-05,50,56.25,112.5,56.25
03-05,51,56.25,105.46875,49.21875
03-05,52,56.25,105.46875,49.21875
03-05,53,56.25,105.46875,49.21875
03-05,54,56.25,112.5,56.25
03-05,55,56.25,105.46875,49.21875
03-05,56,56.25,105.46875,49.21875
03-05,57,56.25,112.5,56.25
03-05,58,56.25,98.4375,42.1875
03-05,59,56.25,105.46875,49.21875
03-05,60,56.25,105.46875,49.21875
03-05,61,56.25,112.5,56.25
03-05,62,56.25,105.46875,49.21875
03-05,63,56.25,98.4375,42.1875
03-05,64,56.25,112.5,56.25
03-05,65,56.25,105.46875,49.21875
03-05,66,56.25,105.46875,49.21875
03-05,67,56.25,105.46875,49.21875
03-05,68,56.25,105.46875,49.21875
03-05,69,56.25,105.46875,49.21875
03-05,70,56.25,105.46875,49.21875
03-05,71,56.25,98.4375,42.1875
03-05,72,56.25,105.46875,49.21875
03-05,73,56.25,112.5,56.25
03-05,74,56.25,112.5,56.25
03-05,75,56.25,105.46875,49.21875
03-05,76,56.25,105.46875,49.21875
03-05,77,56.25,112.5,56.25
03-05,78,56.25,112.5,56.25
03-05,79,56.25,112.5,56.25
03-05,80,56.25,112.5,56.25
03-05,81,56.25,112.5,56.25
03-05,82,56.25,112.5,56.25
03-05,83,56.25,112.5,56.25
03-05,84,56.25,98.4375,42.1875
03-05,85,56.25,98.4375,42.1875
03-05,86,56.25,98.4375,42.1875
03-05,87,56.25,98.4375,42.1875
03-05,88,56.25,98.4375,42.1875
03-05,89,56.25,98.4375,42.1875
03-05,90,56.25,98.4375,42.1875
03-05,91,56.25,98.4375,42.1875
03-05,92,56.25,105.46875,49.21875
03-05,93,56.25,105.46875,49.21875
03-05,94,56.25,112.5,56.25
03-05,95,56.25,105.46875,49.21875
03-05,96,56.25,112.5,56.25
03-05,97,56.25,112.5,56.25
03-05,98,56.25,105.46875,49.21875
03-05,99,56.25,119.53125,63.28125
03-05,100,56.25,119.53125,63.28125
03-05,101,56.25,112.5,56.25
03-05,102,56.25,112.5,56.25
03-05,103,56.25,105.46875,49.21875
03-05,104,56.25,112.5,56.25
03-05,105,56.25,112.5,56.25
03-05,106,56.25,112.5,56.25
03-05,107,56.25,105.46875,49.21875
03-05,108,56.25,112.5,56.25
03-05,109,56.25,98.4375,42.1875
03-05,110,56.25,98.4375,42.1875
03-05,111,56.25,98.4375,42.1875
03-05,112,56.25,98.4375,42.1875
03-05,113,56.25,105.46875,49.21875
03-05,114,56.25,105.46875,49.21875
03-05,115,56.25,112.5,56.25
03-05,116,56.25,112.5,56.25
03-05,117,56.25,112.5,56.25
03-05,118,56.25,105.46875,49.21875
03-05,119,56.25,98.4375,42.1875
03-05,120,56.25,112.5,56.25
03-05,121,56.25,105.46875,49.21875
03-05,122,56.25,112.5,56.25
03-05,123,56.25,112.5,56.25
03-05,124,56.25,98.4375,42.1875
03-05,125,56.25,112.5,56.25
03-05,126,56.25,105.46875,49.21875
03-05,127,56.25,112.5,56.25
03-05,128,56.25,112.5,56.25
03-05,129,56.25,112.5,56.25
03-05,130,56.25,105.46875,49.21875
03-05,131,56.25,119.53125,63.28125
03-05,132,56.25,126.5625,70.3125
03-05,133,56.25,112.5,56.25
03-05,134,56.25,112.5,56.25
03-05,135,56.25,98.4375,42.1875
03-05,136,56.25,112.5,56.25
03-05,137,56.25,98.4375,42.1875
03-05,138,56.25,105.46875,49.21875
03-05,139,56.25,105.46875,49.21875
03-05,140,56.25,105.46875,49.21875
03-05,141,56.25,105.46875,49.21875
03-05,142,56.25,105.46875,49.21875
03-05,143,56.25,98.4375,42.1875
03-05,144,56.25,98.4375,42.1875
03-05,145,56.25,112.5,56.25
03-05,146,56.25,98.4375,42.1875
03-05,147,56.25,98.4375,42.1875
03-05,148,56.25,112.5,56.25
03-05,149,56.25,112.5,56.25
03-05,150,56.25,91.40625,35.15625
03-05,151,56.25,91.40625,35.15625
03-05,152,56.25,91.40625,35.15625
03-05,153,56.25,112.5,56.25
03-05,154,56.25,112.5,56.25
03-05,155,56.25,112.5,56.25
03-05,156,56.25,112.5,56.25
03-05,157,56.25,112.5,56.25
03-05,158,56.25,112.5,56.25
03-05,159,56.25,112.5,56.25
03-05,160,56.25,105.46875,49.21875
03-05,161,56.25,112.5,56.25
03-05,162,56.25,112.5,56.25
03-05,163,56.25,112.5,56.25
03-05,164,56.25,112.5,56.25
03-05,165,56.25,112.5,56.25
03-05,166,56.25,112.5,56.25
03-06,0,63.28125,112.5,49.21875
03-06,1,63.28125,98.4375,35.15625
03-06,2,63.28125,112.5,49.21875
03-06,3,63.28125,112.5,49.21875
03-06,4,63.28125,112.5,49.21875
03-06,5,63.28125,112.5,49.21875
03-06,6,63.28125,112.5,49.21875
03-06,7,63.28125,112.5,49.21875
03-06,8,63.28125,112.5,49.21875
03-06,9,63.28125,112.5,49.21875
03-06,10,56.25,112.5,56.25
03-06,11,56.25,112.5,56.25
03-06,12,56.25,112.5,56.25
03-06,13,56.25,112.5,56.25
03-06,14,56.25,105.46875,49.21875
03-06,15,56.25,112.5,56.25
03-06,16,56.25,112.5,56.25
03-06,17,56.25,112.5,56.25
03-06,18,56.25,98.4375,42.1875
03-06,19,56.25,98.4375,42.1875
03-06,20,56.25,98.4375,42.1875
03-06,21,56.25,105.46875,49.21875
03-06,22,56.25,105.46875,49.21875
03-06,23,56.25,112.5,56.25
03-06,24,56.25,112.5,56.25
03-06,25,56.25,112.5,56.25
03-06,26,56.25,105.46875,49.21875
03-06,27,56.25,112.5,56.25
03-06,28,56.25,112.5,56.25
03-06,29,56.25,112.5,56.25
03-06,30,56.25,112.5,56.25
03-06,31,119.53125,112.5,-7.03125
03-06,32,119.53125,98.4375,-21.09375
03-06,33,119.53125,98.4375,-21.09375
03-06,34,119.53125,91.40625,-28.125
03-06,35,119.53125,91.40625,-28.125
03-06,36,119.53125,91.40625,-28.125
03-06,37,119.53125,91.40625,-28.125
03-06,38,63.28125,98.4375,35.15625
03-06,39,63.28125,105.46875,42.1875
03-06,40,63.28125,98.4375,35.15625
03-06,41,63.28125,98.4375,35.15625
03-06,42,63.28125,105.46875,42.1875
03-06,43,63.28125,98.4375,35.15625
03-06,44,63.28125,98.4375,35.15625
03-06,45,63.28125,112.5,49.21875
03-06,46,63.28125,105.46875,42.1875
03-06,47,63.28125,105.46875,42.1875
03-06,48,63.28125,112.5,49.21875
03-06,49,63.28125,112.5,49.21875
03-06,50,63.28125,105.46875,42.1875
03-06,51,63.28125,105.46875,42.1875
03-06,52,63.28125,105.46875,42.1875
03-06,53,63.28125,112.5,49.21875
03-06,54,63.28125,112.5,49.21875
03-06,55,63.28125,112.5,49.21875
03-06,56,63.28125,112.5,49.21875
03-06,57,63.28125,112.5,49.21875
03-06,58,63.28125,91.40625,28.125
03-06,59,63.28125,112.5,49.21875
03-06,60,63.28125,112.5,49.21875
03-06,61,63.28125,112.5,49.21875
03-06,62,63.28125,112.5,49.21875
03-06,63,63.28125,98.4375,35.15625
03-06,64,63.28125,112.5,49.21875
03-06,65,63.28125,98.4375,35.15625
03-06,66,63.28125,98.4375,35.15625
03-06,67,63.28125,98.4375,35.15625
03-06,68,63.28125,98.4375,35.15625
03-06,69,63.28125,98.4375,35.15625
03-06,70,63.28125,105.46875,42.1875
03-06,71,63.28125,105.46875,42.1875
03-06,72,63.28125,105.46875,42.1875
03-06,73,63.28125,105.46875,42.1875
03-06,74,63.28125,105.46875,42.1875
03-06,75,119.53125,105.46875,-14.0625
03-06,76,119.53125,112.5,-7.03125
03-06,77,119.53125,98.4375,-21.09375
03-06,78,119.53125,98.4375,-21.09375
03-06,79,56.25,98.4375,42.1875
03-06,80,56.25,98.4375,42.1875
03-06,81,56.25,91.40625,35.15625
03-06,82,56.25,98.4375,42.1875
03-06,83,56.25,112.5,56.25
03-06,84,56.25,98.4375,42.1875
03-06,85,56.25,98.4375,42.1875
03-06,86,56.25,112.5,56.25
03-06,87,56.25,112.5,56.25
03-06,88,56.25,91.40625,35.15625
03-06,89,56.25,112.5,56.25
03-06,90,56.25,112.5,56.25
03-06,91,56.25,112.5,56.25
03-06,92,56.25,105.46875,49.21875
03-06,93,56.25,105.46875,49.21875
03-06,94,56.25,105.46875,49.21875
03-06,95,56.25,105.46875,49.21875
03-06,96,56.25,105.46875,49.21875
03-06,97,56.25,105.46875,49.21875
03-06,98,56.25,98.4375,42.1875
03-06,99,56.25,105.46875,49.21875
03-06,100,56.25,105.46875,49.21875
03-06,101,56.25,112.5,56.25
03-06,102,56.25,105.46875,49.21875
03-06,103,56.25,105.46875,49.21875
03-06,104,56.25,112.5,56.25
03-06,105,56.25,112.5,56.25
03-06,106,56.25,105.46875,49.21875
03-06,107,56.25,105.46875,49.21875
03-06,108,56.25,105.46875,49.21875
03-06,109,56.25,105.46875,49.21875
03-06,110,56.25,98.4375,42.1875
03-06,111,56.25,105.46875,49.21875
03-06,112,56.25,112.5,56.25
03-06,113,56.25,112.5,56.25
03-06,114,56.25,112.5,56.25
03-06,115,56.25,105.46875,49.21875
03-06,116,56.25,112.5,56.25
03-06,117,56.25,105.46875,49.21875
03-06,118,56.25,105.46875,49.21875
03-06,119,56.25,112.5,56.25
03-06,120,56.25,112.5,56.25
03-06,121,56.25,105.46875,49.21875
03-06,122,56.25,98.4375,42.1875
03-06,123,56.25,91.40625,35.15625
03-06,124,56.25,98.4375,42.1875
03-06,125,56.25,98.4375,42.1875
03-06,126,56.25,105.46875,49.21875
03-06,127,56.25,105.46875,49.21875
03-06,128,56.25,105.46875,49.21875
03-06,129,56.25,112.5,56.25
03-06,130,56.25,112.5,56.25
03-06,131,56.25,105.46875,49.21875
03-06,132,56.25,112.5,56.25
03-06,133,56.25,42.1875,-14.0625
03-06,134,56.25,42.1875,-14.0625
03-06,135,56.25,112.5,56.25
03-06,136,56.25,119.53125,63.28125
03-06,137,56.25,42.1875,-14.0625
03-06,138,56.25,105.46875,49.21875
03-06,139,56.25,105.46875,49.21875
03-06,140,56.25,105.46875,49.21875
03-06,141,56.25,105.46875,49.21875
03-06,142,56.25,105.46875,49.21875
03-06,143,56.25,112.5,56.25
03-06,144,56.25,98.4375,42.1875
03-06,145,56.25,112.5,56.25
03-06,146,56.25,91.40625,35.15625
03-06,147,56.25,98.4375,42.1875
03-06,148,56.25,98.4375,42.1875
03-06,149,56.25,98.4375,42.1875
03-06,150,56.25,91.40625,35.15625
03-06,151,56.25,98.4375,42.1875
03-06,152,56.25,98.4375,42.1875
03-06,153,56.25,98.4375,42.1875
03-06,154,56.25,98.4375,42.1875
03-06,155,56.25,98.4375,42.1875
03-06,156,56.25,105.46875,49.21875
03-06,157,56.25,112.5,56.25
03-06,158,56.25,91.40625,35.15625
03-06,159,56.25,84.375,28.125
03-06,160,56.25,98.4375,42.1875
03-06,161,56.25,98.4375,42.1875
03-06,162,105.46875,105.46875,0.0
03-06,163,105.46875,112.5,7.03125
03-06,164,105.46875,112.5,7.03125
03-06,165,105.46875,105.46875,0.0
03-06,166,105.46875,105.46875,0.0
03-06,167,105.46875,112.5,7.03125
03-06,168,105.46875,112.5,7.03125
04-01,0,56.25,112.5,56.25
04-01,1,56.25,112.5,56.25
04-01,2,56.25,98.4375,42.1875
04-01,3,56.25,112.5,56.25
04-01,4,56.25,112.5,56.25
04-01,5,56.25,91.40625,35.15625
04-01,6,56.25,112.5,56.25
04-01,7,56.25,112.5,56.25
04-01,8,56.25,112.5,56.25
04-01,9,56.25,112.5,56.25
04-01,10,56.25,112.5,56.25
04-01,11,56.25,112.5,56.25
04-01,12,56.25,112.5,56.25
04-01,13,56.25,112.5,56.25
04-01,14,56.25,112.5,56.25
04-01,15,56.25,112.5,56.25
04-01,16,56.25,112.5,56.25
04-01,17,56.25,112.5,56.25
04-01,18,56.25,112.5,56.25
04-01,19,56.25,98.4375,42.1875
04-01,20,56.25,112.5,56.25
04-01,21,56.25,112.5,56.25
04-01,22,56.25,112.5,56.25
04-01,23,56.25,112.5,56.25
04-01,24,56.25,112.5,56.25
04-01,25,56.25,112.5,56.25
04-01,26,56.25,112.5,56.25
04-01,27,56.25,112.5,56.25
04-01,28,56.25,112.5,56.25
04-01,29,56.25,98.4375,42.1875
04-01,30,56.25,112.5,56.25
04-01,31,56.25,112.5,56.25
04-01,32,56.25,112.5,56.25
04-01,33,56.25,112.5,56.25
04-01,34,56.25,112.5,56.25
04-01,35,56.25,112.5,56.25
04-01,36,56.25,112.5,56.25
04-01,37,56.25,112.5,56.25
04-01,38,56.25,112.5,56.25
04-01,39,56.25,112.5,56.25
04-01,40,56.25,91.40625,35.15625
04-01,41,56.25,112.5,56.25
04-01,42,56.25,98.4375,42.1875
04-01,43,56.25,112.5,56.25
04-01,44,56.25,112.5,56.25
04-01,45,56.25,98.4375,42.1875
04-01,46,56.25,105.46875,49.21875
04-01,47,56.25,98.4375,42.1875
04-01,48,56.25,98.4375,42.1875
04-01,49,56.25,98.4375,42.1875
04-01,50,56.25,98.4375,42.1875
04-01,51,56.25,91.40625,35.15625
04-01,52,56.25,91.40625,35.15625
04-01,53,56.25,84.375,28.125
04-01,54,56.25,84.375,28.125
04-01,55,56.25,91.40625,35.15625
04-01,56,56.25,112.5,56.25
04-01,57,56.25,112.5,56.25
04-01,58,56.25,98.4375,42.1875
04-01,59,56.25,112.5,56.25
04-01,60,56.25,98.4375,42.1875
04-01,61,56.25,98.4375,42.1875
04-01,62,56.25,112.5,56.25
04-01,63,56.25,98.4375,42.1875
04-01,64,56.25,112.5,56.25
04-01,65,56.25,112.5,56.25
04-01,66,56.25,91.40625,35.15625
04-01,67,56.25,91.40625,35.15625
04-01,68,56.25,91.40625,35.15625
04-01,69,56.25,91.40625,35.15625
04-01,70,56.25,112.5,56.25
04-01,71,56.25,98.4375,42.1875
04-01,72,56.25,112.5,56.25
04-01,73,56.25,112.5,56.25
04-01,74,56.25,112.5,56.25
04-01,75,56.25,98.4375,42.1875
04-01,76,56.25,98.4375,42.1875
04-01,77,56.25,98.4375,42.1875
04-01,78,56.25,98.4375,42.1875
04-01,79,56.25,98.4375,42.1875
04-01,80,56.25,98.4375,42.1875
04-01,81,56.25,91.40625,35.15625
04-01,82,56.25,98.4375,42.1875
04-01,83,56.25,98.4375,42.1875
04-01,84,56.25,112.5,56.25
04-01,85,56.25,98.4375,42.1875
04-01,86,56.25,112.5,56.25
04-01,87,119.53125,98.4375,-21.09375
04-01,88,119.53125,98.4375,-21.09375
04-01,89,119.53125,98.4375,-21.09375
04-01,90,119.53125,98.4375,-21.09375
04-01,91,119.53125,98.4375,-21.09375
04-01,92,63.28125,112.5,49.21875
04-01,93,63.28125,98.4375,35.15625
04-01,94,63.28125,105.46875,42.1875
04-01,95,63.28125,112.5,49.21875
04-01,96,63.28125,112.5,49.21875
04-01,97,63.28125,112.5,49.21875
04-01,98,63.28125,105.46875,42.1875
04-01,99,63.28125,98.4375,35.15625
04-01,100,63.28125,105.46875,42.1875
04-01,101,63.28125,112.5,49.21875
04-01,102,63.28125,98.4375,35.15625
04-01,103,63.28125,112.5,49.21875
04-01,104,63.28125,105.46875,42.1875
04-01,105,63.28125,98.4375,35.15625
04-01,106,63.28125,98.4375,35.15625
04-01,107,63.28125,112.5,49.21875
04-01,108,63.28125,112.5,49.21875
04-01,109,63.28125,112.5,49.21875
04-01,110,63.28125,112.5,49.21875
04-01,111,63.28125,91.40625,28.125
04-01,112,63.28125,112.5,49.21875
04-01,113,63.28125,112.5,49.21875
04-01,114,63.28125,112.5,49.21875
04-01,115,63.28125,112.5,49.21875
04-01,116,63.28125,112.5,49.21875
04-01,117,63.28125,112.5,49.21875
04-01,118,63.28125,112.5,49.21875
04-01,119,63.28125,112.5,49.21875
04-01,120,63.28125,112.5,49.21875
04-01,121,63.28125,112.5,49.21875
04-01,122,63.28125,112.5,49.21875
04-01,123,63.28125,112.5,49.21875
04-01,124,63.28125,91.40625,28.125
04-01,125,70.3125,91.40625,21.09375
04-01,126,70.3125,105.46875,35.15625
04-01,127,63.28125,105.46875,42.1875
04-01,128,63.28125,98.4375,35.15625
04-01,129,63.28125,105.46875,42.1875
04-01,130,63.28125,112.5,49.21875
04-01,131,63.28125,112.5,49.21875
04-01,132,63.28125,112.5,49.21875
04-01,133,63.28125,105.46875,42.1875
04-01,134,63.28125,112.5,49.21875
04-01,135,63.28125,112.5,49.21875
04-01,136,63.28125,112.5,49.21875
04-01,137,63.28125,112.5,49.21875
04-01,138,63.28125,112.5,49.21875
04-01,139,63.28125,112.5,49.21875
04-01,140,63.28125,112.5,49.21875
04-01,141,63.28125,98.4375,35.15625
04-01,142,63.28125,98.4375,35.15625
04-01,143,63.28125,105.46875,42.1875
04-01,144,63.28125,112.5,49.21875
04-01,145,63.28125,112.5,49.21875
04-01,146,63.28125,112.5,49.21875
04-01,147,63.28125,98.4375,35.15625
04-01,148,63.28125,91.40625,28.125
04-01,149,63.28125,105.46875,42.1875
04-01,150,63.28125,112.5,49.21875
04-01,151,63.28125,112.5,49.21875
04-01,152,63.28125,112.5,49.21875
04-01,153,63.28125,112.5,49.21875
04-01,154,63.28125,112.5,49.21875
04-01,155,63.28125,112.5,49.21875
04-01,156,63.28125,112.5,49.21875
04-01,157,63.28125,112.5,49.21875
04-01,158,63.28125,112.5,49.21875
04-01,159,56.25,112.5,56.25
04-01,160,56.25,112.5,56.25
04-01,161,56.25,112.5,56.25
04-01,162,56.25,112.5,56.25
04-01,163,56.25,112.5,56.25
04-01,164,56.25,112.5,56.25
04-01,165,56.25,112.5,56.25
04-01,166,56.25,91.40625,35.15625
04-01,167,56.25,112.5,56.25
04-01,168,56.25,112.5,56.25
04-01,169,56.25,112.5,56.25
04-02,0,63.28125,98.4375,35.15625
04-02,1,63.28125,112.5,49.21875
04-02,2,63.28125,112.5,49.21875
04-02,3,63.28125,112.5,49.21875
04-02,4,63.28125,112.5,49.21875
04-02,5,63.28125,112.5,49.21875
04-02,6,63.28125,112.5,49.21875
04-02,7,70.3125,98.4375,28.125
04-02,8,70.3125,105.46875,35.15625
04-02,9,70.3125,112.5,42.1875
04-02,10,70.3125,84.375,14.0625
04-02,11,70.3125,112.5,42.1875
04-02,12,70.3125,112.5,42.1875
04-02,13,70.3125,112.5,42.1875
04-02,14,70.3125,105.46875,35.15625
04-02,15,70.3125,112.5,42.1875
04-02,16,63.28125,112.5,49.21875
04-02,17,63.28125,112.5,49.21875
04-02,18,63.28125,84.375,21.09375
04-02,19,63.28125,91.40625,28.125
04-02,20,63.28125,91.40625,28.125
04-02,21,63.28125,112.5,49.21875
04-02,22,63.28125,112.5,49.21875
04-02,23,63.28125,98.4375,35.15625
04-02,24,63.28125,98.4375,35.15625
04-02,25,63.28125,98.4375,35.15625
04-02,26,63.28125,105.46875,42.1875
04-02,27,63.28125,105.46875,42.1875
04-02,28,63.28125,105.46875,42.1875
04-02,29,63.28125,105.46875,42.1875
04-02,30,63.28125,112.5,49.21875
04-02,31,63.28125,112.5,49.21875
04-02,32,63.28125,112.5,49.21875
04-02,33,63.28125,112.5,49.21875
04-02,34,63.28125,98.4375,35.15625
04-02,35,63.28125,98.4375,35.15625
04-02,36,63.28125,98.4375,35.15625
04-02,37,63.28125,91.40625,28.125
04-02,38,63.28125,91.40625,28.125
04-02,39,63.28125,84.375,21.09375
04-02,40,63.28125,112.5,49.21875
04-02,41,63.28125,112.5,49.21875
04-02,42,63.28125,112.5,49.21875
04-02,43,63.28125,112.5,49.21875
04-02,44,63.28125,112.5,49.21875
04-02,45,70.3125,112.5,42.1875
04-02,46,70.3125,112.5,42.1875
04-02,47,70.3125,112.5,42.1875
04-02,48,70.3125,112.5,42.1875
04-02,49,56.25,112.5,56.25
04-02,50,56.25,105.46875,49.21875
04-02,51,56.25,98.4375,42.1875
04-02,52,56.25,105.46875,49.21875
04-02,53,56.25,112.5,56.25
04-02,54,56.25,98.4375,42.1875
04-02,55,56.25,112.5,56.25
04-02,56,56.25,105.46875,49.21875
04-02,57,63.28125,112.5,49.21875
04-02,58,63.28125,112.5,49.21875
04-02,59,63.28125,112.5,49.21875
04-02,60,63.28125,105.46875,42.1875
04-02,61,63.28125,105.46875,42.1875
04-02,62,63.28125,112.5,49.21875
04-02,63,63.28125,112.5,49.21875
04-02,64,63.28125,112.5,49.21875
04-02,65,63.28125,112.5,49.21875
04-02,66,63.28125,112.5,49.21875
04-02,67,63.28125,105.46875,42.1875
04-02,68,63.28125,112.5,49.21875
04-02,69,63.28125,112.5,49.21875
04-02,70,63.28125,112.5,49.21875
04-02,71,63.28125,112.5,49.21875
04-02,72,63.28125,112.5,49.21875
04-02,73,63.28125,112.5,49.21875
04-02,74,63.28125,105.46875,42.1875
04-02,75,63.28125,98.4375,35.15625
04-02,76,63.28125,112.5,49.21875
04-02,77,63.28125,105.46875,42.1875
04-02,78,63.28125,105.46875,42.1875
04-02,79,63.28125,112.5,49.21875
04-02,80,63.28125,112.5,49.21875
04-02,81,63.28125,112.5,49.21875
04-02,82,63.28125,112.5,49.21875
04-02,83,63.28125,112.5,49.21875
04-02,84,63.28125,119.53125,56.25
04-02,85,63.28125,105.46875,42.1875
04-02,86,63.28125,112.5,49.21875
04-02,87,63.28125,119.53125,56.25
04-02,88,63.28125,112.5,49.21875
04-02,89,63.28125,105.46875,42.1875
04-02,90,63.28125,112.5,49.21875
04-02,91,63.28125,105.46875,42.1875
04-02,92,63.28125,98.4375,35.15625
04-02,93,63.28125,91.40625,28.125
04-02,94,63.28125,105.46875,42.1875
04-02,95,63.28125,98.4375,35.15625
04-02,96,63.28125,112.5,49.21875
04-02,97,63.28125,112.5,49.21875
04-02,98,63.28125,105.46875,42.1875
04-02,99,63.28125,105.46875,42.1875
04-02,100,63.28125,98.4375,35.15625
04-02,101,70.3125,98.4375,28.125
04-02,102,70.3125,112.5,42.1875
04-02,103,70.3125,91.40625,21.09375
04-02,104,70.3125,98.4375,28.125
04-02,105,70.3125,91.40625,21.09375
04-02,106,70.3125,98.4375,28.125
04-02,107,70.3125,112.5,42.1875
04-02,108,70.3125,112.5,42.1875
04-02,109,70.3125,112.5,42.1875
04-02,110,70.3125,112.5,42.1875
04-02,111,70.3125,112.5,42.1875
04-02,112,70.3125,112.5,42.1875
04-02,113,70.3125,112.5,42.1875
04-02,114,70.3125,119.53125,49.21875
04-02,115,70.3125,105.46875,35.15625
04-02,116,70.3125,119.53125,49.21875
04-02,117,70.3125,112.5,42.1875
04-02,118,70.3125,105.46875,35.15625
04-02,119,70.3125,112.5,42.1875
04-02,120,63.28125,105.46875,42.1875
04-02,121,63.28125,105.46875,42.1875
04-02,122,63.28125,105.46875,42.1875
04-02,123,63.28125,112.5,49.21875
04-02,124,63.28125,112.5,49.21875
04-02,125,63.28125,105.46875,42.1875
04-02,126,63.28125,112.5,49.21875
04-02,127,63.28125,112.5,49.21875
04-02,128,63.28125,112.5,49.21875
04-02,129,63.28125,112.5,49.21875
04-02,130,63.28125,112.5,49.21875
04-02,131,63.28125,112.5,49.21875
04-02,132,63.28125,112.5,49.21875
04-02,133,63.28125,112.5,49.21875
04-02,134,63.28125,112.5,49.21875
04-02,135,70.3125,105.46875,35.15625
04-02,136,70.3125,105.46875,35.15625
04-02,137,70.3125,112.5,42.1875
04-02,138,70.3125,105.46875,35.15625
04-02,139,70.3125,105.46875,35.15625
04-02,140,70.3125,105.46875,35.15625
04-02,141,70.3125,105.46875,35.15625
04-02,142,70.3125,112.5,42.1875
04-02,143,70.3125,105.46875,35.15625
04-02,144,70.3125,112.5,42.1875
04-02,145,70.3125,112.5,42.1875
04-02,146,70.3125,112.5,42.1875
04-02,147,70.3125,112.5,42.1875
04-02,148,70.3125,112.5,42.1875
04-02,149,70.3125,98.4375,28.125
04-02,150,70.3125,112.5,42.1875
04-02,151,70.3125,112.5,42.1875
04-02,152,70.3125,112.5,42.1875
04-02,153,70.3125,112.5,42.1875
04-02,154,70.3125,112.5,42.1875
04-02,155,70.3125,112.5,42.1875
04-02,156,70.3125,112.5,42.1875
04-02,157,70.3125,112.5,42.1875
04-02,158,70.3125,112.5,42.1875
04-02,159,70.3125,98.4375,28.125
04-02,160,63.28125,112.5,49.21875
04-02,161,63.28125,112.5,49.21875
04-02,162,63.28125,112.5,49.21875
04-02,163,63.28125,98.4375,35.15625
04-02,164,63.28125,91.40625,28.125
04-02,165,63.28125,105.46875,42.1875
04-02,166,63.28125,105.46875,42.1875
04-02,167,63.28125,112.5,49.21875
04-02,168,63.28125,112.5,49.21875
04-02,169,63.28125,91.40625,28.125
04-02,170,63.28125,112.5,49.21875
04-02,171,63.28125,91.40625,28.125
04-02,172,70.3125,112.5,42.1875
04-02,173,70.3125,112.5,42.1875
04-02,174,70.3125,98.4375,28.125
04-02,175,70.3125,112.5,42.1875
04-03,0,63.28125,105.46875,42.1875
04-03,1,63.28125,98.4375,35.15625
04-03,2,63.28125,105.46875,42.1875
04-03,3,63.28125,112.5,49.21875
04-03,4,70.3125,112.5,42.1875
04-03,5,70.3125,112.5,42.1875
04-03,6,70.3125,112.5,42.1875
04-03,7,70.3125,98.4375,28.125
04-03,8,70.3125,112.5,42.1875
04-03,9,70.3125,112.5,42.1875
04-03,10,70.3125,112.5,42.1875
04-03,11,70.3125,112.5,42.1875
04-03,12,70.3125,112.5,42.1875
04-03,13,70.3125,112.5,42.1875
04-03,14,70.3125,112.5,42.1875
04-03,15,70.3125,112.5,42.1875
04-03,16,70.3125,112.5,42.1875
04-03,17,70.3125,112.5,42.1875
04-03,18,70.3125,105.46875,35.15625
04-03,19,70.3125,105.46875,35.15625
04-03,20,70.3125,112.5,42.1875
04-03,21,70.3125,112.5,42.1875
04-03,22,70.3125,112.5,42.1875
04-03,23,70.3125,91.40625,21.09375
04-03,24,70.3125,112.5,42.1875
04-03,25,70.3125,112.5,42.1875
04-03,26,70.3125,112.5,42.1875
04-03,27,70.3125,112.5,42.1875
04-03,28,70.3125,105.46875,35.15625
04-03,29,70.3125,98.4375,28.125
04-03,30,70.3125,112.5,42.1875
04-03,31,70.3125,112.5,42.1875
04-03,32,70.3125,112.5,42.1875
04-03,33,70.3125,112.5,42.1875
04-03,34,70.3125,112.5,42.1875
04-03,35,70.3125,112.5,42.1875
04-03,36,70.3125,112.5,42.1875
04-03,37,70.3125,112.5,42.1875
04-03,38,70.3125,98.4375,28.125
04-03,39,70.3125,105.46875,35.15625
04-03,40,70.3125,105.46875,35.15625
04-03,41,70.3125,112.5,42.1875
04-03,42,70.3125,112.5,42.1875
04-03,43,70.3125,112.5,42.1875
04-03,44,70.3125,112.5,42.1875
04-03,45,70.3125,112.5,42.1875
04-03,46,70.3125,112.5,42.1875
04-03,47,70.3125,98.4375,28.125
04-03,48,70.3125,91.40625,21.09375
04-03,49,70.3125,91.40625,21.09375
04-03,50,70.3125,98.4375,28.125
04-03,51,70.3125,112.5,42.1875
04-03,52,70.3125,91.40625,21.09375
04-03,53,70.3125,112.5,42.1875
04-03,54,70.3125,112.5,42.1875
04-03,55,70.3125,112.5,42.1875
04-03,56,70.3125,91.40625,21.09375
04-03,57,70.3125,112.5,42.1875
04-03,58,70.3125,98.4375,28.125
04-03,59,70.3125,112.5,42.1875
04-03,60,70.3125,112.5,42.1875
04-03,61,70.3125,112.5,42.1875
04-03,62,70.3125,112.5,42.1875
04-03,63,70.3125,112.5,42.1875
04-03,64,70.3125,112.5,42.1875
04-03,65,70.3125,112.5,42.1875
04-03,66,70.3125,112.5,42.1875
04-03,67,70.3125,84.375,14.0625
04-03,68,70.3125,98.4375,28.125
04-03,69,70.3125,112.5,42.1875
04-03,70,70.3125,112.5,42.1875
04-03,71,70.3125,98.4375,28.125
04-03,72,70.3125,91.40625,21.09375
04-03,73,70.3125,112.5,42.1875
04-03,74,70.3125,112.5,42.1875
04-03,75,70.3125,112.5,42.1875
04-03,76,70.3125,112.5,42.1875
04-03,77,70.3125,112.5,42.1875
04-03,78,70.3125,112.5,42.1875
04-03,79,70.3125,105.46875,35.15625
04-03,80,70.3125,105.46875,35.15625
04-03,81,70.3125,105.46875,35.15625
04-03,82,70.3125,105.46875,35.15625
04-03,83,70.3125,105.46875,35.15625
04-03,84,70.3125,112.5,42.1875
04-03,85,70.3125,112.5,42.1875
04-03,86,70.3125,112.5,42.1875
04-03,87,70.3125,112.5,42.1875
04-03,88,70.3125,112.5,42.1875
04-03,89,70.3125,112.5,42.1875
04-03,90,70.3125,112.5,42.1875
04-03,91,70.3125,112.5,42.1875
04-03,92,70.3125,112.5,42.1875
04-03,93,70.3125,112.5,42.1875
04-03,94,70.3125,112.5,42.1875
04-03,95,70.3125,112.5,42.1875
04-03,96,63.28125,112.5,49.21875
04-03,97,63.28125,112.5,49.21875
04-03,98,63.28125,112.5,49.21875
04-03,99,63.28125,84.375,21.09375
04-03,100,63.28125,105.46875,42.1875
04-03,101,63.28125,112.5,49.21875
04-03,102,63.28125,112.5,49.21875
04-03,103,63.28125,112.5,49.21875
04-03,104,63.28125,112.5,49.21875
04-03,105,63.28125,98.4375,35.15625
04-03,106,63.28125,98.4375,35.15625
04-03,107,63.28125,112.5,49.21875
04-03,108,63.28125,112.5,49.21875
04-03,109,63.28125,112.5,49.21875
04-03,110,63.28125,112.5,49.21875
04-03,111,63.28125,105.46875,42.1875
04-03,112,63.28125,112.5,49.21875
04-03,113,63.28125,98.4375,35.15625
04-03,114,63.28125,98.4375,35.15625
04-03,115,70.3125,112.5,42.1875
04-03,116,70.3125,112.5,42.1875
04-03,117,70.3125,112.5,42.1875
04-03,118,70.3125,112.5,42.1875
04-03,119,70.3125,98.4375,28.125
04-03,120,70.3125,112.5,42.1875
04-03,121,70.3125,112.5,42.1875
04-03,122,70.3125,112.5,42.1875
04-03,123,70.3125,112.5,42.1875
04-03,124,70.3125,112.5,42.1875
04-03,125,70.3125,112.5,42.1875
04-03,126,70.3125,112.5,42.1875
04-03,127,70.3125,112.5,42.1875
04-03,128,70.3125,112.5,42.1875
04-03,129,70.3125,112.5,42.1875
04-03,130,70.3125,112.5,42.1875
04-03,131,70.3125,112.5,42.1875
04-03,132,70.3125,119.53125,49.21875
04-03,133,70.3125,84.375,14.0625
04-03,134,70.3125,84.375,14.0625
04-03,135,70.3125,112.5,42.1875
04-03,136,70.3125,112.5,42.1875
04-03,137,70.3125,84.375,14.0625
04-03,138,70.3125,91.40625,21.09375
04-03,139,70.3125,112.5,42.1875
04-03,140,70.3125,105.46875,35.15625
04-03,141,133.59375,112.5,-21.09375
04-03,142,63.28125,112.5,49.21875
04-03,143,133.59375,112.5,-21.09375
04-03,144,133.59375,112.5,-21.09375
04-03,145,133.59375,112.5,-21.09375
04-03,146,133.59375,112.5,-21.09375
04-03,147,70.3125,112.5,42.1875
04-03,148,70.3125,112.5,42.1875
04-03,149,70.3125,112.5,42.1875
04-03,150,70.3125,112.5,42.1875
04-03,151,70.3125,98.4375,28.125
04-03,152,70.3125,98.4375,28.125
04-03,153,70.3125,98.4375,28.125
04-03,154,70.3125,105.46875,35.15625
04-03,155,70.3125,112.5,42.1875
04-03,156,70.3125,98.4375,28.125
04-03,157,70.3125,112.5,42.1875
04-03,158,70.3125,112.5,42.1875
04-03,159,70.3125,112.5,42.1875
04-03,160,70.3125,112.5,42.1875
04-03,161,70.3125,112.5,42.1875
04-03,162,70.3125,105.46875,35.15625
04-03,163,70.3125,98.4375,28.125
04-03,164,70.3125,112.5,42.1875
04-03,165,70.3125,112.5,42.1875
04-03,166,70.3125,112.5,42.1875
04-03,167,70.3125,105.46875,35.15625
04-03,168,70.3125,105.46875,35.15625
04-03,169,70.3125,112.5,42.1875
04-03,170,70.3125,112.5,42.1875
04-03,171,70.3125,112.5,42.1875
04-03,172,70.3125,112.5,42.1875
04-03,173,70.3125,112.5,42.1875
04-03,174,70.3125,112.5,42.1875
04-03,175,70.3125,112.5,42.1875
04-03,176,70.3125,105.46875,35.15625
04-03,177,70.3125,91.40625,21.09375
04-03,178,70.3125,112.5,42.1875
04-03,179,70.3125,105.46875,35.15625
04-03,180,70.3125,91.40625,21.09375
04-03,181,70.3125,105.46875,35.15625
04-03,182,70.3125,112.5,42.1875
04-03,183,70.3125,112.5,42.1875
04-03,184,70.3125,112.5,42.1875
04-03,185,70.3125,112.5,42.1875
04-03,186,70.3125,112.5,42.1875
04-03,187,70.3125,112.5,42.1875
04-03,188,70.3125,112.5,42.1875
04-03,189,70.3125,98.4375,28.125
04-03,190,70.3125,112.5,42.1875
04-03,191,70.3125,112.5,42.1875
04-03,192,70.3125,112.5,42.1875
04-03,193,70.3125,112.5,42.1875
04-03,194,70.3125,112.5,42.1875
04-03,195,70.3125,112.5,42.1875
04-03,196,70.3125,112.5,42.1875
04-03,197,70.3125,112.5,42.1875
04-03,198,70.3125,112.5,42.1875
04-03,199,70.3125,112.5,42.1875
04-03,200,70.3125,112.5,42.1875
04-04,0,63.28125,105.46875,42.1875
04-04,1,63.28125,112.5,49.21875
04-04,2,63.28125,105.46875,42.1875
04-04,3,63.28125,98.4375,35.15625
04-04,4,63.28125,112.5,49.21875
04-04,5,63.28125,112.5,49.21875
04-04,6,63.28125,112.5,49.21875
04-04,7,63.28125,112.5,49.21875
04-04,8,63.28125,98.4375,35.15625
04-04,9,63.28125,112.5,49.21875
04-04,10,63.28125,98.4375,35.15625
04-04,11,63.28125,112.5,49.21875
04-04,12,63.28125,112.5,49.21875
04-04,13,63.28125,98.4375,35.15625
04-04,14,63.28125,98.4375,35.15625
04-04,15,63.28125,112.5,49.21875
04-04,16,63.28125,112.5,49.21875
04-04,17,63.28125,112.5,49.21875
04-04,18,63.28125,112.5,49.21875
04-04,19,63.28125,84.375,21.09375
04-04,20,63.28125,112.5,49.21875
04-04,21,63.28125,112.5,49.21875
04-04,22,63.28125,112.5,49.21875
04-04,23,63.28125,112.5,49.21875
04-04,24,70.3125,112.5,42.1875
04-04,25,63.28125,112.5,49.21875
04-04,26,70.3125,112.5,42.1875
04-04,27,70.3125,98.4375,28.125
04-04,28,70.3125,98.4375,28.125
04-04,29,70.3125,112.5,42.1875
04-04,30,70.3125,112.5,42.1875
04-04,31,70.3125,98.4375,28.125
04-04,32,70.3125,91.40625,21.09375
04-04,33,70.3125,112.5,42.1875
04-04,34,70.3125,105.46875,35.15625
04-04,35,70.3125,112.5,42.1875
04-04,36,70.3125,112.5,42.1875
04-04,37,70.3125,91.40625,21.09375
04-04,38,70.3125,112.5,42.1875
04-04,39,70.3125,112.5,42.1875
04-04,40,70.3125,112.5,42.1875
04-04,41,70.3125,112.5,42.1875
04-04,42,70.3125,112.5,42.1875
04-04,43,70.3125,91.40625,21.09375
04-04,44,70.3125,112.5,42.1875
04-04,45,70.3125,112.5,42.1875
04-04,46,70.3125,112.5,42.1875
04-04,47,70.3125,112.5,42.1875
04-04,48,70.3125,112.5,42.1875
04-04,49,70.3125,112.5,42.1875
04-04,50,70.3125,112.5,42.1875
04-04,51,70.3125,112.5,42.1875
04-04,52,70.3125,98.4375,28.125
04-04,53,70.3125,98.4375,28.125
04-04,54,70.3125,112.5,42.1875
04-04,55,70.3125,112.5,42.1875
04-04,56,70.3125,112.5,42.1875
04-04,57,70.3125,112.5,42.1875
04-04,58,70.3125,112.5,42.1875
04-04,59,70.3125,112.5,42.1875
04-04,60,70.3125,112.5,42.1875
04-04,61,70.3125,112.5,42.1875
04-04,62,70.3125,98.4375,28.125
04-04,63,70.3125,98.4375,28.125
04-04,64,70.3125,98.4375,28.125
04-04,65,70.3125,112.5,42.1875
04-04,66,70.3125,112.5,42.1875
04-04,67,70.3125,112.5,42.1875
04-04,68,70.3125,112.5,42.1875
04-04,69,70.3125,98.4375,28.125
04-04,70,70.3125,112.5,42.1875
04-04,71,70.3125,112.5,42.1875
04-04,72,70.3125,112.5,42.1875
04-04,73,70.3125,112.5,42.1875
04-04,74,70.3125,112.5,42.1875
04-04,75,70.3125,112.5,42.1875
04-04,76,70.3125,112.5,42.1875
04-04,77,70.3125,91.40625,21.09375
04-04,78,70.3125,112.5,42.1875
04-04,79,70.3125,98.4375,28.125
04-04,80,70.3125,112.5,42.1875
04-04,81,70.3125,98.4375,28.125
04-04,82,70.3125,112.5,42.1875
04-04,83,70.3125,112.5,42.1875
04-04,84,70.3125,112.5,42.1875
04-04,85,70.3125,112.5,42.1875
04-04,86,70.3125,112.5,42.1875
04-04,87,70.3125,112.5,42.1875
04-04,88,70.3125,112.5,42.1875
04-04,89,70.3125,112.5,42.1875
04-04,90,70.3125,91.40625,21.09375
04-04,91,70.3125,98.4375,28.125
04-04,92,70.3125,112.5,42.1875
04-04,93,70.3125,112.5,42.1875
04-04,94,70.3125,112.5,42.1875
04-04,95,70.3125,112.5,42.1875
04-04,96,70.3125,112.5,42.1875
04-04,97,70.3125,112.5,42.1875
04-04,98,70.3125,112.5,42.1875
04-04,99,70.3125,105.46875,35.15625
04-04,100,70.3125,112.5,42.1875
04-04,101,70.3125,98.4375,28.125
04-04,102,70.3125,112.5,42.1875
04-04,103,70.3125,112.5,42.1875
04-04,104,70.3125,112.5,42.1875
04-04,105,70.3125,112.5,42.1875
04-04,106,70.3125,112.5,42.1875
04-04,107,70.3125,112.5,42.1875
04-04,108,70.3125,112.5,42.1875
04-04,109,70.3125,84.375,14.0625
04-04,110,70.3125,84.375,14.0625
04-04,111,70.3125,112.5,42.1875
04-04,112,70.3125,112.5,42.1875
04-04,113,70.3125,112.5,42.1875
04-04,114,70.3125,112.5,42.1875
04-04,115,70.3125,112.5,42.1875
04-04,116,70.3125,98.4375,28.125
04-04,117,70.3125,98.4375,28.125
04-04,118,70.3125,98.4375,28.125
04-04,119,70.3125,112.5,42.1875
04-04,120,70.3125,112.5,42.1875
04-04,121,70.3125,112.5,42.1875
04-04,122,70.3125,91.40625,21.09375
04-04,123,70.3125,112.5,42.1875
04-04,124,70.3125,91.40625,21.09375
04-04,125,70.3125,98.4375,28.125
04-04,126,70.3125,112.5,42.1875
04-04,127,70.3125,112.5,42.1875
04-04,128,70.3125,112.5,42.1875
04-04,129,70.3125,112.5,42.1875
04-04,130,70.3125,112.5,42.1875
04-04,131,70.3125,112.5,42.1875
04-04,132,70.3125,112.5,42.1875
04-04,133,70.3125,112.5,42.1875
04-04,134,70.3125,112.5,42.1875
04-04,135,70.3125,112.5,42.1875
04-04,136,70.3125,112.5,42.1875
04-04,137,70.3125,112.5,42.1875
04-04,138,70.3125,91.40625,21.09375
04-04,139,70.3125,91.40625,21.09375
04-04,140,70.3125,112.5,42.1875
04-04,141,70.3125,84.375,14.0625
04-04,142,70.3125,98.4375,28.125
04-04,143,70.3125,112.5,42.1875
04-04,144,70.3125,112.5,42.1875
04-04,145,70.3125,112.5,42.1875
04-04,146,70.3125,112.5,42.1875
04-04,147,70.3125,112.5,42.1875
04-04,148,70.3125,98.4375,28.125
04-04,149,70.3125,98.4375,28.125
04-04,150,70.3125,98.4375,28.125
04-04,151,70.3125,98.4375,28.125
04-04,152,70.3125,98.4375,28.125
04-04,153,70.3125,112.5,42.1875
04-04,154,70.3125,112.5,42.1875
04-04,155,70.3125,112.5,42.1875
04-04,156,70.3125,112.5,42.1875
04-04,157,70.3125,105.46875,35.15625
04-04,158,70.3125,112.5,42.1875
04-04,159,70.3125,112.5,42.1875
04-04,160,70.3125,112.5,42.1875
04-04,161,70.3125,112.5,42.1875
04-04,162,70.3125,112.5,42.1875
04-04,163,70.3125,112.5,42.1875
04-04,164,70.3125,112.5,42.1875
04-04,165,70.3125,112.5,42.1875
04-04,166,70.3125,112.5,42.1875
04-04,167,70.3125,112.5,42.1875
04-04,168,70.3125,112.5,42.1875
04-04,169,70.3125,112.5,42.1875
04-04,170,70.3125,105.46875,35.15625
04-04,171,70.3125,105.46875,35.15625
04-04,172,70.3125,112.5,42.1875
04-04,173,70.3125,112.5,42.1875
04-04,174,70.3125,112.5,42.1875
04-04,175,70.3125,112.5,42.1875
04-04,176,70.3125,112.5,42.1875
04-04,177,70.3125,91.40625,21.09375
04-04,178,70.3125,112.5,42.1875
04-04,179,70.3125,98.4375,28.125
04-04,180,70.3125,98.4375,28.125
04-04,181,70.3125,112.5,42.1875
04-04,182,70.3125,112.5,42.1875
04-04,183,70.3125,112.5,42.1875
04-04,184,70.3125,98.4375,28.125
04-04,185,70.3125,112.5,42.1875
04-04,186,70.3125,112.5,42.1875
04-04,187,70.3125,112.5,42.1875
04-04,188,70.3125,98.4375,28.125
04-04,189,70.3125,98.4375,28.125
04-04,190,70.3125,112.5,42.1875
04-04,191,70.3125,98.4375,28.125
04-04,192,70.3125,112.5,42.1875
04-04,193,70.3125,98.4375,28.125
04-04,194,70.3125,98.4375,28.125
04-04,195,70.3125,112.5,42.1875
04-04,196,70.3125,112.5,42.1875
04-04,197,70.3125,91.40625,21.09375
04-04,198,70.3125,91.40625,21.09375
04-04,199,70.3125,105.46875,35.15625
04-04,200,70.3125,112.5,42.1875
04-04,201,70.3125,112.5,42.1875
04-05,0,63.28125,112.5,49.21875
04-05,1,63.28125,112.5,49.21875
04-05,2,63.28125,112.5,49.21875
04-05,3,56.25,112.5,56.25
04-05,4,56.25,105.46875,49.21875
04-05,5,56.25,105.46875,49.21875
04-05,6,56.25,112.5,56.25
04-05,7,56.25,98.4375,42.1875
04-05,8,56.25,98.4375,42.1875
04-05,9,56.25,91.40625,35.15625
04-05,10,56.25,91.40625,35.15625
04-05,11,56.25,91.40625,35.15625
04-05,12,56.25,91.40625,35.15625
04-05,13,56.25,91.40625,35.15625
04-05,14,56.25,91.40625,35.15625
04-05,15,56.25,91.40625,35.15625
04-05,16,56.25,91.40625,35.15625
04-05,17,56.25,91.40625,35.15625
04-05,18,56.25,105.46875,49.21875
04-05,19,56.25,112.5,56.25
04-05,20,56.25,105.46875,49.21875
04-05,21,56.25,112.5,56.25
04-05,22,63.28125,112.5,49.21875
04-05,23,63.28125,105.46875,42.1875
04-05,24,63.28125,112.5,49.21875
04-05,25,63.28125,105.46875,42.1875
04-05,26,63.28125,105.46875,42.1875
04-05,27,63.28125,112.5,49.21875
04-05,28,63.28125,105.46875,42.1875
04-05,29,63.28125,105.46875,42.1875
04-05,30,63.28125,105.46875,42.1875
04-05,31,63.28125,105.46875,42.1875
04-05,32,63.28125,98.4375,35.15625
04-05,33,63.28125,98.4375,35.15625
04-05,34,63.28125,98.4375,35.15625
04-05,35,63.28125,98.4375,35.15625
04-05,36,63.28125,98.4375,35.15625
04-05,37,63.28125,98.4375,35.15625
04-05,38,63.28125,98.4375,35.15625
04-05,39,63.28125,105.46875,42.1875
04-05,40,63.28125,112.5,49.21875
04-05,41,63.28125,98.4375,35.15625
04-05,42,63.28125,98.4375,35.15625
04-05,43,63.28125,91.40625,28.125
04-05,44,63.28125,91.40625,28.125
04-05,45,63.28125,112.5,49.21875
04-05,46,63.28125,84.375,21.09375
04-05,47,63.28125,84.375,21.09375
04-05,48,63.28125,84.375,21.09375
04-05,49,63.28125,84.375,21.09375
04-05,50,63.28125,91.40625,28.125
04-05,51,63.28125,91.40625,28.125
04-05,52,63.28125,91.40625,28.125
04-05,53,63.28125,91.40625,28.125
04-05,54,63.28125,91.40625,28.125
04-05,55,63.28125,91.40625,28.125
04-05,56,63.28125,91.40625,28.125
04-05,57,63.28125,91.40625,28.125
04-05,58,70.3125,98.4375,28.125
04-05,59,70.3125,112.5,42.1875
04-05,60,70.3125,112.5,42.1875
04-05,61,70.3125,84.375,14.0625
04-05,62,70.3125,112.5,42.1875
04-05,63,70.3125,98.4375,28.125
04-05,64,70.3125,112.5,42.1875
04-05,65,70.3125,98.4375,28.125
04-05,66,70.3125,98.4375,28.125
04-05,67,70.3125,98.4375,28.125
04-05,68,70.3125,98.4375,28.125
04-05,69,70.3125,112.5,42.1875
04-05,70,70.3125,112.5,42.1875
04-05,71,70.3125,98.4375,28.125
04-05,72,70.3125,112.5,42.1875
04-05,73,70.3125,98.4375,28.125
04-05,74,70.3125,98.4375,28.125
04-05,75,70.3125,112.5,42.1875
04-05,76,70.3125,112.5,42.1875
04-05,77,70.3125,112.5,42.1875
04-05,78,70.3125,112.5,42.1875
04-05,79,70.3125,112.5,42.1875
04-05,80,70.3125,112.5,42.1875
04-05,81,70.3125,112.5,42.1875
04-05,82,70.3125,112.5,42.1875
04-05,83,70.3125,105.46875,35.15625
04-05,84,70.3125,105.46875,35.15625
04-05,85,70.3125,105.46875,35.15625
04-05,86,70.3125,98.4375,28.125
04-05,87,70.3125,98.4375,28.125
04-05,88,70.3125,105.46875,35.15625
04-05,89,70.3125,105.46875,35.15625
04-05,90,70.3125,112.5,42.1875
04-05,91,70.3125,112.5,42.1875
04-05,92,70.3125,112.5,42.1875
04-05,93,70.3125,112.5,42.1875
04-05,94,70.3125,112.5,42.1875
04-05,95,70.3125,112.5,42.1875
04-05,96,70.3125,112.5,42.1875
04-05,97,70.3125,112.5,42.1875
04-05,98,70.3125,112.5,42.1875
04-05,99,70.3125,105.46875,35.15625
04-05,100,70.3125,112.5,42.1875
04-05,101,70.3125,112.5,42.1875
04-05,102,70.3125,112.5,42.1875
04-05,103,70.3125,112.5,42.1875
04-05,104,70.3125,112.5,42.1875
04-05,105,70.3125,112.5,42.1875
04-05,106,70.3125,112.5,42.1875
04-05,107,63.28125,112.5,49.21875
04-05,108,63.28125,112.5,49.21875
04-05,109,63.28125,98.4375,35.15625
04-05,110,63.28125,91.40625,28.125
04-05,111,63.28125,91.40625,28.125
04-05,112,63.28125,91.40625,28.125
04-05,113,63.28125,91.40625,28.125
04-05,114,63.28125,91.40625,28.125
04-05,115,63.28125,91.40625,28.125
04-05,116,63.28125,91.40625,28.125
04-05,117,63.28125,91.40625,28.125
04-05,118,63.28125,91.40625,28.125
04-05,119,63.28125,91.40625,28.125
04-05,120,63.28125,91.40625,28.125
04-05,121,63.28125,91.40625,28.125
04-05,122,63.28125,91.40625,28.125
04-05,123,63.28125,91.40625,28.125
04-05,124,63.28125,98.4375,35.15625
04-05,125,63.28125,98.4375,35.15625
04-05,126,63.28125,112.5,49.21875
04-05,127,63.28125,98.4375,35.15625
04-05,128,63.28125,112.5,49.21875
04-05,129,63.28125,112.5,49.21875
04-05,130,63.28125,98.4375,35.15625
04-05,131,63.28125,112.5,49.21875
04-05,132,63.28125,112.5,49.21875
04-05,133,63.28125,112.5,49.21875
04-05,134,63.28125,98.4375,35.15625
04-05,135,63.28125,98.4375,35.15625
04-05,136,63.28125,112.5,49.21875
04-05,137,63.28125,112.5,49.21875
04-05,138,63.28125,98.4375,35.15625
04-05,139,70.3125,112.5,42.1875
04-05,140,70.3125,105.46875,35.15625
04-05,141,63.28125,105.46875,42.1875
04-05,142,63.28125,105.46875,42.1875
04-05,143,63.28125,98.4375,35.15625
04-05,144,70.3125,98.4375,28.125
04-05,145,70.3125,98.4375,28.125
04-05,146,70.3125,98.4375,28.125
04-05,147,70.3125,98.4375,28.125
04-05,148,70.3125,98.4375,28.125
04-05,149,70.3125,98.4375,28.125
04-05,150,70.3125,98.4375,28.125
04-05,151,70.3125,98.4375,28.125
04-05,152,70.3125,98.4375,28.125
04-05,153,70.3125,98.4375,28.125
04-05,154,70.3125,98.4375,28.125
04-05,155,70.3125,91.40625,21.09375
04-05,156,70.3125,98.4375,28.125
04-05,157,70.3125,105.46875,35.15625
04-05,158,70.3125,105.46875,35.15625
04-05,159,70.3125,112.5,42.1875
04-05,160,70.3125,105.46875,35.15625
04-05,161,70.3125,112.5,42.1875
04-05,162,70.3125,112.5,42.1875
04-05,163,70.3125,112.5,42.1875
04-05,164,70.3125,112.5,42.1875
04-05,165,70.3125,112.5,42.1875
04-05,166,70.3125,112.5,42.1875
04-05,167,70.3125,112.5,42.1875
04-05,168,70.3125,105.46875,35.15625
04-06,0,56.25,105.46875,49.21875
04-06,1,56.25,112.5,56.25
04-06,2,56.25,112.5,56.25
04-06,3,56.25,91.40625,35.15625
04-06,4,56.25,119.53125,63.28125
04-06,5,56.25,105.46875,49.21875
04-06,6,56.25,98.4375,42.1875
04-06,7,56.25,91.40625,35.15625
04-06,8,56.25,91.40625,35.15625
04-06,9,119.53125,91.40625,-28.125
04-06,10,119.53125,91.40625,-28.125
04-06,11,119.53125,91.40625,-28.125
04-06,12,119.53125,91.40625,-28.125
04-06,13,119.53125,91.40625,-28.125
04-06,14,119.53125,91.40625,-28.125
04-06,15,119.53125,84.375,-35.15625
04-06,16,119.53125,84.375,-35.15625
04-06,17,119.53125,112.5,-7.03125
04-06,18,119.53125,112.5,-7.03125
04-06,19,119.53125,112.5,-7.03125
04-06,20,56.25,112.5,56.25
04-06,21,56.25,112.5,56.25
04-06,22,56.25,105.46875,49.21875
04-06,23,56.25,105.46875,49.21875
04-06,24,56.25,105.46875,49.21875
04-06,25,56.25,105.46875,49.21875
04-06,26,56.25,105.46875,49.21875
04-06,27,56.25,105.46875,49.21875
04-06,28,56.25,105.46875,49.21875
04-06,29,56.25,98.4375,42.1875
04-06,30,56.25,105.46875,49.21875
04-06,31,56.25,105.46875,49.21875
04-06,32,63.28125,98.4375,35.15625
04-06,33,63.28125,98.4375,35.15625
04-06,34,63.28125,91.40625,28.125
04-06,35,63.28125,91.40625,28.125
04-06,36,63.28125,98.4375,35.15625
04-06,37,63.28125,98.4375,35.15625
04-06,38,63.28125,98.4375,35.15625
04-06,39,63.28125,112.5,49.21875
04-06,40,63.28125,112.5,49.21875
04-06,41,63.28125,98.4375,35.15625
04-06,42,63.28125,91.40625,28.125
04-06,43,63.28125,91.40625,28.125
04-06,44,63.28125,91.40625,28.125
04-06,45,63.28125,84.375,21.09375
04-06,46,63.28125,84.375,21.09375
04-06,47,63.28125,84.375,21.09375
04-06,48,63.28125,84.375,21.09375
04-06,49,63.28125,91.40625,28.125
04-06,50,63.28125,91.40625,28.125
04-06,51,63.28125,91.40625,28.125
04-06,52,63.28125,91.40625,28.125
04-06,53,63.28125,91.40625,28.125
04-06,54,63.28125,91.40625,28.125
04-06,55,63.28125,91.40625,28.125
04-06,56,63.28125,91.40625,28.125
04-06,57,63.28125,98.4375,35.15625
04-06,58,63.28125,112.5,49.21875
04-06,59,63.28125,112.5,49.21875
04-06,60,63.28125,112.5,49.21875
04-06,61,63.28125,112.5,49.21875
04-06,62,63.28125,91.40625,28.125
04-06,63,63.28125,112.5,49.21875
04-06,64,70.3125,112.5,42.1875
04-06,65,70.3125,98.4375,28.125
04-06,66,70.3125,98.4375,28.125
04-06,67,70.3125,98.4375,28.125
04-06,68,70.3125,112.5,42.1875
04-06,69,70.3125,112.5,42.1875
04-06,70,70.3125,91.40625,21.09375
04-06,71,70.3125,91.40625,21.09375
04-06,72,70.3125,84.375,14.0625
04-06,73,70.3125,98.4375,28.125
04-06,74,70.3125,98.4375,28.125
04-06,75,70.3125,98.4375,28.125
04-06,76,70.3125,112.5,42.1875
04-06,77,70.3125,98.4375,28.125
04-06,78,70.3125,98.4375,28.125
04-06,79,70.3125,112.5,42.1875
04-06,80,70.3125,112.5,42.1875
04-06,81,70.3125,98.4375,28.125
04-06,82,56.25,98.4375,42.1875
04-06,83,63.28125,98.4375,35.15625
04-06,84,63.28125,98.4375,35.15625
04-06,85,63.28125,98.4375,35.15625
04-06,86,63.28125,98.4375,35.15625
04-06,87,63.28125,105.46875,42.1875
04-06,88,63.28125,105.46875,42.1875
04-06,89,63.28125,112.5,49.21875
04-06,90,63.28125,112.5,49.21875
04-06,91,63.28125,112.5,49.21875
04-06,92,63.28125,112.5,49.21875
04-06,93,63.28125,112.5,49.21875
04-06,94,63.28125,112.5,49.21875
04-06,95,63.28125,112.5,49.21875
04-06,96,63.28125,112.5,49.21875
04-06,97,63.28125,112.5,49.21875
04-06,98,63.28125,112.5,49.21875
04-06,99,70.3125,112.5,42.1875
04-06,100,70.3125,112.5,42.1875
04-06,101,70.3125,112.5,42.1875
04-06,102,70.3125,112.5,42.1875
04-06,103,70.3125,119.53125,49.21875
04-06,104,70.3125,105.46875,35.15625
04-06,105,70.3125,105.46875,35.15625
04-06,106,70.3125,42.1875,-28.125
04-06,107,63.28125,105.46875,42.1875
04-06,108,70.3125,98.4375,28.125
04-06,109,63.28125,91.40625,28.125
04-06,110,63.28125,91.40625,28.125
04-06,111,63.28125,91.40625,28.125
04-06,112,63.28125,91.40625,28.125
04-06,113,63.28125,91.40625,28.125
04-06,114,63.28125,91.40625,28.125
04-06,115,63.28125,91.40625,28.125
04-06,116,63.28125,91.40625,28.125
04-06,117,63.28125,91.40625,28.125
04-06,118,63.28125,91.40625,28.125
04-06,119,63.28125,91.40625,28.125
04-06,120,63.28125,91.40625,28.125
04-06,121,63.28125,91.40625,28.125
04-06,122,63.28125,91.40625,28.125
04-06,123,63.28125,105.46875,42.1875
04-06,124,63.28125,105.46875,42.1875
04-06,125,63.28125,105.46875,42.1875
04-06,126,63.28125,112.5,49.21875
04-06,127,63.28125,105.46875,42.1875
04-06,128,63.28125,105.46875,42.1875
04-06,129,63.28125,105.46875,42.1875
04-06,130,63.28125,98.4375,35.15625
04-06,131,63.28125,105.46875,42.1875
04-06,132,63.28125,112.5,49.21875
04-06,133,63.28125,119.53125,56.25
04-06,134,63.28125,105.46875,42.1875
04-06,135,63.28125,119.53125,56.25
04-06,136,63.28125,112.5,49.21875
04-06,137,63.28125,112.5,49.21875
04-06,138,63.28125,105.46875,42.1875
04-06,139,63.28125,119.53125,56.25
04-06,140,63.28125,112.5,49.21875
04-06,141,63.28125,112.5,49.21875
04-06,142,63.28125,105.46875,42.1875
04-06,143,63.28125,105.46875,42.1875
04-06,144,63.28125,112.5,49.21875
04-06,145,63.28125,112.5,49.21875
04-06,146,63.28125,105.46875,42.1875
04-06,147,63.28125,119.53125,56.25
04-06,148,63.28125,105.46875,42.1875
04-06,149,63.28125,112.5,49.21875
04-06,150,63.28125,105.46875,42.1875
04-06,151,63.28125,112.5,49.21875
04-06,152,63.28125,112.5,49.21875
04-06,153,63.28125,112.5,49.21875
04-06,154,63.28125,112.5,49.21875
04-06,155,63.28125,105.46875,42.1875
04-06,156,63.28125,105.46875,42.1875
04-06,157,63.28125,98.4375,35.15625
04-06,158,63.28125,105.46875,42.1875
04-06,159,63.28125,105.46875,42.1875
04-06,160,63.28125,105.46875,42.1875
04-06,161,63.28125,105.46875,42.1875
04-06,162,63.28125,112.5,49.21875
04-06,163,63.28125,105.46875,42.1875
04-06,164,63.28125,112.5,49.21875
04-06,165,63.28125,112.5,49.21875
04-06,166,63.28125,112.5,49.21875
04-06,167,133.59375,112.5,-21.09375
04-06,168,133.59375,112.5,-21.09375
04-06,169,133.59375,112.5,-21.09375
05-01,0,91.40625,112.5,21.09375
05-01,1,91.40625,105.46875,14.0625
05-01,2,91.40625,112.5,21.09375
05-01,3,91.40625,112.5,21.09375
05-01,4,91.40625,112.5,21.09375
05-01,5,91.40625,112.5,21.09375
05-01,6,91.40625,112.5,21.09375
05-01,7,91.40625,105.46875,14.0625
05-01,8,91.40625,112.5,21.09375
05-01,9,91.40625,112.5,21.09375
05-01,10,91.40625,105.46875,14.0625
05-01,11,91.40625,98.4375,7.03125
05-01,12,91.40625,98.4375,7.03125
05-01,13,91.40625,112.5,21.09375
05-01,14,91.40625,105.46875,14.0625
05-01,15,91.40625,105.46875,14.0625
05-01,16,91.40625,84.375,-7.03125
05-01,17,91.40625,112.5,21.09375
05-01,18,91.40625,112.5,21.09375
05-01,19,91.40625,112.5,21.09375
05-01,20,91.40625,112.5,21.09375
05-01,21,91.40625,112.5,21.09375
05-01,22,91.40625,98.4375,7.03125
05-01,23,91.40625,105.46875,14.0625
05-01,24,91.40625,112.5,21.09375
05-01,25,91.40625,112.5,21.09375
05-01,26,91.40625,112.5,21.09375
05-01,27,91.40625,91.40625,0.0
05-01,28,91.40625,112.5,21.09375
05-01,29,91.40625,112.5,21.09375
05-01,30,91.40625,112.5,21.09375
05-01,31,91.40625,112.5,21.09375
05-01,32,91.40625,112.5,21.09375
05-01,33,91.40625,98.4375,7.03125
05-01,34,91.40625,98.4375,7.03125
05-01,35,91.40625,98.4375,7.03125
05-01,36,91.40625,98.4375,7.03125
05-01,37,91.40625,98.4375,7.03125
05-01,38,42.1875,98.4375,56.25
05-01,39,42.1875,98.4375,56.25
05-01,40,42.1875,98.4375,56.25
05-01,41,42.1875,112.5,70.3125
05-01,42,42.1875,91.40625,49.21875
05-01,43,42.1875,98.4375,56.25
05-01,44,42.1875,98.4375,56.25
05-01,45,42.1875,112.5,70.3125
05-01,46,42.1875,112.5,70.3125
05-01,47,91.40625,98.4375,7.03125
05-01,48,91.40625,112.5,21.09375
05-01,49,42.1875,91.40625,49.21875
05-01,50,42.1875,112.5,70.3125
05-01,51,42.1875,112.5,70.3125
05-01,52,42.1875,91.40625,49.21875
05-01,53,42.1875,112.5,70.3125
05-01,54,42.1875,98.4375,56.25
05-01,55,42.1875,112.5,70.3125
05-01,56,42.1875,98.4375,56.25
05-01,57,42.1875,98.4375,56.25
05-01,58,42.1875,98.4375,56.25
05-01,59,42.1875,91.40625,49.21875
05-01,60,42.1875,98.4375,56.25
05-01,61,42.1875,98.4375,56.25
05-01,62,42.1875,112.5,70.3125
05-01,63,42.1875,98.4375,56.25
05-01,64,42.1875,98.4375,56.25
05-01,65,42.1875,112.5,70.3125
05-01,66,42.1875,98.4375,56.25
05-01,67,42.1875,98.4375,56.25
05-01,68,42.1875,98.4375,56.25
05-01,69,42.1875,98.4375,56.25
05-01,70,42.1875,98.4375,56.25
05-01,71,42.1875,98.4375,56.25
05-01,72,42.1875,98.4375,56.25
05-01,73,42.1875,91.40625,49.21875
05-01,74,91.40625,91.40625,0.0
05-01,75,91.40625,91.40625,0.0
05-01,76,91.40625,91.40625,0.0
05-01,77,91.40625,91.40625,0.0
05-01,78,91.40625,91.40625,0.0
05-01,79,91.40625,91.40625,0.0
05-01,80,49.21875,91.40625,42.1875
05-01,81,91.40625,91.40625,0.0
05-01,82,91.40625,84.375,-7.03125
05-01,83,49.21875,91.40625,42.1875
05-01,84,49.21875,91.40625,42.1875
05-01,85,91.40625,91.40625,0.0
05-01,86,91.40625,91.40625,0.0
05-01,87,49.21875,105.46875,56.25
05-01,88,49.21875,112.5,63.28125
05-01,89,49.21875,98.4375,49.21875
05-01,90,49.21875,98.4375,49.21875
05-01,91,49.21875,91.40625,42.1875
05-01,92,49.21875,91.40625,42.1875
05-01,93,49.21875,98.4375,49.21875
05-01,94,49.21875,98.4375,49.21875
05-01,95,49.21875,98.4375,49.21875
05-01,96,49.21875,98.4375,49.21875
05-01,97,49.21875,112.5,63.28125
05-01,98,49.21875,112.5,63.28125
05-01,99,49.21875,91.40625,42.1875
05-01,100,49.21875,91.40625,42.1875
05-01,101,49.21875,91.40625,42.1875
05-01,102,49.21875,91.40625,42.1875
05-01,103,49.21875,84.375,35.15625
05-01,104,49.21875,91.40625,42.1875
05-01,105,49.21875,112.5,63.28125
05-01,106,49.21875,91.40625,42.1875
05-01,107,49.21875,112.5,63.28125
05-01,108,49.21875,112.5,63.28125
05-01,109,49.21875,112.5,63.28125
05-01,110,49.21875,112.5,63.28125
05-01,111,49.21875,112.5,63.28125
05-01,112,49.21875,91.40625,42.1875
05-01,113,49.21875,112.5,63.28125
05-01,114,49.21875,112.5,63.28125
05-01,115,49.21875,112.5,63.28125
05-01,116,49.21875,112.5,63.28125
05-01,117,49.21875,112.5,63.28125
05-01,118,49.21875,112.5,63.28125
05-01,119,49.21875,91.40625,42.1875
05-01,120,49.21875,91.40625,42.1875
05-01,121,49.21875,98.4375,49.21875
05-01,122,49.21875,98.4375,49.21875
05-01,123,49.21875,98.4375,49.21875
05-01,124,49.21875,112.5,63.28125
05-01,125,49.21875,112.5,63.28125
05-01,126,49.21875,91.40625,42.1875
05-01,127,91.40625,91.40625,0.0
05-01,128,91.40625,98.4375,7.03125
05-01,129,91.40625,112.5,21.09375
05-01,130,91.40625,119.53125,28.125
05-01,131,91.40625,84.375,-7.03125
05-01,132,91.40625,91.40625,0.0
05-01,133,91.40625,98.4375,7.03125
05-01,134,91.40625,91.40625,0.0
05-01,135,91.40625,91.40625,0.0
05-01,136,91.40625,98.4375,7.03125
05-01,137,91.40625,98.4375,7.03125
05-01,138,91.40625,98.4375,7.03125
05-01,139,91.40625,98.4375,7.03125
05-01,140,91.40625,112.5,21.09375
05-01,141,91.40625,98.4375,7.03125
05-01,142,91.40625,98.4375,7.03125
05-01,143,91.40625,98.4375,7.03125
05-01,144,91.40625,105.46875,14.0625
05-01,145,91.40625,105.46875,14.0625
05-01,146,91.40625,105.46875,14.0625
05-01,147,91.40625,105.46875,14.0625
05-01,148,91.40625,105.46875,14.0625
05-01,149,91.40625,105.46875,14.0625
05-01,150,91.40625,105.46875,14.0625
05-01,151,91.40625,112.5,21.09375
05-01,152,91.40625,112.5,21.09375
05-01,153,91.40625,112.5,21.09375
05-01,154,49.21875,112.5,63.28125
05-01,155,49.21875,91.40625,42.1875
05-01,156,49.21875,91.40625,42.1875
05-01,157,49.21875,112.5,63.28125
05-01,158,49.21875,98.4375,49.21875
05-01,159,49.21875,98.4375,49.21875
05-01,160,49.21875,112.5,63.28125
05-01,161,49.21875,112.5,63.28125
05-01,162,49.21875,105.46875,56.25
05-01,163,49.21875,112.5,63.28125
05-01,164,49.21875,105.46875,56.25
05-01,165,49.21875,91.40625,42.1875
05-01,166,49.21875,112.5,63.28125
05-01,167,49.21875,112.5,63.28125
05-01,168,49.21875,112.5,63.28125
05-01,169,49.21875,98.4375,49.21875
05-01,170,49.21875,98.4375,49.21875
05-01,171,49.21875,98.4375,49.21875
05-02,0,56.25,112.5,56.25
05-02,1,56.25,98.4375,42.1875
05-02,2,98.4375,98.4375,0.0
05-02,3,56.25,98.4375,42.1875
05-02,4,56.25,98.4375,42.1875
05-02,5,98.4375,91.40625,-7.03125
05-02,6,56.25,91.40625,35.15625
05-02,7,56.25,112.5,56.25
05-02,8,56.25,112.5,56.25
05-02,9,105.46875,112.5,7.03125
05-02,10,56.25,112.5,56.25
05-02,11,56.25,112.5,56.25
05-02,12,105.46875,112.5,7.03125
05-02,13,105.46875,112.5,7.03125
05-02,14,105.46875,112.5,7.03125
05-02,15,105.46875,98.4375,-7.03125
05-02,16,105.46875,112.5,7.03125
05-02,17,105.46875,112.5,7.03125
05-02,18,56.25,112.5,56.25
05-02,19,56.25,112.5,56.25
05-02,20,56.25,112.5,56.25
05-02,21,56.25,112.5,56.25
05-02,22,56.25,112.5,56.25
05-02,23,56.25,105.46875,49.21875
05-02,24,56.25,98.4375,42.1875
05-02,25,56.25,98.4375,42.1875
05-02,26,56.25,112.5,56.25
05-02,27,56.25,112.5,56.25
05-02,28,56.25,112.5,56.25
05-02,29,56.25,112.5,56.25
05-02,30,56.25,112.5,56.25
05-02,31,56.25,112.5,56.25
05-02,32,98.4375,105.46875,7.03125
05-02,33,98.4375,105.46875,7.03125
05-02,34,98.4375,112.5,14.0625
05-02,35,98.4375,112.5,14.0625
05-02,36,98.4375,112.5,14.0625
05-02,37,98.4375,105.46875,7.03125
05-02,38,98.4375,98.4375,0.0
05-02,39,98.4375,98.4375,0.0
05-02,40,98.4375,105.46875,7.03125
05-02,41,49.21875,98.4375,49.21875
05-02,42,49.21875,112.5,63.28125
05-02,43,49.21875,105.46875,56.25
05-02,44,49.21875,112.5,63.28125
05-02,45,49.21875,112.5,63.28125
05-02,46,49.21875,112.5,63.28125
05-02,47,49.21875,112.5,63.28125
05-02,48,49.21875,112.5,63.28125
05-02,49,49.21875,112.5,63.28125
05-02,50,49.21875,98.4375,49.21875
05-02,51,49.21875,112.5,63.28125
05-02,52,49.21875,112.5,63.28125
05-02,53,49.21875,112.5,63.28125
05-02,54,56.25,112.5,56.25
05-02,55,56.25,112.5,56.25
05-02,56,56.25,105.46875,49.21875
05-02,57,56.25,91.40625,35.15625
05-02,58,56.25,98.4375,42.1875
05-02,59,56.25,98.4375,42.1875
05-02,60,56.25,112.5,56.25
05-02,61,56.25,112.5,56.25
05-02,62,91.40625,98.4375,7.03125
05-02,63,91.40625,98.4375,7.03125
05-02,64,91.40625,112.5,21.09375
05-02,65,91.40625,91.40625,0.0
05-02,66,91.40625,112.5,21.09375
05-02,67,91.40625,112.5,21.09375
05-02,68,91.40625,112.5,21.09375
05-02,69,49.21875,112.5,63.28125
05-02,70,49.21875,84.375,35.15625
05-02,71,49.21875,112.5,63.28125
05-02,72,49.21875,98.4375,49.21875
05-02,73,49.21875,112.5,63.28125
05-02,74,98.4375,112.5,14.0625
05-02,75,49.21875,112.5,63.28125
05-02,76,105.46875,112.5,7.03125
05-02,77,105.46875,112.5,7.03125
05-02,78,105.46875,112.5,7.03125
05-02,79,56.25,112.5,56.25
05-02,80,56.25,112.5,56.25
05-02,81,56.25,98.4375,42.1875
05-02,82,56.25,84.375,28.125
05-02,83,56.25,112.5,56.25
05-02,84,56.25,112.5,56.25
05-02,85,56.25,112.5,56.25
05-02,86,56.25,84.375,28.125
05-02,87,56.25,112.5,56.25
05-02,88,56.25,112.5,56.25
05-02,89,56.25,112.5,56.25
05-02,90,56.25,112.5,56.25
05-02,91,56.25,105.46875,49.21875
05-02,92,56.25,98.4375,42.1875
05-02,93,56.25,112.5,56.25
05-02,94,56.25,112.5,56.25
05-02,95,56.25,98.4375,42.1875
05-02,96,56.25,105.46875,49.21875
05-02,97,56.25,112.5,56.25
05-02,98,56.25,112.5,56.25
05-02,99,56.25,105.46875,49.21875
05-02,100,56.25,112.5,56.25
05-02,101,56.25,105.46875,49.21875
05-02,102,56.25,112.5,56.25
05-02,103,49.21875,112.5,63.28125
05-02,104,49.21875,105.46875,56.25
05-02,105,49.21875,112.5,63.28125
05-02,106,49.21875,105.46875,56.25
05-02,107,49.21875,112.5,63.28125
05-02,108,49.21875,105.46875,56.25
05-02,109,49.21875,98.4375,49.21875
05-02,110,49.21875,98.4375,49.21875
05-02,111,49.21875,91.40625,42.1875
05-02,112,49.21875,98.4375,49.21875
05-02,113,49.21875,105.46875,56.25
05-02,114,49.21875,112.5,63.28125
05-02,115,49.21875,112.5,63.28125
05-02,116,49.21875,112.5,63.28125
05-02,117,49.21875,112.5,63.28125
05-02,118,49.21875,112.5,63.28125
05-02,119,70.3125,112.5,42.1875
05-02,120,49.21875,112.5,63.28125
05-02,121,49.21875,112.5,63.28125
05-02,122,49.21875,112.5,63.28125
05-02,123,49.21875,112.5,63.28125
05-02,124,49.21875,112.5,63.28125
05-02,125,98.4375,112.5,14.0625
05-02,126,98.4375,98.4375,0.0
05-02,127,98.4375,112.5,14.0625
05-02,128,49.21875,98.4375,49.21875
05-02,129,98.4375,112.5,14.0625
05-02,130,98.4375,112.5,14.0625
05-02,131,49.21875,112.5,63.28125
05-02,132,98.4375,112.5,14.0625
05-02,133,98.4375,112.5,14.0625
05-02,134,49.21875,112.5,63.28125
05-02,135,49.21875,112.5,63.28125
05-02,136,49.21875,91.40625,42.1875
05-02,137,49.21875,112.5,63.28125
05-02,138,98.4375,112.5,14.0625
05-02,139,49.21875,112.5,63.28125
05-02,140,49.21875,112.5,63.28125
05-02,141,49.21875,84.375,35.15625
05-02,142,49.21875,91.40625,42.1875
05-02,143,49.21875,112.5,63.28125
05-02,144,49.21875,112.5,63.28125
05-02,145,49.21875,112.5,63.28125
05-02,146,49.21875,112.5,63.28125
05-02,147,49.21875,112.5,63.28125
05-02,148,49.21875,112.5,63.28125
05-02,149,49.21875,112.5,63.28125
05-02,150,49.21875,112.5,63.28125
05-02,151,49.21875,112.5,63.28125
05-02,152,49.21875,112.5,63.28125
05-02,153,49.21875,112.5,63.28125
05-02,154,49.21875,112.5,63.28125
05-02,155,49.21875,98.4375,49.21875
05-02,156,49.21875,112.5,63.28125
05-02,157,49.21875,112.5,63.28125
05-02,158,49.21875,91.40625,42.1875
05-02,159,49.21875,112.5,63.28125
05-02,160,49.21875,91.40625,42.1875
05-02,161,49.21875,84.375,35.15625
05-02,162,49.21875,84.375,35.15625
05-02,163,49.21875,84.375,35.15625
05-02,164,49.21875,98.4375,49.21875
05-02,165,56.25,98.4375,42.1875
05-02,166,56.25,91.40625,35.15625
05-02,167,56.25,84.375,28.125
05-02,168,56.25,112.5,56.25
05-02,169,56.25,112.5,56.25
05-02,170,56.25,98.4375,42.1875
05-02,171,56.25,105.46875,49.21875
05-02,172,56.25,105.46875,49.21875
05-02,173,56.25,112.5,56.25
05-03,0,49.21875,84.375,35.15625
05-03,1,49.21875,112.5,63.28125
05-03,2,49.21875,112.5,63.28125
05-03,3,49.21875,112.5,63.28125
05-03,4,49.21875,112.5,63.28125
05-03,5,49.21875,112.5,63.28125
05-03,6,49.21875,112.5,63.28125
05-03,7,49.21875,112.5,63.28125
05-03,8,49.21875,112.5,63.28125
05-03,9,49.21875,112.5,63.28125
05-03,10,49.21875,112.5,63.28125
05-03,11,49.21875,112.5,63.28125
05-03,12,49.21875,112.5,63.28125
05-03,13,49.21875,112.5,63.28125
05-03,14,49.21875,112.5,63.28125
05-03,15,49.21875,112.5,63.28125
05-03,16,49.21875,112.5,63.28125
05-03,17,49.21875,112.5,63.28125
05-03,18,49.21875,105.46875,56.25
05-03,19,49.21875,105.46875,56.25
05-03,20,49.21875,105.46875,56.25
05-03,21,49.21875,112.5,63.28125
05-03,22,49.21875,112.5,63.28125
05-03,23,49.21875,112.5,63.28125
05-03,24,49.21875,112.5,63.28125
05-03,25,49.21875,112.5,63.28125
05-03,26,98.4375,112.5,14.0625
05-03,27,98.4375,112.5,14.0625
05-03,28,49.21875,112.5,63.28125
05-03,29,49.21875,112.5,63.28125
05-03,30,49.21875,112.5,63.28125
05-03,31,49.21875,112.5,63.28125
05-03,32,49.21875,91.40625,42.1875
05-03,33,49.21875,112.5,63.28125
05-03,34,49.21875,112.5,63.28125
05-03,35,49.21875,112.5,63.28125
05-03,36,49.21875,112.5,63.28125
05-03,37,49.21875,112.5,63.28125
05-03,38,49.21875,112.5,63.28125
05-03,39,105.46875,112.5,7.03125
05-03,40,105.46875,112.5,7.03125
05-03,41,49.21875,112.5,63.28125
05-03,42,105.46875,112.5,7.03125
05-03,43,49.21875,112.5,63.28125
05-03,44,105.46875,105.46875,0.0
05-03,45,49.21875,112.5,63.28125
05-03,46,49.21875,112.5,63.28125
05-03,47,49.21875,98.4375,49.21875
05-03,48,49.21875,98.4375,49.21875
05-03,49,49.21875,105.46875,56.25
05-03,50,49.21875,112.5,63.28125
05-03,51,49.21875,105.46875,56.25
05-03,52,49.21875,112.5,63.28125
05-03,53,49.21875,105.46875,56.25
05-03,54,49.21875,98.4375,49.21875
05-03,55,49.21875,98.4375,49.21875
05-03,56,105.46875,98.4375,-7.03125
05-03,57,105.46875,98.4375,-7.03125
05-03,58,49.21875,105.46875,56.25
05-03,59,49.21875,98.4375,49.21875
05-03,60,105.46875,98.4375,-7.03125
05-03,61,105.46875,98.4375,-7.03125
05-03,62,105.46875,112.5,7.03125
05-03,63,105.46875,84.375,-21.09375
05-03,64,105.46875,91.40625,-14.0625
05-03,65,105.46875,91.40625,-14.0625
05-03,66,49.21875,112.5,63.28125
05-03,67,49.21875,98.4375,49.21875
05-03,68,49.21875,98.4375,49.21875
05-03,69,49.21875,98.4375,49.21875
05-03,70,49.21875,98.4375,49.21875
05-03,71,49.21875,112.5,63.28125
05-03,72,49.21875,112.5,63.28125
05-03,73,49.21875,112.5,63.28125
05-03,74,98.4375,112.5,14.0625
05-03,75,98.4375,112.5,14.0625
05-03,76,98.4375,119.53125,21.09375
05-03,77,98.4375,112.5,14.0625
05-03,78,98.4375,105.46875,7.03125
05-03,79,98.4375,105.46875,7.03125
05-03,80,98.4375,105.46875,7.03125
05-03,81,98.4375,112.5,14.0625
05-03,82,98.4375,105.46875,7.03125
05-03,83,49.21875,105.46875,56.25
05-03,84,49.21875,98.4375,49.21875
05-03,85,49.21875,91.40625,42.1875
05-03,86,49.21875,91.40625,42.1875
05-03,87,49.21875,91.40625,42.1875
05-03,88,49.21875,98.4375,49.21875
05-03,89,49.21875,112.5,63.28125
05-03,90,49.21875,112.5,63.28125
05-03,91,49.21875,112.5,63.28125
05-03,92,49.21875,91.40625,42.1875
05-03,93,49.21875,105.46875,56.25
05-03,94,49.21875,91.40625,42.1875
05-03,95,49.21875,112.5,63.28125
05-03,96,49.21875,105.46875,56.25
05-03,97,49.21875,98.4375,49.21875
05-03,98,49.21875,112.5,63.28125
05-03,99,49.21875,112.5,63.28125
05-03,100,49.21875,91.40625,42.1875
05-03,101,49.21875,91.40625,42.1875
05-03,102,49.21875,91.40625,42.1875
05-03,103,49.21875,112.5,63.28125
05-03,104,49.21875,112.5,63.28125
05-03,105,49.21875,112.5,63.28125
05-03,106,49.21875,112.5,63.28125
05-03,107,49.21875,112.5,63.28125
05-03,108,49.21875,98.4375,49.21875
05-03,109,49.21875,98.4375,49.21875
05-03,110,49.21875,112.5,63.28125
05-03,111,49.21875,112.5,63.28125
05-03,112,49.21875,112.5,63.28125
05-03,113,49.21875,112.5,63.28125
05-03,114,49.21875,84.375,35.15625
05-03,115,49.21875,112.5,63.28125
05-03,116,49.21875,112.5,63.28125
05-03,117,49.21875,105.46875,56.25
05-03,118,49.21875,112.5,63.28125
05-03,119,49.21875,91.40625,42.1875
05-03,120,49.21875,91.40625,42.1875
05-03,121,49.21875,91.40625,42.1875
05-03,122,49.21875,112.5,63.28125
05-03,123,49.21875,112.5,63.28125
05-03,124,49.21875,112.5,63.28125
05-03,125,49.21875,112.5,63.28125
05-03,126,49.21875,112.5,63.28125
05-03,127,49.21875,98.4375,49.21875
05-03,128,49.21875,98.4375,49.21875
05-03,129,49.21875,112.5,63.28125
05-03,130,49.21875,112.5,63.28125
05-03,131,49.21875,112.5,63.28125
05-03,132,49.21875,112.5,63.28125
05-03,133,49.21875,112.5,63.28125
05-03,134,49.21875,98.4375,49.21875
05-03,135,49.21875,91.40625,42.1875
05-03,136,49.21875,112.5,63.28125
05-03,137,49.21875,91.40625,42.1875
05-03,138,49.21875,91.40625,42.1875
05-03,139,49.21875,91.40625,42.1875
05-03,140,49.21875,112.5,63.28125
05-03,141,49.21875,112.5,63.28125
05-03,142,49.21875,112.5,63.28125
05-03,143,49.21875,112.5,63.28125
05-03,144,49.21875,98.4375,49.21875
05-03,145,49.21875,112.5,63.28125
05-03,146,49.21875,112.5,63.28125
05-03,147,49.21875,112.5,63.28125
05-03,148,49.21875,112.5,63.28125
05-03,149,49.21875,112.5,63.28125
05-03,150,49.21875,112.5,63.28125
05-03,151,49.21875,112.5,63.28125
05-03,152,49.21875,112.5,63.28125
05-03,153,49.21875,112.5,63.28125
05-03,154,49.21875,105.46875,56.25
05-03,155,49.21875,91.40625,42.1875
05-03,156,49.21875,91.40625,42.1875
05-03,157,49.21875,91.40625,42.1875
05-03,158,49.21875,91.40625,42.1875
05-03,159,49.21875,98.4375,49.21875
05-03,160,49.21875,105.46875,56.25
05-03,161,49.21875,112.5,63.28125
05-03,162,49.21875,112.5,63.28125
05-03,163,49.21875,112.5,63.28125
05-03,164,49.21875,112.5,63.28125
05-03,165,49.21875,119.53125,70.3125
05-03,166,49.21875,112.5,63.28125
05-03,167,49.21875,84.375,35.15625
05-03,168,49.21875,84.375,35.15625
05-03,169,49.21875,91.40625,42.1875
05-03,170,49.21875,91.40625,42.1875
05-03,171,49.21875,91.40625,42.1875
05-03,172,49.21875,98.4375,49.21875
05-03,173,49.21875,98.4375,49.21875
05-03,174,49.21875,98.4375,49.21875
05-03,175,49.21875,98.4375,49.21875
05-03,176,49.21875,98.4375,49.21875
05-03,177,49.21875,98.4375,49.21875
05-03,178,49.21875,98.4375,49.21875
05-03,179,49.21875,98.4375,49.21875
05-03,180,49.21875,98.4375,49.21875
05-03,181,49.21875,98.4375,49.21875
05-03,182,49.21875,98.4375,49.21875
05-03,183,49.21875,98.4375,49.21875
05-03,184,49.21875,105.46875,56.25
05-03,185,49.21875,98.4375,49.21875
05-03,186,49.21875,112.5,63.28125
05-03,187,49.21875,112.5,63.28125
05-03,188,49.21875,112.5,63.28125
05-03,189,49.21875,112.5,63.28125
05-03,190,49.21875,84.375,35.15625
05-03,191,49.21875,91.40625,42.1875
05-03,192,49.21875,98.4375,49.21875
05-03,193,49.21875,98.4375,49.21875
05-03,194,49.21875,105.46875,56.25
05-03,195,49.21875,112.5,63.28125
05-03,196,49.21875,112.5,63.28125
05-03,197,49.21875,112.5,63.28125
05-03,198,49.21875,105.46875,56.25
05-03,199,49.21875,112.5,63.28125
05-03,200,49.21875,98.4375,49.21875
05-03,201,49.21875,112.5,63.28125
05-04,0,56.25,112.5,56.25
05-04,1,56.25,112.5,56.25
05-04,2,56.25,112.5,56.25
05-04,3,56.25,84.375,28.125
05-04,4,56.25,112.5,56.25
05-04,5,56.25,112.5,56.25
05-04,6,56.25,112.5,56.25
05-04,7,56.25,112.5,56.25
05-04,8,56.25,105.46875,49.21875
05-04,9,56.25,105.46875,49.21875
05-04,10,56.25,98.4375,42.1875
05-04,11,56.25,98.4375,42.1875
05-04,12,49.21875,105.46875,56.25
05-04,13,105.46875,105.46875,0.0
05-04,14,49.21875,91.40625,42.1875
05-04,15,49.21875,84.375,35.15625
05-04,16,49.21875,84.375,35.15625
05-04,17,49.21875,112.5,63.28125
05-04,18,49.21875,112.5,63.28125
05-04,19,49.21875,112.5,63.28125
05-04,20,49.21875,112.5,63.28125
05-04,21,49.21875,112.5,63.28125
05-04,22,49.21875,112.5,63.28125
05-04,23,105.46875,112.5,7.03125
05-04,24,105.46875,112.5,7.03125
05-04,25,105.46875,98.4375,-7.03125
05-04,26,105.46875,91.40625,-14.0625
05-04,27,105.46875,91.40625,-14.0625
05-04,28,105.46875,91.40625,-14.0625
05-04,29,56.25,91.40625,35.15625
05-04,30,56.25,91.40625,35.15625
05-04,31,56.25,84.375,28.125
05-04,32,56.25,105.46875,49.21875
05-04,33,56.25,98.4375,42.1875
05-04,34,56.25,112.5,56.25
05-04,35,56.25,112.5,56.25
05-04,36,56.25,112.5,56.25
05-04,37,56.25,112.5,56.25
05-04,38,56.25,112.5,56.25
05-04,39,56.25,112.5,56.25
05-04,40,56.25,112.5,56.25
05-04,41,56.25,112.5,56.25
05-04,42,56.25,98.4375,42.1875
05-04,43,56.25,112.5,56.25
05-04,44,56.25,112.5,56.25
05-04,45,56.25,112.5,56.25
05-04,46,56.25,112.5,56.25
05-04,47,56.25,84.375,28.125
05-04,48,56.25,112.5,56.25
05-04,49,56.25,112.5,56.25
05-04,50,56.25,112.5,56.25
05-04,51,56.25,84.375,28.125
05-04,52,56.25,112.5,56.25
05-04,53,56.25,112.5,56.25
05-04,54,105.46875,112.5,7.03125
05-04,55,105.46875,112.5,7.03125
05-04,56,105.46875,112.5,7.03125
05-04,57,105.46875,112.5,7.03125
05-04,58,105.46875,112.5,7.03125
05-04,59,105.46875,112.5,7.03125
05-04,60,105.46875,112.5,7.03125
05-04,61,105.46875,112.5,7.03125
05-04,62,105.46875,112.5,7.03125
05-04,63,105.46875,112.5,7.03125
05-04,64,105.46875,112.5,7.03125
05-04,65,105.46875,112.5,7.03125
05-04,66,105.46875,112.5,7.03125
05-04,67,105.46875,112.5,7.03125
05-04,68,105.46875,112.5,7.03125
05-04,69,105.46875,84.375,-21.09375
05-04,70,105.46875,84.375,-21.09375
05-04,71,105.46875,112.5,7.03125
05-04,72,105.46875,112.5,7.03125
05-04,73,105.46875,112.5,7.03125
05-04,74,105.46875,112.5,7.03125
05-04,75,105.46875,112.5,7.03125
05-04,76,105.46875,112.5,7.03125
05-04,77,49.21875,112.5,63.28125
05-04,78,49.21875,112.5,63.28125
05-04,79,49.21875,98.4375,49.21875
05-04,80,49.21875,112.5,63.28125
05-04,81,49.21875,112.5,63.28125
05-04,82,49.21875,112.5,63.28125
05-04,83,49.21875,84.375,35.15625
05-04,84,49.21875,91.40625,42.1875
05-04,85,49.21875,98.4375,49.21875
05-04,86,49.21875,98.4375,49.21875
05-04,87,49.21875,105.46875,56.25
05-04,88,49.21875,112.5,63.28125
05-04,89,49.21875,98.4375,49.21875
05-04,90,49.21875,98.4375,49.21875
05-04,91,49.21875,91.40625,42.1875
05-04,92,49.21875,105.46875,56.25
05-04,93,49.21875,112.5,63.28125
05-04,94,49.21875,112.5,63.28125
05-04,95,105.46875,112.5,7.03125
05-04,96,56.25,112.5,56.25
05-04,97,56.25,112.5,56.25
05-04,98,105.46875,98.4375,-7.03125
05-04,99,49.21875,105.46875,56.25
05-04,100,49.21875,105.46875,56.25
05-04,101,105.46875,105.46875,0.0
05-04,102,105.46875,105.46875,0.0
05-04,103,56.25,105.46875,49.21875
05-04,104,105.46875,105.46875,0.0
05-04,105,105.46875,105.46875,0.0
05-04,106,105.46875,105.46875,0.0
05-04,107,105.46875,98.4375,-7.03125
05-04,108,105.46875,112.5,7.03125
05-04,109,105.46875,112.5,7.03125
05-04,110,105.46875,112.5,7.03125
05-04,111,105.46875,112.5,7.03125
05-04,112,105.46875,112.5,7.03125
05-04,113,56.25,98.4375,42.1875
05-04,114,105.46875,91.40625,-14.0625
05-04,115,105.46875,91.40625,-14.0625
05-04,116,105.46875,91.40625,-14.0625
05-04,117,105.46875,84.375,-21.09375
05-04,118,105.46875,84.375,-21.09375
05-04,119,49.21875,105.46875,56.25
05-04,120,56.25,98.4375,42.1875
05-04,121,105.46875,105.46875,0.0
05-04,122,105.46875,105.46875,0.0
05-04,123,49.21875,112.5,63.28125
05-04,124,49.21875,105.46875,56.25
05-04,125,49.21875,105.46875,56.25
05-04,126,49.21875,105.46875,56.25
05-04,127,49.21875,105.46875,56.25
05-04,128,49.21875,112.5,63.28125
05-04,129,49.21875,98.4375,49.21875
05-04,130,49.21875,98.4375,49.21875
05-04,131,49.21875,105.46875,56.25
05-04,132,49.21875,112.5,63.28125
05-04,133,49.21875,112.5,63.28125
05-04,134,49.21875,112.5,63.28125
05-04,135,49.21875,112.5,63.28125
05-04,136,49.21875,112.5,63.28125
05-04,137,49.21875,105.46875,56.25
05-04,138,49.21875,105.46875,56.25
05-04,139,49.21875,98.4375,49.21875
05-04,140,49.21875,112.5,63.28125
05-04,141,49.21875,112.5,63.28125
05-04,142,105.46875,105.46875,0.0
05-04,143,49.21875,105.46875,56.25
05-04,144,49.21875,105.46875,56.25
05-04,145,49.21875,112.5,63.28125
05-04,146,49.21875,112.5,63.28125
05-04,147,49.21875,105.46875,56.25
05-04,148,49.21875,98.4375,49.21875
05-04,149,49.21875,112.5,63.28125
05-04,150,49.21875,105.46875,56.25
05-04,151,49.21875,105.46875,56.25
05-04,152,49.21875,105.46875,56.25
05-04,153,49.21875,98.4375,49.21875
05-04,154,49.21875,112.5,63.28125
05-04,155,49.21875,112.5,63.28125
05-04,156,49.21875,112.5,63.28125
05-04,157,49.21875,112.5,63.28125
05-04,158,49.21875,112.5,63.28125
05-04,159,49.21875,112.5,63.28125
05-04,160,49.21875,112.5,63.28125
05-04,161,49.21875,112.5,63.28125
05-04,162,49.21875,105.46875,56.25
05-04,163,49.21875,112.5,63.28125
05-04,164,49.21875,98.4375,49.21875
05-04,165,49.21875,105.46875,56.25
05-04,166,49.21875,112.5,63.28125
05-04,167,49.21875,112.5,63.28125
05-04,168,49.21875,112.5,63.28125
05-04,169,49.21875,84.375,35.15625
05-04,170,49.21875,84.375,35.15625
05-04,171,49.21875,98.4375,49.21875
05-04,172,49.21875,98.4375,49.21875
05-04,173,49.21875,98.4375,49.21875
05-04,174,49.21875,98.4375,49.21875
05-04,175,56.25,98.4375,42.1875
05-04,176,56.25,105.46875,49.21875
05-04,177,56.25,105.46875,49.21875
05-04,178,56.25,105.46875,49.21875
05-04,179,56.25,105.46875,49.21875
05-04,180,56.25,112.5,56.25
05-04,181,56.25,119.53125,63.28125
05-04,182,56.25,112.5,56.25
05-04,183,56.25,112.5,56.25
05-04,184,56.25,112.5,56.25
05-04,185,105.46875,112.5,7.03125
05-04,186,49.21875,112.5,63.28125
05-04,187,49.21875,112.5,63.28125
05-04,188,49.21875,105.46875,56.25
05-04,189,49.21875,112.5,63.28125
05-04,190,49.21875,112.5,63.28125
05-04,191,49.21875,112.5,63.28125
05-04,192,49.21875,91.40625,42.1875
05-04,193,49.21875,112.5,63.28125
05-04,194,49.21875,98.4375,49.21875
05-04,195,49.21875,112.5,63.28125
05-04,196,49.21875,105.46875,56.25
05-04,197,49.21875,98.4375,49.21875
05-04,198,49.21875,112.5,63.28125
05-04,199,49.21875,105.46875,56.25
05-04,200,49.21875,98.4375,49.21875
05-04,201,49.21875,91.40625,42.1875
05-04,202,49.21875,112.5,63.28125
05-04,203,105.46875,112.5,7.03125
05-04,204,105.46875,112.5,7.03125
05-05,0,49.21875,112.5,63.28125
05-05,1,49.21875,98.4375,49.21875
05-05,2,49.21875,112.5,63.28125
05-05,3,49.21875,112.5,63.28125
05-05,4,49.21875,112.5,63.28125
05-05,5,49.21875,98.4375,49.21875
05-05,6,49.21875,105.46875,56.25
05-05,7,49.21875,91.40625,42.1875
05-05,8,49.21875,91.40625,42.1875
05-05,9,49.21875,91.40625,42.1875
05-05,10,98.4375,91.40625,-7.03125
05-05,11,98.4375,91.40625,-7.03125
05-05,12,98.4375,91.40625,-7.03125
05-05,13,98.4375,91.40625,-7.03125
05-05,14,49.21875,91.40625,42.1875
05-05,15,49.21875,91.40625,42.1875
05-05,16,49.21875,91.40625,42.1875
05-05,17,49.21875,112.5,63.28125
05-05,18,49.21875,91.40625,42.1875
05-05,19,49.21875,84.375,35.15625
05-05,20,49.21875,91.40625,42.1875
05-05,21,98.4375,98.4375,0.0
05-05,22,49.21875,112.5,63.28125
05-05,23,98.4375,98.4375,0.0
05-05,24,49.21875,98.4375,49.21875
05-05,25,49.21875,98.4375,49.21875
05-05,26,49.21875,98.4375,49.21875
05-05,27,49.21875,112.5,63.28125
05-05,28,49.21875,112.5,63.28125
05-05,29,49.21875,91.40625,42.1875
05-05,30,49.21875,91.40625,42.1875
05-05,31,49.21875,98.4375,49.21875
05-05,32,49.21875,98.4375,49.21875
05-05,33,49.21875,98.4375,49.21875
05-05,34,49.21875,98.4375,49.21875
05-05,35,49.21875,98.4375,49.21875
05-05,36,49.21875,98.4375,49.21875
05-05,37,49.21875,112.5,63.28125
05-05,38,49.21875,84.375,35.15625
05-05,39,49.21875,112.5,63.28125
05-05,40,49.21875,105.46875,56.25
05-05,41,49.21875,84.375,35.15625
05-05,42,49.21875,112.5,63.28125
05-05,43,49.21875,112.5,63.28125
05-05,44,49.21875,105.46875,56.25
05-05,45,49.21875,105.46875,56.25
05-05,46,49.21875,98.4375,49.21875
05-05,47,49.21875,98.4375,49.21875
05-05,48,49.21875,91.40625,42.1875
05-05,49,98.4375,91.40625,-7.03125
05-05,50,49.21875,98.4375,49.21875
05-05,51,98.4375,91.40625,-7.03125
05-05,52,49.21875,91.40625,42.1875
05-05,53,49.21875,91.40625,42.1875
05-05,54,49.21875,98.4375,49.21875
05-05,55,49.21875,98.4375,49.21875
05-05,56,49.21875,112.5,63.28125
05-05,57,49.21875,105.46875,56.25
05-05,58,98.4375,105.46875,7.03125
05-05,59,98.4375,112.5,14.0625
05-05,60,49.21875,98.4375,49.21875
05-05,61,98.4375,98.4375,0.0
05-05,62,49.21875,98.4375,49.21875
05-05,63,49.21875,98.4375,49.21875
05-05,64,98.4375,98.4375,0.0
05-05,65,49.21875,98.4375,49.21875
05-05,66,49.21875,98.4375,49.21875
05-05,67,49.21875,91.40625,42.1875
05-05,68,49.21875,98.4375,49.21875
05-05,69,49.21875,98.4375,49.21875
05-05,70,49.21875,105.46875,56.25
05-05,71,49.21875,98.4375,49.21875
05-05,72,49.21875,98.4375,49.21875
05-05,73,49.21875,98.4375,49.21875
05-05,74,49.21875,98.4375,49.21875
05-05,75,49.21875,98.4375,49.21875
05-05,76,49.21875,98.4375,49.21875
05-05,77,49.21875,98.4375,49.21875
05-05,78,49.21875,105.46875,56.25
05-05,79,49.21875,112.5,63.28125
05-05,80,49.21875,98.4375,49.21875
05-05,81,49.21875,105.46875,56.25
05-05,82,49.21875,91.40625,42.1875
05-05,83,49.21875,112.5,63.28125
05-05,84,49.21875,84.375,35.15625
05-05,85,49.21875,84.375,35.15625
05-05,86,98.4375,91.40625,-7.03125
05-05,87,49.21875,91.40625,42.1875
05-05,88,98.4375,112.5,14.0625
05-05,89,49.21875,112.5,63.28125
05-05,90,49.21875,98.4375,49.21875
05-05,91,49.21875,98.4375,49.21875
05-05,92,49.21875,98.4375,49.21875
05-05,93,49.21875,105.46875,56.25
05-05,94,49.21875,112.5,63.28125
05-05,95,49.21875,105.46875,56.25
05-05,96,49.21875,112.5,63.28125
05-05,97,49.21875,112.5,63.28125
05-05,98,49.21875,112.5,63.28125
05-05,99,49.21875,112.5,63.28125
05-05,100,49.21875,112.5,63.28125
05-05,101,49.21875,112.5,63.28125
05-05,102,49.21875,112.5,63.28125
05-05,103,49.21875,112.5,63.28125
05-05,104,49.21875,98.4375,49.21875
05-05,105,49.21875,112.5,63.28125
05-05,106,49.21875,105.46875,56.25
05-05,107,49.21875,98.4375,49.21875
05-05,108,49.21875,91.40625,42.1875
05-05,109,49.21875,91.40625,42.1875
05-05,110,49.21875,91.40625,42.1875
05-05,111,49.21875,91.40625,42.1875
05-05,112,49.21875,91.40625,42.1875
05-05,113,49.21875,91.40625,42.1875
05-05,114,49.21875,91.40625,42.1875
05-05,115,49.21875,91.40625,42.1875
05-05,116,49.21875,91.40625,42.1875
05-05,117,49.21875,91.40625,42.1875
05-05,118,49.21875,91.40625,42.1875
05-05,119,49.21875,91.40625,42.1875
05-05,120,49.21875,91.40625,42.1875
05-05,121,49.21875,91.40625,42.1875
05-05,122,49.21875,91.40625,42.1875
05-05,123,49.21875,105.46875,56.25
05-05,124,49.21875,112.5,63.28125
05-05,125,49.21875,105.46875,56.25
05-05,126,49.21875,105.46875,56.25
05-05,127,49.21875,105.46875,56.25
05-05,128,49.21875,105.46875,56.25
05-05,129,49.21875,98.4375,49.21875
05-05,130,49.21875,91.40625,42.1875
05-05,131,49.21875,112.5,63.28125
05-05,132,49.21875,98.4375,49.21875
05-05,133,49.21875,98.4375,49.21875
05-05,134,49.21875,98.4375,49.21875
05-05,135,49.21875,112.5,63.28125
05-05,136,49.21875,112.5,63.28125
05-05,137,49.21875,91.40625,42.1875
05-05,138,49.21875,91.40625,42.1875
05-05,139,49.21875,98.4375,49.21875
05-05,140,49.21875,98.4375,49.21875
05-05,141,49.21875,119.53125,70.3125
05-05,142,49.21875,91.40625,42.1875
05-05,143,49.21875,84.375,35.15625
05-05,144,49.21875,84.375,35.15625
05-05,145,49.21875,91.40625,42.1875
05-05,146,49.21875,98.4375,49.21875
05-05,147,49.21875,112.5,63.28125
05-05,148,49.21875,98.4375,49.21875
05-05,149,49.21875,105.46875,56.25
05-05,150,49.21875,112.5,63.28125
05-05,151,49.21875,112.5,63.28125
05-05,152,49.21875,112.5,63.28125
05-05,153,49.21875,112.5,63.28125
05-05,154,49.21875,112.5,63.28125
05-05,155,49.21875,91.40625,42.1875
05-05,156,49.21875,112.5,63.28125
05-05,157,49.21875,112.5,63.28125
05-05,158,49.21875,112.5,63.28125
05-05,159,49.21875,112.5,63.28125
05-05,160,49.21875,112.5,63.28125
05-05,161,49.21875,112.5,63.28125
05-05,162,49.21875,112.5,63.28125
05-05,163,49.21875,112.5,63.28125
05-05,164,49.21875,112.5,63.28125
05-05,165,49.21875,112.5,63.28125
05-05,166,49.21875,98.4375,49.21875
05-05,167,49.21875,105.46875,56.25
05-05,168,49.21875,112.5,63.28125
05-05,169,49.21875,105.46875,56.25
05-06,0,105.46875,112.5,7.03125
05-06,1,105.46875,112.5,7.03125
05-06,2,105.46875,112.5,7.03125
05-06,3,105.46875,98.4375,-7.03125
05-06,4,105.46875,98.4375,-7.03125
05-06,5,105.46875,112.5,7.03125
05-06,6,49.21875,112.5,63.28125
05-06,7,49.21875,112.5,63.28125
05-06,8,49.21875,84.375,35.15625
05-06,9,49.21875,112.5,63.28125
05-06,10,49.21875,105.46875,56.25
05-06,11,49.21875,112.5,63.28125
05-06,12,49.21875,84.375,35.15625
05-06,13,49.21875,84.375,35.15625
05-06,14,49.21875,84.375,35.15625
05-06,15,49.21875,84.375,35.15625
05-06,16,49.21875,84.375,35.15625
05-06,17,49.21875,84.375,35.15625
05-06,18,49.21875,84.375,35.15625
05-06,19,49.21875,112.5,63.28125
05-06,20,49.21875,105.46875,56.25
05-06,21,49.21875,105.46875,56.25
05-06,22,49.21875,112.5,63.28125
05-06,23,49.21875,112.5,63.28125
05-06,24,49.21875,112.5,63.28125
05-06,25,49.21875,112.5,63.28125
05-06,26,56.25,112.5,56.25
05-06,27,49.21875,105.46875,56.25
05-06,28,49.21875,105.46875,56.25
05-06,29,49.21875,105.46875,56.25
05-06,30,49.21875,105.46875,56.25
05-06,31,49.21875,98.4375,49.21875
05-06,32,49.21875,98.4375,49.21875
05-06,33,49.21875,98.4375,49.21875
05-06,34,49.21875,98.4375,49.21875
05-06,35,49.21875,98.4375,49.21875
05-06,36,49.21875,98.4375,49.21875
05-06,37,49.21875,98.4375,49.21875
05-06,38,49.21875,98.4375,49.21875
05-06,39,49.21875,84.375,35.15625
05-06,40,49.21875,112.5,63.28125
05-06,41,49.21875,112.5,63.28125
05-06,42,49.21875,84.375,35.15625
05-06,43,49.21875,112.5,63.28125
05-06,44,49.21875,84.375,35.15625
05-06,45,49.21875,84.375,35.15625
05-06,46,49.21875,84.375,35.15625
05-06,47,49.21875,84.375,35.15625
05-06,48,49.21875,84.375,35.15625
05-06,49,49.21875,77.34375,28.125
05-06,50,49.21875,105.46875,56.25
05-06,51,49.21875,91.40625,42.1875
05-06,52,49.21875,91.40625,42.1875
05-06,53,49.21875,91.40625,42.1875
05-06,54,49.21875,91.40625,42.1875
05-06,55,49.21875,91.40625,42.1875
05-06,56,49.21875,98.4375,49.21875
05-06,57,49.21875,98.4375,49.21875
05-06,58,49.21875,98.4375,49.21875
05-06,59,49.21875,98.4375,49.21875
05-06,60,49.21875,98.4375,49.21875
05-06,61,49.21875,98.4375,49.21875
05-06,62,49.21875,98.4375,49.21875
05-06,63,49.21875,98.4375,49.21875
05-06,64,49.21875,98.4375,49.21875
05-06,65,49.21875,91.40625,42.1875
05-06,66,49.21875,91.40625,42.1875
05-06,67,105.46875,112.5,7.03125
05-06,68,105.46875,91.40625,-14.0625
05-06,69,49.21875,112.5,63.28125
05-06,70,105.46875,91.40625,-14.0625
05-06,71,105.46875,91.40625,-14.0625
05-06,72,105.46875,112.5,7.03125
05-06,73,105.46875,98.4375,-7.03125
05-06,74,105.46875,98.4375,-7.03125
05-06,75,105.46875,98.4375,-7.03125
05-06,76,105.46875,98.4375,-7.03125
05-06,77,49.21875,98.4375,49.21875
05-06,78,49.21875,91.40625,42.1875
05-06,79,49.21875,91.40625,42.1875
05-06,80,49.21875,91.40625,42.1875
05-06,81,49.21875,91.40625,42.1875
05-06,82,49.21875,91.40625,42.1875
05-06,83,49.21875,91.40625,42.1875
05-06,84,49.21875,91.40625,42.1875
05-06,85,49.21875,91.40625,42.1875
05-06,86,49.21875,98.4375,49.21875
05-06,87,49.21875,98.4375,49.21875
05-06,88,49.21875,112.5,63.28125
05-06,89,49.21875,105.46875,56.25
05-06,90,49.21875,112.5,63.28125
05-06,91,49.21875,105.46875,56.25
05-06,92,49.21875,105.46875,56.25
05-06,93,49.21875,105.46875,56.25
05-06,94,49.21875,105.46875,56.25
05-06,95,49.21875,105.46875,56.25
05-06,96,49.21875,112.5,63.28125
05-06,97,49.21875,112.5,63.28125
05-06,98,49.21875,105.46875,56.25
05-06,99,49.21875,112.5,63.28125
05-06,100,49.21875,112.5,63.28125
05-06,101,49.21875,105.46875,56.25
05-06,102,49.21875,98.4375,49.21875
05-06,103,49.21875,98.4375,49.21875
05-06,104,49.21875,105.46875,56.25
05-06,105,49.21875,98.4375,49.21875
05-06,106,49.21875,112.5,63.28125
05-06,107,49.21875,112.5,63.28125
05-06,108,49.21875,98.4375,49.21875
05-06,109,49.21875,91.40625,42.1875
05-06,110,49.21875,91.40625,42.1875
05-06,111,49.21875,91.40625,42.1875
05-06,112,49.21875,91.40625,42.1875
05-06,113,49.21875,91.40625,42.1875
05-06,114,49.21875,91.40625,42.1875
05-06,115,49.21875,91.40625,42.1875
05-06,116,49.21875,91.40625,42.1875
05-06,117,49.21875,91.40625,42.1875
05-06,118,49.21875,91.40625,42.1875
05-06,119,49.21875,91.40625,42.1875
05-06,120,49.21875,91.40625,42.1875
05-06,121,49.21875,91.40625,42.1875
05-06,122,49.21875,91.40625,42.1875
05-06,123,49.21875,91.40625,42.1875
05-06,124,49.21875,91.40625,42.1875
05-06,125,49.21875,98.4375,49.21875
05-06,126,49.21875,98.4375,49.21875
05-06,127,49.21875,98.4375,49.21875
05-06,128,49.21875,98.4375,49.21875
05-06,129,49.21875,98.4375,49.21875
05-06,130,49.21875,98.4375,49.21875
05-06,131,49.21875,98.4375,49.21875
05-06,132,49.21875,112.5,63.28125
05-06,133,49.21875,98.4375,49.21875
05-06,134,49.21875,98.4375,49.21875
05-06,135,49.21875,98.4375,49.21875
05-06,136,49.21875,98.4375,49.21875
05-06,137,49.21875,112.5,63.28125
05-06,138,49.21875,91.40625,42.1875
05-06,139,49.21875,98.4375,49.21875
05-06,140,49.21875,98.4375,49.21875
05-06,141,49.21875,98.4375,49.21875
05-06,142,49.21875,98.4375,49.21875
05-06,143,49.21875,98.4375,49.21875
05-06,144,49.21875,98.4375,49.21875
05-06,145,49.21875,98.4375,49.21875
05-06,146,49.21875,105.46875,56.25
05-06,147,49.21875,112.5,63.28125
05-06,148,49.21875,112.5,63.28125
05-06,149,49.21875,105.46875,56.25
05-06,150,49.21875,105.46875,56.25
05-06,151,49.21875,112.5,63.28125
05-06,152,49.21875,112.5,63.28125
05-06,153,49.21875,105.46875,56.25
05-06,154,49.21875,105.46875,56.25
05-06,155,49.21875,112.5,63.28125
05-06,156,49.21875,112.5,63.28125
05-06,157,49.21875,105.46875,56.25
05-06,158,49.21875,98.4375,49.21875
05-06,159,49.21875,98.4375,49.21875
05-06,160,49.21875,105.46875,56.25
05-06,161,49.21875,105.46875,56.25
05-06,162,49.21875,105.46875,56.25
05-06,163,49.21875,105.46875,56.25
05-06,164,49.21875,105.46875,56.25
05-06,165,49.21875,112.5,63.28125
05-06,166,49.21875,112.5,63.28125
05-06,167,49.21875,112.5,63.28125
05-06,168,49.21875,112.5,63.28125
05-06,169,49.21875,112.5,63.28125
06-01,0,70.3125,105.46875,35.15625
06-01,1,70.3125,91.40625,21.09375
06-01,2,70.3125,112.5,42.1875
06-01,3,70.3125,112.5,42.1875
06-01,4,70.3125,112.5,42.1875
06-01,5,70.3125,112.5,42.1875
06-01,6,70.3125,112.5,42.1875
06-01,7,70.3125,112.5,42.1875
06-01,8,70.3125,112.5,42.1875
06-01,9,70.3125,112.5,42.1875
06-01,10,70.3125,112.5,42.1875
06-01,11,63.28125,112.5,49.21875
06-01,12,70.3125,91.40625,21.09375
06-01,13,63.28125,91.40625,28.125
06-01,14,63.28125,112.5,49.21875
06-01,15,63.28125,112.5,49.21875
06-01,16,63.28125,112.5,49.21875
06-01,17,63.28125,112.5,49.21875
06-01,18,63.28125,112.5,49.21875
06-01,19,63.28125,112.5,49.21875
06-01,20,63.28125,112.5,49.21875
06-01,21,63.28125,112.5,49.21875
06-01,22,63.28125,112.5,49.21875
06-01,23,63.28125,112.5,49.21875
06-01,24,63.28125,112.5,49.21875
06-01,25,63.28125,112.5,49.21875
06-01,26,63.28125,112.5,49.21875
06-01,27,63.28125,112.5,49.21875
06-01,28,63.28125,105.46875,42.1875
06-01,29,63.28125,119.53125,56.25
06-01,30,63.28125,105.46875,42.1875
06-01,31,63.28125,112.5,49.21875
06-01,32,63.28125,98.4375,35.15625
06-01,33,63.28125,98.4375,35.15625
06-01,34,63.28125,98.4375,35.15625
06-01,35,63.28125,112.5,49.21875
06-01,36,63.28125,91.40625,28.125
06-01,37,63.28125,105.46875,42.1875
06-01,38,63.28125,112.5,49.21875
06-01,39,63.28125,112.5,49.21875
06-01,40,63.28125,112.5,49.21875
06-01,41,63.28125,112.5,49.21875
06-01,42,63.28125,112.5,49.21875
06-01,43,63.28125,112.5,49.21875
06-01,44,63.28125,112.5,49.21875
06-01,45,63.28125,112.5,49.21875
06-01,46,63.28125,112.5,49.21875
06-01,47,63.28125,112.5,49.21875
06-01,48,63.28125,112.5,49.21875
06-01,49,63.28125,112.5,49.21875
06-01,50,63.28125,105.46875,42.1875
06-01,51,63.28125,112.5,49.21875
06-01,52,63.28125,98.4375,35.15625
06-01,53,63.28125,84.375,21.09375
06-01,54,63.28125,98.4375,35.15625
06-01,55,63.28125,112.5,49.21875
06-01,56,63.28125,112.5,49.21875
06-01,57,63.28125,112.5,49.21875
06-01,58,63.28125,112.5,49.21875
06-01,59,63.28125,112.5,49.21875
06-01,60,63.28125,112.5,49.21875
06-01,61,63.28125,112.5,49.21875
06-01,62,63.28125,112.5,49.21875
06-01,63,63.28125,112.5,49.21875
06-01,64,63.28125,112.5,49.21875
06-01,65,63.28125,112.5,49.21875
06-01,66,63.28125,112.5,49.21875
06-01,67,63.28125,112.5,49.21875
06-01,68,63.28125,112.5,49.21875
06-01,69,63.28125,112.5,49.21875
06-01,70,63.28125,105.46875,42.1875
06-01,71,63.28125,98.4375,35.15625
06-01,72,63.28125,112.5,49.21875
06-01,73,63.28125,98.4375,35.15625
06-01,74,63.28125,112.5,49.21875
06-01,75,63.28125,112.5,49.21875
06-01,76,63.28125,112.5,49.21875
06-01,77,63.28125,112.5,49.21875
06-01,78,63.28125,112.5,49.21875
06-01,79,63.28125,112.5,49.21875
06-01,80,63.28125,112.5,49.21875
06-01,81,63.28125,98.4375,35.15625
06-01,82,63.28125,112.5,49.21875
06-01,83,63.28125,112.5,49.21875
06-01,84,63.28125,98.4375,35.15625
06-01,85,63.28125,112.5,49.21875
06-01,86,63.28125,112.5,49.21875
06-01,87,63.28125,112.5,49.21875
06-01,88,63.28125,112.5,49.21875
06-01,89,63.28125,105.46875,42.1875
06-01,90,63.28125,105.46875,42.1875
06-01,91,63.28125,98.4375,35.15625
06-01,92,63.28125,112.5,49.21875
06-01,93,63.28125,112.5,49.21875
06-01,94,63.28125,112.5,49.21875
06-01,95,63.28125,112.5,49.21875
06-01,96,63.28125,112.5,49.21875
06-01,97,63.28125,112.5,49.21875
06-01,98,63.28125,112.5,49.21875
06-01,99,63.28125,112.5,49.21875
06-01,100,63.28125,112.5,49.21875
06-01,101,63.28125,112.5,49.21875
06-01,102,63.28125,112.5,49.21875
06-01,103,63.28125,105.46875,42.1875
06-01,104,63.28125,105.46875,42.1875
06-01,105,63.28125,112.5,49.21875
06-01,106,63.28125,105.46875,42.1875
06-01,107,63.28125,112.5,49.21875
06-01,108,63.28125,112.5,49.21875
06-01,109,63.28125,112.5,49.21875
06-01,110,63.28125,105.46875,42.1875
06-01,111,63.28125,112.5,49.21875
06-01,112,63.28125,112.5,49.21875
06-01,113,63.28125,112.5,49.21875
06-01,114,63.28125,112.5,49.21875
06-01,115,63.28125,112.5,49.21875
06-01,116,63.28125,112.5,49.21875
06-01,117,63.28125,112.5,49.21875
06-01,118,63.28125,112.5,49.21875
06-01,119,63.28125,112.5,49.21875
06-01,120,63.28125,112.5,49.21875
06-01,121,63.28125,112.5,49.21875
06-01,122,63.28125,112.5,49.21875
06-01,123,63.28125,112.5,49.21875
06-01,124,63.28125,112.5,49.21875
06-01,125,63.28125,98.4375,35.15625
06-01,126,63.28125,105.46875,42.1875
06-01,127,63.28125,105.46875,42.1875
06-01,128,63.28125,105.46875,42.1875
06-01,129,63.28125,112.5,49.21875
06-01,130,63.28125,105.46875,42.1875
06-01,131,63.28125,112.5,49.21875
06-01,132,63.28125,112.5,49.21875
06-01,133,63.28125,105.46875,42.1875
06-01,134,63.28125,105.46875,42.1875
06-01,135,63.28125,105.46875,42.1875
06-01,136,63.28125,112.5,49.21875
06-01,137,63.28125,112.5,49.21875
06-01,138,63.28125,105.46875,42.1875
06-01,139,63.28125,91.40625,28.125
06-01,140,63.28125,112.5,49.21875
06-01,141,63.28125,112.5,49.21875
06-01,142,70.3125,112.5,42.1875
06-01,143,63.28125,84.375,21.09375
06-01,144,63.28125,112.5,49.21875
06-01,145,70.3125,105.46875,35.15625
06-01,146,63.28125,112.5,49.21875
06-01,147,70.3125,105.46875,35.15625
06-01,148,70.3125,112.5,42.1875
06-01,149,70.3125,112.5,42.1875
06-01,150,70.3125,112.5,42.1875
06-01,151,63.28125,112.5,49.21875
06-01,152,63.28125,112.5,49.21875
06-01,153,63.28125,112.5,49.21875
06-01,154,63.28125,112.5,49.21875
06-01,155,63.28125,112.5,49.21875
06-01,156,63.28125,112.5,49.21875
06-01,157,63.28125,112.5,49.21875
06-01,158,63.28125,112.5,49.21875
06-01,159,63.28125,112.5,49.21875
06-01,160,63.28125,112.5,49.21875
06-01,161,63.28125,112.5,49.21875
06-01,162,63.28125,112.5,49.21875
06-01,163,63.28125,98.4375,35.15625
06-01,164,63.28125,112.5,49.21875
06-01,165,63.28125,98.4375,35.15625
06-01,166,63.28125,112.5,49.21875
06-01,167,63.28125,112.5,49.21875
06-01,168,63.28125,112.5,49.21875
06-01,169,63.28125,112.5,49.21875
06-01,170,63.28125,112.5,49.21875
06-03,0,77.34375,112.5,35.15625
06-03,1,77.34375,112.5,35.15625
06-03,2,77.34375,112.5,35.15625
06-03,3,77.34375,112.5,35.15625
06-03,4,77.34375,112.5,35.15625
06-03,5,77.34375,112.5,35.15625
06-03,6,77.34375,91.40625,14.0625
06-03,7,77.34375,112.5,35.15625
06-03,8,77.34375,112.5,35.15625
06-03,9,77.34375,112.5,35.15625
06-03,10,77.34375,112.5,35.15625
06-03,11,77.34375,112.5,35.15625
06-03,12,77.34375,112.5,35.15625
06-03,13,77.34375,112.5,35.15625
06-03,14,77.34375,112.5,35.15625
06-03,15,77.34375,112.5,35.15625
06-03,16,77.34375,112.5,35.15625
06-03,17,77.34375,112.5,35.15625
06-03,18,77.34375,112.5,35.15625
06-03,19,77.34375,112.5,35.15625
06-03,20,77.34375,91.40625,14.0625
06-03,21,70.3125,112.5,42.1875
06-03,22,70.3125,112.5,42.1875
06-03,23,70.3125,112.5,42.1875
06-03,24,70.3125,112.5,42.1875
06-03,25,70.3125,112.5,42.1875
06-03,26,70.3125,112.5,42.1875
06-03,27,70.3125,112.5,42.1875
06-03,28,70.3125,112.5,42.1875
06-03,29,70.3125,112.5,42.1875
06-03,30,70.3125,112.5,42.1875
06-03,31,70.3125,112.5,42.1875
06-03,32,70.3125,112.5,42.1875
06-03,33,70.3125,112.5,42.1875
06-03,34,70.3125,112.5,42.1875
06-03,35,70.3125,112.5,42.1875
06-03,36,70.3125,112.5,42.1875
06-03,37,70.3125,112.5,42.1875
06-03,38,70.3125,112.5,42.1875
06-03,39,70.3125,112.5,42.1875
06-03,40,70.3125,112.5,42.1875
06-03,41,70.3125,112.5,42.1875
06-03,42,70.3125,112.5,42.1875
06-03,43,70.3125,112.5,42.1875
06-03,44,70.3125,112.5,42.1875
06-03,45,70.3125,112.5,42.1875
06-03,46,70.3125,112.5,42.1875
06-03,47,70.3125,91.40625,21.09375
06-03,48,70.3125,112.5,42.1875
06-03,49,70.3125,112.5,42.1875
06-03,50,70.3125,112.5,42.1875
06-03,51,70.3125,112.5,42.1875
06-03,52,70.3125,112.5,42.1875
06-03,53,70.3125,112.5,42.1875
06-03,54,70.3125,112.5,42.1875
06-03,55,70.3125,105.46875,35.15625
06-03,56,70.3125,112.5,42.1875
06-03,57,70.3125,112.5,42.1875
06-03,58,70.3125,98.4375,28.125
06-03,59,70.3125,112.5,42.1875
06-03,60,70.3125,105.46875,35.15625
06-03,61,70.3125,112.5,42.1875
06-03,62,70.3125,112.5,42.1875
06-03,63,70.3125,91.40625,21.09375
06-03,64,70.3125,112.5,42.1875
06-03,65,70.3125,112.5,42.1875
06-03,66,70.3125,112.5,42.1875
06-03,67,70.3125,98.4375,28.125
06-03,68,70.3125,98.4375,28.125
06-03,69,70.3125,112.5,42.1875
06-03,70,70.3125,112.5,42.1875
06-03,71,70.3125,105.46875,35.15625
06-03,72,70.3125,105.46875,35.15625
06-03,73,70.3125,112.5,42.1875
06-03,74,70.3125,112.5,42.1875
06-03,75,63.28125,91.40625,28.125
06-03,76,63.28125,112.5,49.21875
06-03,77,63.28125,98.4375,35.15625
06-03,78,63.28125,112.5,49.21875
06-03,79,63.28125,112.5,49.21875
06-03,80,70.3125,112.5,42.1875
06-03,81,70.3125,112.5,42.1875
06-03,82,70.3125,112.5,42.1875
06-03,83,70.3125,112.5,42.1875
06-03,84,70.3125,112.5,42.1875
06-03,85,70.3125,112.5,42.1875
06-03,86,70.3125,112.5,42.1875
06-03,87,70.3125,112.5,42.1875
06-03,88,70.3125,91.40625,21.09375
06-03,89,70.3125,112.5,42.1875
06-03,90,70.3125,112.5,42.1875
06-03,91,70.3125,112.5,42.1875
06-03,92,70.3125,112.5,42.1875
06-03,93,70.3125,112.5,42.1875
06-03,94,70.3125,112.5,42.1875
06-03,95,70.3125,112.5,42.1875
06-03,96,70.3125,112.5,42.1875
06-03,97,70.3125,91.40625,21.09375
06-03,98,70.3125,112.5,42.1875
06-03,99,70.3125,112.5,42.1875
06-03,100,70.3125,112.5,42.1875
06-03,101,70.3125,112.5,42.1875
06-03,102,70.3125,112.5,42.1875
06-03,103,70.3125,112.5,42.1875
06-03,104,70.3125,91.40625,21.09375
06-03,105,70.3125,98.4375,28.125
06-03,106,63.28125,112.5,49.21875
06-03,107,63.28125,105.46875,42.1875
06-03,108,63.28125,91.40625,28.125
06-03,109,63.28125,119.53125,56.25
06-03,110,63.28125,105.46875,42.1875
06-03,111,63.28125,112.5,49.21875
06-03,112,63.28125,112.5,49.21875
06-03,113,63.28125,112.5,49.21875
06-03,114,63.28125,112.5,49.21875
06-03,115,63.28125,112.5,49.21875
06-03,116,63.28125,112.5,49.21875
06-03,117,63.28125,112.5,49.21875
06-03,118,70.3125,112.5,42.1875
06-03,119,70.3125,112.5,42.1875
06-03,120,70.3125,91.40625,21.09375
06-03,121,70.3125,112.5,42.1875
06-03,122,70.3125,112.5,42.1875
06-03,123,70.3125,112.5,42.1875
06-03,124,70.3125,112.5,42.1875
06-03,125,70.3125,112.5,42.1875
06-03,126,70.3125,112.5,42.1875
06-03,127,70.3125,112.5,42.1875
06-03,128,70.3125,112.5,42.1875
06-03,129,70.3125,112.5,42.1875
06-03,130,70.3125,112.5,42.1875
06-03,131,70.3125,112.5,42.1875
06-03,132,70.3125,112.5,42.1875
06-03,133,70.3125,112.5,42.1875
06-03,134,70.3125,112.5,42.1875
06-03,135,70.3125,112.5,42.1875
06-03,136,70.3125,112.5,42.1875
06-03,137,70.3125,112.5,42.1875
06-03,138,70.3125,112.5,42.1875
06-03,139,70.3125,112.5,42.1875
06-03,140,70.3125,112.5,42.1875
06-03,141,70.3125,112.5,42.1875
06-03,142,70.3125,98.4375,28.125
06-03,143,70.3125,112.5,42.1875
06-03,144,70.3125,112.5,42.1875
06-03,145,70.3125,112.5,42.1875
06-03,146,70.3125,112.5,42.1875
06-03,147,70.3125,112.5,42.1875
06-03,148,70.3125,112.5,42.1875
06-03,149,70.3125,112.5,42.1875
06-03,150,70.3125,112.5,42.1875
06-03,151,70.3125,112.5,42.1875
06-03,152,70.3125,112.5,42.1875
06-03,153,70.3125,112.5,42.1875
06-03,154,70.3125,112.5,42.1875
06-03,155,70.3125,112.5,42.1875
06-03,156,70.3125,112.5,42.1875
06-03,157,70.3125,112.5,42.1875
06-03,158,70.3125,91.40625,21.09375
06-03,159,70.3125,112.5,42.1875
06-03,160,70.3125,112.5,42.1875
06-03,161,70.3125,112.5,42.1875
06-03,162,70.3125,112.5,42.1875
06-03,163,70.3125,112.5,42.1875
06-03,164,70.3125,105.46875,35.15625
06-03,165,70.3125,112.5,42.1875
06-03,166,70.3125,112.5,42.1875
06-03,167,70.3125,112.5,42.1875
06-03,168,70.3125,112.5,42.1875
06-03,169,70.3125,98.4375,28.125
06-03,170,70.3125,112.5,42.1875
06-03,171,70.3125,112.5,42.1875
06-03,172,70.3125,112.5,42.1875
06-03,173,70.3125,112.5,42.1875
06-03,174,70.3125,112.5,42.1875
06-03,175,70.3125,112.5,42.1875
06-03,176,70.3125,98.4375,28.125
06-03,177,63.28125,98.4375,35.15625
06-03,178,63.28125,112.5,49.21875
06-03,179,63.28125,112.5,49.21875
06-03,180,63.28125,91.40625,28.125
06-03,181,63.28125,91.40625,28.125
06-03,182,70.3125,112.5,42.1875
06-03,183,70.3125,112.5,42.1875
06-03,184,70.3125,112.5,42.1875
06-03,185,70.3125,105.46875,35.15625
06-03,186,70.3125,105.46875,35.15625
06-03,187,70.3125,105.46875,35.15625
06-03,188,70.3125,105.46875,35.15625
06-03,189,70.3125,105.46875,35.15625
06-03,190,70.3125,112.5,42.1875
06-03,191,70.3125,105.46875,35.15625
06-03,192,70.3125,112.5,42.1875
06-03,193,70.3125,112.5,42.1875
06-03,194,70.3125,112.5,42.1875
06-03,195,70.3125,112.5,42.1875
06-03,196,70.3125,112.5,42.1875
06-03,197,70.3125,112.5,42.1875
06-03,198,70.3125,112.5,42.1875
06-03,199,70.3125,112.5,42.1875
06-03,200,70.3125,112.5,42.1875
06-04,0,70.3125,112.5,42.1875
06-04,1,70.3125,112.5,42.1875
06-04,2,70.3125,112.5,42.1875
06-04,3,70.3125,105.46875,35.15625
06-04,4,70.3125,112.5,42.1875
06-04,5,70.3125,112.5,42.1875
06-04,6,70.3125,112.5,42.1875
06-04,7,70.3125,112.5,42.1875
06-04,8,70.3125,112.5,42.1875
06-04,9,70.3125,112.5,42.1875
06-04,10,70.3125,105.46875,35.15625
06-04,11,70.3125,112.5,42.1875
06-04,12,70.3125,105.46875,35.15625
06-04,13,70.3125,112.5,42.1875
06-04,14,70.3125,105.46875,35.15625
06-04,15,70.3125,112.5,42.1875
06-04,16,70.3125,112.5,42.1875
06-04,17,70.3125,105.46875,35.15625
06-04,18,70.3125,105.46875,35.15625
06-04,19,70.3125,98.4375,28.125
06-04,20,70.3125,112.5,42.1875
06-04,21,70.3125,112.5,42.1875
06-04,22,70.3125,112.5,42.1875
06-04,23,70.3125,112.5,42.1875
06-04,24,70.3125,112.5,42.1875
06-04,25,70.3125,112.5,42.1875
06-04,26,70.3125,112.5,42.1875
06-04,27,70.3125,98.4375,28.125
06-04,28,70.3125,112.5,42.1875
06-04,29,70.3125,112.5,42.1875
06-04,30,70.3125,112.5,42.1875
06-04,31,70.3125,112.5,42.1875
06-04,32,70.3125,112.5,42.1875
06-04,33,70.3125,112.5,42.1875
06-04,34,70.3125,112.5,42.1875
06-04,35,70.3125,98.4375,28.125
06-04,36,70.3125,112.5,42.1875
06-04,37,70.3125,98.4375,28.125
06-04,38,70.3125,112.5,42.1875
06-04,39,70.3125,112.5,42.1875
06-04,40,70.3125,98.4375,28.125
06-04,41,70.3125,98.4375,28.125
06-04,42,70.3125,112.5,42.1875
06-04,43,70.3125,91.40625,21.09375
06-04,44,70.3125,112.5,42.1875
06-04,45,70.3125,91.40625,21.09375
06-04,46,70.3125,112.5,42.1875
06-04,47,70.3125,112.5,42.1875
06-04,48,70.3125,112.5,42.1875
06-04,49,70.3125,112.5,42.1875
06-04,50,70.3125,112.5,42.1875
06-04,51,77.34375,105.46875,28.125
06-04,52,70.3125,105.46875,35.15625
06-04,53,70.3125,112.5,42.1875
06-04,54,70.3125,112.5,42.1875
06-04,55,70.3125,112.5,42.1875
06-04,56,70.3125,112.5,42.1875
06-04,57,70.3125,112.5,42.1875
06-04,58,70.3125,98.4375,28.125
06-04,59,70.3125,112.5,42.1875
06-04,60,70.3125,112.5,42.1875
06-04,61,70.3125,112.5,42.1875
06-04,62,70.3125,112.5,42.1875
06-04,63,70.3125,112.5,42.1875
06-04,64,70.3125,112.5,42.1875
06-04,65,70.3125,112.5,42.1875
06-04,66,70.3125,112.5,42.1875
06-04,67,70.3125,112.5,42.1875
06-04,68,70.3125,112.5,42.1875
06-04,69,70.3125,112.5,42.1875
06-04,70,70.3125,112.5,42.1875
06-04,71,70.3125,91.40625,21.09375
06-04,72,70.3125,112.5,42.1875
06-04,73,70.3125,98.4375,28.125
06-04,74,70.3125,112.5,42.1875
06-04,75,70.3125,98.4375,28.125
06-04,76,70.3125,98.4375,28.125
06-04,77,70.3125,112.5,42.1875
06-04,78,70.3125,112.5,42.1875
06-04,79,70.3125,112.5,42.1875
06-04,80,70.3125,112.5,42.1875
06-04,81,70.3125,91.40625,21.09375
06-04,82,70.3125,112.5,42.1875
06-04,83,70.3125,91.40625,21.09375
06-04,84,70.3125,112.5,42.1875
06-04,85,70.3125,112.5,42.1875
06-04,86,70.3125,112.5,42.1875
06-04,87,70.3125,112.5,42.1875
06-04,88,70.3125,112.5,42.1875
06-04,89,70.3125,112.5,42.1875
06-04,90,70.3125,98.4375,28.125
06-04,91,70.3125,98.4375,28.125
06-04,92,70.3125,112.5,42.1875
06-04,93,70.3125,91.40625,21.09375
06-04,94,70.3125,112.5,42.1875
06-04,95,70.3125,91.40625,21.09375
06-04,96,70.3125,112.5,42.1875
06-04,97,70.3125,91.40625,21.09375
06-04,98,70.3125,91.40625,21.09375
06-04,99,70.3125,112.5,42.1875
06-04,100,70.3125,112.5,42.1875
06-04,101,70.3125,112.5,42.1875
06-04,102,70.3125,112.5,42.1875
06-04,103,77.34375,112.5,35.15625
06-04,104,70.3125,112.5,42.1875
06-04,105,70.3125,112.5,42.1875
06-04,106,70.3125,112.5,42.1875
06-04,107,70.3125,112.5,42.1875
06-04,108,70.3125,112.5,42.1875
06-04,109,70.3125,112.5,42.1875
06-04,110,70.3125,112.5,42.1875
06-04,111,70.3125,98.4375,28.125
06-04,112,70.3125,112.5,42.1875
06-04,113,70.3125,98.4375,28.125
06-04,114,70.3125,98.4375,28.125
06-04,115,70.3125,112.5,42.1875
06-04,116,70.3125,112.5,42.1875
06-04,117,70.3125,112.5,42.1875
06-04,118,70.3125,112.5,42.1875
06-04,119,70.3125,112.5,42.1875
06-04,120,70.3125,112.5,42.1875
06-04,121,70.3125,98.4375,28.125
06-04,122,70.3125,112.5,42.1875
06-04,123,70.3125,98.4375,28.125
06-04,124,70.3125,112.5,42.1875
06-04,125,70.3125,112.5,42.1875
06-04,126,70.3125,112.5,42.1875
06-04,127,70.3125,98.4375,28.125
06-04,128,70.3125,112.5,42.1875
06-04,129,70.3125,112.5,42.1875
06-04,130,70.3125,112.5,42.1875
06-04,131,70.3125,91.40625,21.09375
06-04,132,70.3125,112.5,42.1875
06-04,133,70.3125,112.5,42.1875
06-04,134,70.3125,112.5,42.1875
06-04,135,70.3125,112.5,42.1875
06-04,136,70.3125,112.5,42.1875
06-04,137,70.3125,112.5,42.1875
06-04,138,70.3125,105.46875,35.15625
06-04,139,70.3125,105.46875,35.15625
06-04,140,70.3125,98.4375,28.125
06-04,141,70.3125,98.4375,28.125
06-04,142,70.3125,112.5,42.1875
06-04,143,70.3125,98.4375,28.125
06-04,144,70.3125,98.4375,28.125
06-04,145,70.3125,98.4375,28.125
06-04,146,70.3125,112.5,42.1875
06-04,147,70.3125,112.5,42.1875
06-04,148,70.3125,112.5,42.1875
06-04,149,70.3125,84.375,14.0625
06-04,150,70.3125,112.5,42.1875
06-04,151,70.3125,112.5,42.1875
06-04,152,70.3125,112.5,42.1875
06-04,153,70.3125,112.5,42.1875
06-04,154,70.3125,112.5,42.1875
06-04,155,70.3125,112.5,42.1875
06-04,156,70.3125,112.5,42.1875
06-04,157,70.3125,112.5,42.1875
06-04,158,70.3125,112.5,42.1875
06-04,159,70.3125,112.5,42.1875
06-04,160,70.3125,112.5,42.1875
06-04,161,70.3125,112.5,42.1875
06-04,162,70.3125,112.5,42.1875
06-04,163,70.3125,98.4375,28.125
06-04,164,70.3125,112.5,42.1875
06-04,165,70.3125,98.4375,28.125
06-04,166,70.3125,98.4375,28.125
06-04,167,70.3125,105.46875,35.15625
06-04,168,70.3125,91.40625,21.09375
06-04,169,70.3125,112.5,42.1875
06-04,170,77.34375,112.5,35.15625
06-04,171,70.3125,98.4375,28.125
06-04,172,70.3125,112.5,42.1875
06-04,173,70.3125,112.5,42.1875
06-04,174,70.3125,98.4375,28.125
06-04,175,70.3125,112.5,42.1875
06-04,176,70.3125,112.5,42.1875
06-04,177,70.3125,112.5,42.1875
06-04,178,70.3125,112.5,42.1875
06-04,179,70.3125,112.5,42.1875
06-04,180,70.3125,112.5,42.1875
06-04,181,70.3125,112.5,42.1875
06-04,182,70.3125,112.5,42.1875
06-04,183,70.3125,112.5,42.1875
06-04,184,70.3125,112.5,42.1875
06-04,185,70.3125,112.5,42.1875
06-04,186,70.3125,112.5,42.1875
06-04,187,70.3125,112.5,42.1875
06-04,188,70.3125,112.5,42.1875
06-04,189,70.3125,112.5,42.1875
06-04,190,70.3125,112.5,42.1875
06-04,191,70.3125,91.40625,21.09375
06-04,192,70.3125,112.5,42.1875
06-04,193,77.34375,112.5,35.15625
06-04,194,77.34375,112.5,35.15625
06-04,195,77.34375,112.5,35.15625
06-04,196,77.34375,91.40625,14.0625
06-04,197,77.34375,112.5,35.15625
06-04,198,77.34375,112.5,35.15625
06-04,199,77.34375,112.5,35.15625
06-04,200,77.34375,112.5,35.15625
06-04,201,77.34375,91.40625,14.0625
06-05,0,70.3125,98.4375,28.125
06-05,1,70.3125,112.5,42.1875
06-05,2,70.3125,98.4375,28.125
06-05,3,70.3125,105.46875,35.15625
06-05,4,70.3125,112.5,42.1875
06-05,5,70.3125,105.46875,35.15625
06-05,6,70.3125,112.5,42.1875
06-05,7,70.3125,105.46875,35.15625
06-05,8,70.3125,98.4375,28.125
06-05,9,70.3125,91.40625,21.09375
06-05,10,70.3125,91.40625,21.09375
06-05,11,70.3125,91.40625,21.09375
06-05,12,70.3125,91.40625,21.09375
06-05,13,70.3125,91.40625,21.09375
06-05,14,70.3125,91.40625,21.09375
06-05,15,70.3125,91.40625,21.09375
06-05,16,70.3125,91.40625,21.09375
06-05,17,70.3125,91.40625,21.09375
06-05,18,70.3125,91.40625,21.09375
06-05,19,70.3125,91.40625,21.09375
06-05,20,70.3125,91.40625,21.09375
06-05,21,70.3125,112.5,42.1875
06-05,22,70.3125,84.375,14.0625
06-05,23,70.3125,84.375,14.0625
06-05,24,70.3125,91.40625,21.09375
06-05,25,70.3125,98.4375,28.125
06-05,26,70.3125,112.5,42.1875
06-05,27,70.3125,98.4375,28.125
06-05,28,70.3125,98.4375,28.125
06-05,29,70.3125,98.4375,28.125
06-05,30,70.3125,98.4375,28.125
06-05,31,70.3125,112.5,42.1875
06-05,32,70.3125,112.5,42.1875
06-05,33,70.3125,98.4375,28.125
06-05,34,70.3125,91.40625,21.09375
06-05,35,70.3125,98.4375,28.125
06-05,36,70.3125,98.4375,28.125
06-05,37,70.3125,112.5,42.1875
06-05,38,70.3125,105.46875,35.15625
06-05,39,70.3125,105.46875,35.15625
06-05,40,70.3125,105.46875,35.15625
06-05,41,70.3125,112.5,42.1875
06-05,42,70.3125,112.5,42.1875
06-05,43,70.3125,112.5,42.1875
06-05,44,70.3125,112.5,42.1875
06-05,45,70.3125,84.375,14.0625
06-05,46,70.3125,84.375,14.0625
06-05,47,70.3125,84.375,14.0625
06-05,48,70.3125,84.375,14.0625
06-05,49,70.3125,84.375,14.0625
06-05,50,70.3125,91.40625,21.09375
06-05,51,70.3125,91.40625,21.09375
06-05,52,70.3125,98.4375,28.125
06-05,53,70.3125,98.4375,28.125
06-05,54,70.3125,105.46875,35.15625
06-05,55,70.3125,105.46875,35.15625
06-05,56,70.3125,98.4375,28.125
06-05,57,70.3125,98.4375,28.125
06-05,58,70.3125,112.5,42.1875
06-05,59,70.3125,98.4375,28.125
06-05,60,70.3125,84.375,14.0625
06-05,61,70.3125,91.40625,21.09375
06-05,62,70.3125,98.4375,28.125
06-05,63,70.3125,112.5,42.1875
06-05,64,70.3125,98.4375,28.125
06-05,65,70.3125,98.4375,28.125
06-05,66,70.3125,98.4375,28.125
06-05,67,70.3125,112.5,42.1875
06-05,68,70.3125,112.5,42.1875
06-05,69,70.3125,112.5,42.1875
06-05,70,70.3125,98.4375,28.125
06-05,71,70.3125,112.5,42.1875
06-05,72,70.3125,105.46875,35.15625
06-05,73,70.3125,98.4375,28.125
06-05,74,70.3125,105.46875,35.15625
06-05,75,70.3125,105.46875,35.15625
06-05,76,70.3125,105.46875,35.15625
06-05,77,70.3125,98.4375,28.125
06-05,78,70.3125,98.4375,28.125
06-05,79,70.3125,98.4375,28.125
06-05,80,70.3125,105.46875,35.15625
06-05,81,70.3125,98.4375,28.125
06-05,82,70.3125,98.4375,28.125
06-05,83,70.3125,112.5,42.1875
06-05,84,70.3125,119.53125,49.21875
06-05,85,70.3125,105.46875,35.15625
06-05,86,70.3125,119.53125,49.21875
06-05,87,70.3125,119.53125,49.21875
06-05,88,70.3125,112.5,42.1875
06-05,89,70.3125,91.40625,21.09375
06-05,90,70.3125,91.40625,21.09375
06-05,91,70.3125,112.5,42.1875
06-05,92,70.3125,98.4375,28.125
06-05,93,70.3125,112.5,42.1875
06-05,94,70.3125,98.4375,28.125
06-05,95,70.3125,112.5,42.1875
06-05,96,63.28125,112.5,49.21875
06-05,97,63.28125,112.5,49.21875
06-05,98,63.28125,112.5,49.21875
06-05,99,63.28125,112.5,49.21875
06-05,100,63.28125,112.5,49.21875
06-05,101,63.28125,112.5,49.21875
06-05,102,63.28125,112.5,49.21875
06-05,103,63.28125,112.5,49.21875
06-05,104,63.28125,112.5,49.21875
06-05,105,63.28125,112.5,49.21875
06-05,106,63.28125,84.375,21.09375
06-05,107,63.28125,112.5,49.21875
06-05,108,63.28125,112.5,49.21875
06-05,109,63.28125,98.4375,35.15625
06-05,110,63.28125,98.4375,35.15625
06-05,111,63.28125,98.4375,35.15625
06-05,112,63.28125,91.40625,28.125
06-05,113,63.28125,91.40625,28.125
06-05,114,63.28125,91.40625,28.125
06-05,115,63.28125,91.40625,28.125
06-05,116,63.28125,91.40625,28.125
06-05,117,63.28125,91.40625,28.125
06-05,118,63.28125,91.40625,28.125
06-05,119,63.28125,91.40625,28.125
06-05,120,63.28125,91.40625,28.125
06-05,121,63.28125,91.40625,28.125
06-05,122,63.28125,91.40625,28.125
06-05,123,63.28125,91.40625,28.125
06-05,124,63.28125,91.40625,28.125
06-05,125,63.28125,98.4375,35.15625
06-05,126,63.28125,98.4375,35.15625
06-05,127,63.28125,112.5,49.21875
06-05,128,63.28125,112.5,49.21875
06-05,129,63.28125,112.5,49.21875
06-05,130,63.28125,112.5,49.21875
06-05,131,63.28125,112.5,49.21875
06-05,132,63.28125,98.4375,35.15625
06-05,133,63.28125,112.5,49.21875
06-05,134,63.28125,98.4375,35.15625
06-05,135,63.28125,98.4375,35.15625
06-05,136,63.28125,112.5,49.21875
06-05,137,63.28125,112.5,49.21875
06-05,138,63.28125,112.5,49.21875
06-05,139,63.28125,91.40625,28.125
06-05,140,63.28125,98.4375,35.15625
06-05,141,63.28125,112.5,49.21875
06-05,142,63.28125,98.4375,35.15625
06-05,143,63.28125,105.46875,42.1875
06-05,144,63.28125,105.46875,42.1875
06-05,145,63.28125,98.4375,35.15625
06-05,146,63.28125,112.5,49.21875
06-05,147,63.28125,112.5,49.21875
06-05,148,63.28125,112.5,49.21875
06-05,149,63.28125,112.5,49.21875
06-05,150,63.28125,112.5,49.21875
06-05,151,63.28125,105.46875,42.1875
06-05,152,63.28125,105.46875,42.1875
06-05,153,63.28125,105.46875,42.1875
06-05,154,63.28125,112.5,49.21875
06-05,155,63.28125,105.46875,42.1875
06-05,156,63.28125,98.4375,35.15625
06-05,157,63.28125,112.5,49.21875
06-05,158,63.28125,112.5,49.21875
06-05,159,63.28125,112.5,49.21875
06-05,160,63.28125,112.5,49.21875
06-05,161,63.28125,112.5,49.21875
06-05,162,63.28125,98.4375,35.15625
06-05,163,63.28125,112.5,49.21875
06-05,164,63.28125,112.5,49.21875
06-05,165,63.28125,112.5,49.21875
06-05,166,63.28125,112.5,49.21875
06-05,167,63.28125,112.5,49.21875
06-05,168,63.28125,112.5,49.21875
06-05,169,63.28125,112.5,49.21875
06-06,0,70.3125,91.40625,21.09375
06-06,1,70.3125,98.4375,28.125
06-06,2,70.3125,91.40625,21.09375
06-06,3,70.3125,91.40625,21.09375
06-06,4,70.3125,91.40625,21.09375
06-06,5,70.3125,98.4375,28.125
06-06,6,70.3125,98.4375,28.125
06-06,7,70.3125,91.40625,21.09375
06-06,8,70.3125,91.40625,21.09375
06-06,9,70.3125,91.40625,21.09375
06-06,10,70.3125,91.40625,21.09375
06-06,11,70.3125,91.40625,21.09375
06-06,12,70.3125,91.40625,21.09375
06-06,13,70.3125,91.40625,21.09375
06-06,14,70.3125,91.40625,21.09375
06-06,15,70.3125,91.40625,21.09375
06-06,16,70.3125,91.40625,21.09375
06-06,17,70.3125,105.46875,35.15625
06-06,18,70.3125,98.4375,28.125
06-06,19,70.3125,112.5,42.1875
06-06,20,70.3125,112.5,42.1875
06-06,21,70.3125,98.4375,28.125
06-06,22,70.3125,91.40625,21.09375
06-06,23,70.3125,98.4375,28.125
06-06,24,70.3125,98.4375,28.125
06-06,25,70.3125,112.5,42.1875
06-06,26,70.3125,105.46875,35.15625
06-06,27,70.3125,98.4375,28.125
06-06,28,70.3125,98.4375,28.125
06-06,29,70.3125,98.4375,28.125
06-06,30,70.3125,98.4375,28.125
06-06,31,70.3125,98.4375,28.125
06-06,32,70.3125,91.40625,21.09375
06-06,33,70.3125,91.40625,21.09375
06-06,34,70.3125,91.40625,21.09375
06-06,35,70.3125,91.40625,21.09375
06-06,36,70.3125,98.4375,28.125
06-06,37,70.3125,98.4375,28.125
06-06,38,70.3125,98.4375,28.125
06-06,39,70.3125,98.4375,28.125
06-06,40,70.3125,112.5,42.1875
06-06,41,70.3125,112.5,42.1875
06-06,42,70.3125,98.4375,28.125
06-06,43,70.3125,91.40625,21.09375
06-06,44,70.3125,91.40625,21.09375
06-06,45,70.3125,91.40625,21.09375
06-06,46,70.3125,84.375,14.0625
06-06,47,70.3125,84.375,14.0625
06-06,48,70.3125,84.375,14.0625
06-06,49,70.3125,91.40625,21.09375
06-06,50,70.3125,91.40625,21.09375
06-06,51,70.3125,91.40625,21.09375
06-06,52,70.3125,91.40625,21.09375
06-06,53,70.3125,91.40625,21.09375
06-06,54,70.3125,91.40625,21.09375
06-06,55,70.3125,91.40625,21.09375
06-06,56,70.3125,91.40625,21.09375
06-06,57,70.3125,98.4375,28.125
06-06,58,70.3125,105.46875,35.15625
06-06,59,70.3125,91.40625,21.09375
06-06,60,70.3125,112.5,42.1875
06-06,61,70.3125,91.40625,21.09375
06-06,62,70.3125,91.40625,21.09375
06-06,63,70.3125,112.5,42.1875
06-06,64,70.3125,98.4375,28.125
06-06,65,70.3125,98.4375,28.125
06-06,66,70.3125,98.4375,28.125
06-06,67,70.3125,91.40625,21.09375
06-06,68,70.3125,112.5,42.1875
06-06,69,70.3125,112.5,42.1875
06-06,70,70.3125,91.40625,21.09375
06-06,71,70.3125,91.40625,21.09375
06-06,72,70.3125,91.40625,21.09375
06-06,73,70.3125,84.375,14.0625
06-06,74,70.3125,91.40625,21.09375
06-06,75,70.3125,98.4375,28.125
06-06,76,70.3125,98.4375,28.125
06-06,77,70.3125,98.4375,28.125
06-06,78,70.3125,98.4375,28.125
06-06,79,70.3125,98.4375,28.125
06-06,80,70.3125,98.4375,28.125
06-06,81,70.3125,98.4375,28.125
06-06,82,70.3125,112.5,42.1875
06-06,83,70.3125,119.53125,49.21875
06-06,84,70.3125,91.40625,21.09375
06-06,85,70.3125,98.4375,28.125
06-06,86,70.3125,98.4375,28.125
06-06,87,70.3125,98.4375,28.125
06-06,88,70.3125,98.4375,28.125
06-06,89,70.3125,105.46875,35.15625
06-06,90,70.3125,98.4375,28.125
06-06,91,70.3125,98.4375,28.125
06-06,92,70.3125,105.46875,35.15625
06-06,93,70.3125,105.46875,35.15625
06-06,94,70.3125,105.46875,35.15625
06-06,95,70.3125,105.46875,35.15625
06-06,96,70.3125,105.46875,35.15625
06-06,97,70.3125,105.46875,35.15625
06-06,98,70.3125,105.46875,35.15625
06-06,99,70.3125,112.5,42.1875
06-06,100,70.3125,105.46875,35.15625
06-06,101,70.3125,98.4375,28.125
06-06,102,70.3125,98.4375,28.125
06-06,103,70.3125,98.4375,28.125
06-06,104,70.3125,98.4375,28.125
06-06,105,70.3125,105.46875,35.15625
06-06,106,70.3125,98.4375,28.125
06-06,107,70.3125,98.4375,28.125
06-06,108,70.3125,112.5,42.1875
06-06,109,70.3125,98.4375,28.125
06-06,110,63.28125,98.4375,35.15625
06-06,111,63.28125,91.40625,28.125
06-06,112,63.28125,91.40625,28.125
06-06,113,63.28125,91.40625,28.125
06-06,114,63.28125,91.40625,28.125
06-06,115,63.28125,91.40625,28.125
06-06,116,63.28125,91.40625,28.125
06-06,117,63.28125,91.40625,28.125
06-06,118,63.28125,91.40625,28.125
06-06,119,63.28125,91.40625,28.125
06-06,120,63.28125,91.40625,28.125
06-06,121,63.28125,91.40625,28.125
06-06,122,63.28125,91.40625,28.125
06-06,123,63.28125,91.40625,28.125
06-06,124,70.3125,91.40625,21.09375
06-06,125,70.3125,91.40625,21.09375
06-06,126,70.3125,98.4375,28.125
06-06,127,70.3125,98.4375,28.125
06-06,128,70.3125,98.4375,28.125
06-06,129,70.3125,98.4375,28.125
06-06,130,70.3125,98.4375,28.125
06-06,131,70.3125,98.4375,28.125
06-06,132,70.3125,98.4375,28.125
06-06,133,70.3125,98.4375,28.125
06-06,134,70.3125,98.4375,28.125
06-06,135,70.3125,98.4375,28.125
06-06,136,70.3125,98.4375,28.125
06-06,137,70.3125,98.4375,28.125
06-06,138,70.3125,98.4375,28.125
06-06,139,70.3125,98.4375,28.125
06-06,140,70.3125,98.4375,28.125
06-06,141,70.3125,98.4375,28.125
06-06,142,70.3125,98.4375,28.125
06-06,143,70.3125,98.4375,28.125
06-06,144,70.3125,98.4375,28.125
06-06,145,70.3125,91.40625,21.09375
06-06,146,63.28125,98.4375,35.15625
06-06,147,63.28125,98.4375,35.15625
06-06,148,63.28125,98.4375,35.15625
06-06,149,63.28125,98.4375,35.15625
06-06,150,63.28125,98.4375,35.15625
06-06,151,63.28125,98.4375,35.15625
06-06,152,63.28125,98.4375,35.15625
06-06,153,63.28125,98.4375,35.15625
06-06,154,63.28125,98.4375,35.15625
06-06,155,63.28125,112.5,49.21875
06-06,156,63.28125,112.5,49.21875
06-06,157,63.28125,98.4375,35.15625
06-06,158,63.28125,91.40625,28.125
06-06,159,63.28125,105.46875,42.1875
06-06,160,63.28125,105.46875,42.1875
06-06,161,63.28125,112.5,49.21875
06-06,162,63.28125,112.5,49.21875
06-06,163,63.28125,112.5,49.21875
06-06,164,70.3125,98.4375,28.125
06-06,165,70.3125,112.5,42.1875
06-06,166,70.3125,105.46875,35.15625
06-06,167,70.3125,112.5,42.1875
06-06,168,70.3125,105.46875,35.15625
06-06,169,70.3125,112.5,42.1875
06-06,170,70.3125,112.5,42.1875
07-01,0,126.5625,98.4375,-28.125
07-01,1,126.5625,112.5,-14.0625
07-01,2,126.5625,98.4375,-28.125
07-01,3,126.5625,112.5,-14.0625
07-01,4,126.5625,112.5,-14.0625
07-01,5,126.5625,112.5,-14.0625
07-01,6,126.5625,112.5,-14.0625
07-01,7,126.5625,112.5,-14.0625
07-01,8,126.5625,98.4375,-28.125
07-01,9,126.5625,98.4375,-28.125
07-01,10,126.5625,98.4375,-28.125
07-01,11,126.5625,98.4375,-28.125
07-01,12,126.5625,112.5,-14.0625
07-01,13,126.5625,112.5,-14.0625
07-01,14,126.5625,112.5,-14.0625
07-01,15,126.5625,105.46875,-21.09375
07-01,16,126.5625,98.4375,-28.125
07-01,17,126.5625,112.5,-14.0625
07-01,18,126.5625,112.5,-14.0625
07-01,19,126.5625,112.5,-14.0625
07-01,20,126.5625,91.40625,-35.15625
07-01,21,126.5625,112.5,-14.0625
07-01,22,126.5625,112.5,-14.0625
07-01,23,126.5625,112.5,-14.0625
07-01,24,126.5625,112.5,-14.0625
07-01,25,126.5625,112.5,-14.0625
07-01,26,126.5625,112.5,-14.0625
07-01,27,126.5625,112.5,-14.0625
07-01,28,126.5625,98.4375,-28.125
07-01,29,126.5625,91.40625,-35.15625
07-01,30,126.5625,112.5,-14.0625
07-01,31,119.53125,112.5,-7.03125
07-01,32,119.53125,112.5,-7.03125
07-01,33,119.53125,133.59375,14.0625
07-01,34,119.53125,112.5,-7.03125
07-01,35,119.53125,112.5,-7.03125
07-01,36,119.53125,112.5,-7.03125
07-01,37,119.53125,91.40625,-28.125
07-01,38,119.53125,112.5,-7.03125
07-01,39,119.53125,112.5,-7.03125
07-01,40,119.53125,112.5,-7.03125
07-01,41,119.53125,98.4375,-21.09375
07-01,42,119.53125,112.5,-7.03125
07-01,43,126.5625,112.5,-14.0625
07-01,44,126.5625,91.40625,-35.15625
07-01,45,126.5625,91.40625,-35.15625
07-01,46,126.5625,112.5,-14.0625
07-01,47,126.5625,98.4375,-28.125
07-01,48,126.5625,112.5,-14.0625
07-01,49,126.5625,105.46875,-21.09375
07-01,50,126.5625,112.5,-14.0625
07-01,51,126.5625,112.5,-14.0625
07-01,52,126.5625,112.5,-14.0625
07-01,53,126.5625,105.46875,-21.09375
07-01,54,126.5625,112.5,-14.0625
07-01,55,126.5625,105.46875,-21.09375
07-01,56,126.5625,112.5,-14.0625
07-01,57,126.5625,112.5,-14.0625
07-01,58,126.5625,112.5,-14.0625
07-01,59,119.53125,112.5,-7.03125
07-01,60,119.53125,105.46875,-14.0625
07-01,61,119.53125,105.46875,-14.0625
07-01,62,119.53125,98.4375,-21.09375
07-01,63,119.53125,112.5,-7.03125
07-01,64,119.53125,112.5,-7.03125
07-01,65,126.5625,105.46875,-21.09375
07-01,66,126.5625,98.4375,-28.125
07-01,67,126.5625,112.5,-14.0625
07-01,68,126.5625,112.5,-14.0625
07-01,69,126.5625,112.5,-14.0625
07-01,70,126.5625,105.46875,-21.09375
07-01,71,126.5625,105.46875,-21.09375
07-01,72,126.5625,105.46875,-21.09375
07-01,73,126.5625,112.5,-14.0625
07-01,74,126.5625,112.5,-14.0625
07-01,75,126.5625,84.375,-42.1875
07-01,76,126.5625,112.5,-14.0625
07-01,77,126.5625,91.40625,-35.15625
07-01,78,126.5625,112.5,-14.0625
07-01,79,126.5625,112.5,-14.0625
07-01,80,126.5625,112.5,-14.0625
07-01,81,126.5625,112.5,-14.0625
07-01,82,126.5625,112.5,-14.0625
07-01,83,126.5625,112.5,-14.0625
07-01,84,126.5625,112.5,-14.0625
07-01,85,126.5625,112.5,-14.0625
07-01,86,126.5625,91.40625,-35.15625
07-01,87,126.5625,112.5,-14.0625
07-01,88,126.5625,112.5,-14.0625
07-01,89,126.5625,112.5,-14.0625
07-01,90,126.5625,112.5,-14.0625
07-01,91,126.5625,112.5,-14.0625
07-01,92,126.5625,112.5,-14.0625
07-01,93,126.5625,112.5,-14.0625
07-01,94,126.5625,112.5,-14.0625
07-01,95,126.5625,112.5,-14.0625
07-01,96,126.5625,112.5,-14.0625
07-01,97,126.5625,112.5,-14.0625
07-01,98,126.5625,112.5,-14.0625
07-01,99,126.5625,112.5,-14.0625
07-01,100,126.5625,105.46875,-21.09375
07-01,101,126.5625,105.46875,-21.09375
07-01,102,126.5625,105.46875,-21.09375
07-01,103,126.5625,105.46875,-21.09375
07-01,104,126.5625,112.5,-14.0625
07-01,105,126.5625,112.5,-14.0625
07-01,106,126.5625,112.5,-14.0625
07-01,107,126.5625,98.4375,-28.125
07-01,108,126.5625,112.5,-14.0625
07-01,109,126.5625,91.40625,-35.15625
07-01,110,126.5625,112.5,-14.0625
07-01,111,126.5625,112.5,-14.0625
07-01,112,126.5625,112.5,-14.0625
07-01,113,126.5625,112.5,-14.0625
07-01,114,126.5625,91.40625,-35.15625
07-01,115,126.5625,112.5,-14.0625
07-01,116,126.5625,112.5,-14.0625
07-01,117,126.5625,112.5,-14.0625
07-01,118,126.5625,112.5,-14.0625
07-01,119,126.5625,112.5,-14.0625
07-01,120,126.5625,112.5,-14.0625
07-01,121,126.5625,112.5,-14.0625
07-01,122,126.5625,112.5,-14.0625
07-01,123,126.5625,112.5,-14.0625
07-01,124,126.5625,105.46875,-21.09375
07-01,125,126.5625,112.5,-14.0625
07-01,126,126.5625,91.40625,-35.15625
07-01,127,126.5625,84.375,-42.1875
07-01,128,126.5625,112.5,-14.0625
07-01,129,126.5625,112.5,-14.0625
07-01,130,126.5625,112.5,-14.0625
07-01,131,126.5625,98.4375,-28.125
07-01,132,126.5625,98.4375,-28.125
07-01,133,126.5625,98.4375,-28.125
07-01,134,126.5625,112.5,-14.0625
07-01,135,126.5625,112.5,-14.0625
07-01,136,126.5625,112.5,-14.0625
07-01,137,126.5625,105.46875,-21.09375
07-01,138,126.5625,112.5,-14.0625
07-01,139,126.5625,98.4375,-28.125
07-01,140,126.5625,91.40625,-35.15625
07-01,141,126.5625,112.5,-14.0625
07-01,142,126.5625,112.5,-14.0625
07-01,143,126.5625,112.5,-14.0625
07-01,144,126.5625,112.5,-14.0625
07-01,145,126.5625,98.4375,-28.125
07-01,146,126.5625,112.5,-14.0625
07-01,147,126.5625,112.5,-14.0625
07-01,148,126.5625,112.5,-14.0625
07-01,149,126.5625,112.5,-14.0625
07-01,150,126.5625,112.5,-14.0625
07-01,151,126.5625,112.5,-14.0625
07-01,152,126.5625,112.5,-14.0625
07-01,153,126.5625,112.5,-14.0625
07-01,154,126.5625,112.5,-14.0625
07-01,155,126.5625,112.5,-14.0625
07-01,156,126.5625,112.5,-14.0625
07-01,157,126.5625,112.5,-14.0625
07-01,158,126.5625,112.5,-14.0625
07-01,159,126.5625,112.5,-14.0625
07-01,160,126.5625,112.5,-14.0625
07-01,161,126.5625,112.5,-14.0625
07-01,162,126.5625,112.5,-14.0625
07-01,163,126.5625,112.5,-14.0625
07-01,164,126.5625,112.5,-14.0625
07-01,165,126.5625,112.5,-14.0625
07-01,166,126.5625,112.5,-14.0625
07-01,167,126.5625,112.5,-14.0625
07-01,168,126.5625,112.5,-14.0625
07-02,0,119.53125,112.5,-7.03125
07-02,1,119.53125,112.5,-7.03125
07-02,2,119.53125,112.5,-7.03125
07-02,3,119.53125,112.5,-7.03125
07-02,4,119.53125,112.5,-7.03125
07-02,5,126.5625,105.46875,-21.09375
07-02,6,126.5625,112.5,-14.0625
07-02,7,126.5625,112.5,-14.0625
07-02,8,126.5625,112.5,-14.0625
07-02,9,126.5625,112.5,-14.0625
07-02,10,126.5625,112.5,-14.0625
07-02,11,126.5625,84.375,-42.1875
07-02,12,126.5625,84.375,-42.1875
07-02,13,126.5625,112.5,-14.0625
07-02,14,133.59375,91.40625,-42.1875
07-02,15,133.59375,98.4375,-35.15625
07-02,16,133.59375,98.4375,-35.15625
07-02,17,133.59375,91.40625,-42.1875
07-02,18,133.59375,91.40625,-42.1875
07-02,19,133.59375,91.40625,-42.1875
07-02,20,133.59375,98.4375,-35.15625
07-02,21,133.59375,91.40625,-42.1875
07-02,22,133.59375,98.4375,-35.15625
07-02,23,133.59375,91.40625,-42.1875
07-02,24,133.59375,98.4375,-35.15625
07-02,25,133.59375,98.4375,-35.15625
07-02,26,133.59375,98.4375,-35.15625
07-02,27,133.59375,98.4375,-35.15625
07-02,28,133.59375,105.46875,-28.125
07-02,29,133.59375,112.5,-21.09375
07-02,30,133.59375,98.4375,-35.15625
07-02,31,133.59375,112.5,-21.09375
07-02,32,133.59375,105.46875,-28.125
07-02,33,133.59375,112.5,-21.09375
07-02,34,133.59375,112.5,-21.09375
07-02,35,133.59375,112.5,-21.09375
07-02,36,133.59375,112.5,-21.09375
07-02,37,133.59375,112.5,-21.09375
07-02,38,140.625,112.5,-28.125
07-02,39,140.625,112.5,-28.125
07-02,40,140.625,112.5,-28.125
07-02,41,140.625,112.5,-28.125
07-02,42,140.625,98.4375,-42.1875
07-02,43,140.625,112.5,-28.125
07-02,44,140.625,98.4375,-42.1875
07-02,45,140.625,112.5,-28.125
07-02,46,140.625,98.4375,-42.1875
07-02,47,140.625,98.4375,-42.1875
07-02,48,140.625,112.5,-28.125
07-02,49,140.625,112.5,-28.125
07-02,50,140.625,112.5,-28.125
07-02,51,140.625,112.5,-28.125
07-02,52,140.625,112.5,-28.125
07-02,53,140.625,112.5,-28.125
07-02,54,133.59375,112.5,-21.09375
07-02,55,133.59375,112.5,-21.09375
07-02,56,133.59375,105.46875,-28.125
07-02,57,133.59375,112.5,-21.09375
07-02,58,133.59375,112.5,-21.09375
07-02,59,133.59375,112.5,-21.09375
07-02,60,140.625,112.5,-28.125
07-02,61,140.625,98.4375,-42.1875
07-02,62,140.625,112.5,-28.125
07-02,63,140.625,98.4375,-42.1875
07-02,64,140.625,112.5,-28.125
07-02,65,140.625,112.5,-28.125
07-02,66,140.625,112.5,-28.125
07-02,67,140.625,112.5,-28.125
07-02,68,140.625,112.5,-28.125
07-02,69,140.625,112.5,-28.125
07-02,70,140.625,112.5,-28.125
07-02,71,140.625,112.5,-28.125
07-02,72,140.625,112.5,-28.125
07-02,73,140.625,112.5,-28.125
07-02,74,140.625,91.40625,-49.21875
07-02,75,140.625,91.40625,-49.21875
07-02,76,140.625,112.5,-28.125
07-02,77,140.625,98.4375,-42.1875
07-02,78,140.625,98.4375,-42.1875
07-02,79,140.625,98.4375,-42.1875
07-02,80,140.625,98.4375,-42.1875
07-02,81,140.625,112.5,-28.125
07-02,82,140.625,112.5,-28.125
07-02,83,140.625,112.5,-28.125
07-02,84,140.625,112.5,-28.125
07-02,85,140.625,112.5,-28.125
07-02,86,140.625,112.5,-28.125
07-02,87,140.625,112.5,-28.125
07-02,88,140.625,91.40625,-49.21875
07-02,89,140.625,112.5,-28.125
07-02,90,140.625,112.5,-28.125
07-02,91,140.625,112.5,-28.125
07-02,92,140.625,112.5,-28.125
07-02,93,140.625,91.40625,-49.21875
07-02,94,140.625,105.46875,-35.15625
07-02,95,140.625,112.5,-28.125
07-02,96,140.625,112.5,-28.125
07-02,97,140.625,105.46875,-35.15625
07-02,98,140.625,112.5,-28.125
07-02,99,140.625,105.46875,-35.15625
07-02,100,140.625,105.46875,-35.15625
07-02,101,140.625,112.5,-28.125
07-02,102,140.625,112.5,-28.125
07-02,103,140.625,112.5,-28.125
07-02,104,140.625,112.5,-28.125
07-02,105,140.625,112.5,-28.125
07-02,106,140.625,112.5,-28.125
07-02,107,140.625,112.5,-28.125
07-02,108,140.625,105.46875,-35.15625
07-02,109,140.625,98.4375,-42.1875
07-02,110,140.625,91.40625,-49.21875
07-02,111,133.59375,91.40625,-42.1875
07-02,112,133.59375,112.5,-21.09375
07-02,113,133.59375,112.5,-21.09375
07-02,114,133.59375,112.5,-21.09375
07-02,115,133.59375,112.5,-21.09375
07-02,116,133.59375,105.46875,-28.125
07-02,117,133.59375,112.5,-21.09375
07-02,118,133.59375,112.5,-21.09375
07-02,119,133.59375,112.5,-21.09375
07-02,120,133.59375,112.5,-21.09375
07-02,121,133.59375,112.5,-21.09375
07-02,122,133.59375,112.5,-21.09375
07-02,123,133.59375,112.5,-21.09375
07-02,124,133.59375,112.5,-21.09375
07-02,125,133.59375,112.5,-21.09375
07-02,126,133.59375,112.5,-21.09375
07-02,127,133.59375,84.375,-49.21875
07-02,128,133.59375,112.5,-21.09375
07-02,129,133.59375,98.4375,-35.15625
07-02,130,133.59375,105.46875,-28.125
07-02,131,133.59375,112.5,-21.09375
07-02,132,133.59375,112.5,-21.09375
07-02,133,133.59375,105.46875,-28.125
07-02,134,133.59375,105.46875,-28.125
07-02,135,133.59375,112.5,-21.09375
07-02,136,133.59375,112.5,-21.09375
07-02,137,133.59375,105.46875,-28.125
07-02,138,126.5625,98.4375,-28.125
07-02,139,126.5625,112.5,-14.0625
07-02,140,126.5625,112.5,-14.0625
07-02,141,126.5625,98.4375,-28.125
07-02,142,126.5625,112.5,-14.0625
07-02,143,126.5625,112.5,-14.0625
07-02,144,126.5625,91.40625,-35.15625
07-02,145,126.5625,112.5,-14.0625
07-02,146,126.5625,112.5,-14.0625
07-02,147,126.5625,91.40625,-35.15625
07-02,148,126.5625,112.5,-14.0625
07-02,149,126.5625,112.5,-14.0625
07-02,150,126.5625,112.5,-14.0625
07-02,151,126.5625,105.46875,-21.09375
07-02,152,126.5625,112.5,-14.0625
07-02,153,133.59375,112.5,-21.09375
07-02,154,133.59375,105.46875,-28.125
07-02,155,133.59375,105.46875,-28.125
07-02,156,133.59375,105.46875,-28.125
07-02,157,133.59375,98.4375,-35.15625
07-02,158,133.59375,105.46875,-28.125
07-02,159,133.59375,112.5,-21.09375
07-02,160,133.59375,112.5,-21.09375
07-02,161,133.59375,112.5,-21.09375
07-02,162,133.59375,112.5,-21.09375
07-02,163,133.59375,112.5,-21.09375
07-02,164,133.59375,112.5,-21.09375
07-02,165,133.59375,112.5,-21.09375
07-02,166,133.59375,112.5,-21.09375
07-02,167,133.59375,91.40625,-42.1875
07-02,168,133.59375,112.5,-21.09375
07-02,169,133.59375,112.5,-21.09375
07-02,170,133.59375,112.5,-21.09375
07-02,171,133.59375,98.4375,-35.15625
07-02,172,133.59375,91.40625,-42.1875
07-02,173,133.59375,112.5,-21.09375
07-02,174,133.59375,112.5,-21.09375
07-02,175,133.59375,112.5,-21.09375
07-02,176,133.59375,98.4375,-35.15625
07-02,177,133.59375,105.46875,-28.125
07-02,178,133.59375,112.5,-21.09375
07-02,179,133.59375,112.5,-21.09375
07-02,180,133.59375,98.4375,-35.15625
07-02,181,133.59375,105.46875,-28.125
07-02,182,133.59375,112.5,-21.09375
07-02,183,133.59375,112.5,-21.09375
07-02,184,133.59375,98.4375,-35.15625
07-03,0,133.59375,112.5,-21.09375
07-03,1,133.59375,112.5,-21.09375
07-03,2,133.59375,105.46875,-28.125
07-03,3,133.59375,112.5,-21.09375
07-03,4,133.59375,105.46875,-28.125
07-03,5,133.59375,105.46875,-28.125
07-03,6,133.59375,105.46875,-28.125
07-03,7,133.59375,105.46875,-28.125
07-03,8,133.59375,105.46875,-28.125
07-03,9,133.59375,98.4375,-35.15625
07-03,10,133.59375,105.46875,-28.125
07-03,11,133.59375,105.46875,-28.125
07-03,12,133.59375,105.46875,-28.125
07-03,13,133.59375,105.46875,-28.125
07-03,14,133.59375,105.46875,-28.125
07-03,15,133.59375,42.1875,-91.40625
07-03,16,133.59375,98.4375,-35.15625
07-03,17,133.59375,112.5,-21.09375
07-03,18,133.59375,105.46875,-28.125
07-03,19,119.53125,98.4375,-21.09375
07-03,20,119.53125,112.5,-7.03125
07-03,21,119.53125,112.5,-7.03125
07-03,22,119.53125,112.5,-7.03125
07-03,23,119.53125,112.5,-7.03125
07-03,24,119.53125,112.5,-7.03125
07-03,25,119.53125,112.5,-7.03125
07-03,26,119.53125,112.5,-7.03125
07-03,27,119.53125,112.5,-7.03125
07-03,28,119.53125,91.40625,-28.125
07-03,29,119.53125,91.40625,-28.125
07-03,30,119.53125,105.46875,-14.0625
07-03,31,119.53125,112.5,-7.03125
07-03,32,119.53125,112.5,-7.03125
07-03,33,119.53125,91.40625,-28.125
07-03,34,119.53125,105.46875,-14.0625
07-03,35,119.53125,112.5,-7.03125
07-03,36,119.53125,112.5,-7.03125
07-03,37,119.53125,112.5,-7.03125
07-03,38,119.53125,112.5,-7.03125
07-03,39,119.53125,91.40625,-28.125
07-03,40,119.53125,112.5,-7.03125
07-03,41,119.53125,112.5,-7.03125
07-03,42,119.53125,112.5,-7.03125
07-03,43,119.53125,112.5,-7.03125
07-03,44,119.53125,98.4375,-21.09375
07-03,45,119.53125,112.5,-7.03125
07-03,46,119.53125,112.5,-7.03125
07-03,47,126.5625,112.5,-14.0625
07-03,48,126.5625,112.5,-14.0625
07-03,49,126.5625,112.5,-14.0625
07-03,50,126.5625,112.5,-14.0625
07-03,51,126.5625,112.5,-14.0625
07-03,52,126.5625,105.46875,-21.09375
07-03,53,126.5625,112.5,-14.0625
07-03,54,126.5625,112.5,-14.0625
07-03,55,126.5625,112.5,-14.0625
07-03,56,126.5625,105.46875,-21.09375
07-03,57,126.5625,112.5,-14.0625
07-03,58,126.5625,105.46875,-21.09375
07-03,59,126.5625,112.5,-14.0625
07-03,60,126.5625,112.5,-14.0625
07-03,61,126.5625,105.46875,-21.09375
07-03,62,126.5625,112.5,-14.0625
07-03,63,126.5625,98.4375,-28.125
07-03,64,126.5625,112.5,-14.0625
07-03,65,126.5625,105.46875,-21.09375
07-03,66,126.5625,112.5,-14.0625
07-03,67,126.5625,84.375,-42.1875
07-03,68,126.5625,84.375,-42.1875
07-03,69,126.5625,91.40625,-35.15625
07-03,70,126.5625,112.5,-14.0625
07-03,71,126.5625,112.5,-14.0625
07-03,72,126.5625,112.5,-14.0625
07-03,73,126.5625,98.4375,-28.125
07-03,74,126.5625,98.4375,-28.125
07-03,75,126.5625,112.5,-14.0625
07-03,76,126.5625,112.5,-14.0625
07-03,77,126.5625,112.5,-14.0625
07-03,78,126.5625,112.5,-14.0625
07-03,79,126.5625,112.5,-14.0625
07-03,80,126.5625,112.5,-14.0625
07-03,81,126.5625,112.5,-14.0625
07-03,82,126.5625,112.5,-14.0625
07-03,83,126.5625,112.5,-14.0625
07-03,84,126.5625,112.5,-14.0625
07-03,85,126.5625,98.4375,-28.125
07-03,86,126.5625,105.46875,-21.09375
07-03,87,126.5625,105.46875,-21.09375
07-03,88,126.5625,105.46875,-21.09375
07-03,89,126.5625,105.46875,-21.09375
07-03,90,126.5625,112.5,-14.0625
07-03,91,126.5625,112.5,-14.0625
07-03,92,126.5625,98.4375,-28.125
07-03,93,126.5625,112.5,-14.0625
07-03,94,126.5625,98.4375,-28.125
07-03,95,126.5625,112.5,-14.0625
07-03,96,126.5625,91.40625,-35.15625
07-03,97,126.5625,112.5,-14.0625
07-03,98,126.5625,112.5,-14.0625
07-03,99,126.5625,112.5,-14.0625
07-03,100,126.5625,98.4375,-28.125
07-03,101,126.5625,98.4375,-28.125
07-03,102,126.5625,98.4375,-28.125
07-03,103,126.5625,98.4375,-28.125
07-03,104,126.5625,98.4375,-28.125
07-03,105,126.5625,98.4375,-28.125
07-03,106,126.5625,112.5,-14.0625
07-03,107,126.5625,112.5,-14.0625
07-03,108,126.5625,112.5,-14.0625
07-03,109,126.5625,112.5,-14.0625
07-03,110,126.5625,112.5,-14.0625
07-03,111,126.5625,112.5,-14.0625
07-03,112,126.5625,98.4375,-28.125
07-03,113,119.53125,98.4375,-21.09375
07-03,114,119.53125,112.5,-7.03125
07-03,115,119.53125,112.5,-7.03125
07-03,116,119.53125,112.5,-7.03125
07-03,117,126.5625,112.5,-14.0625
07-03,118,126.5625,112.5,-14.0625
07-03,119,126.5625,112.5,-14.0625
07-03,120,126.5625,112.5,-14.0625
07-03,121,126.5625,112.5,-14.0625
07-03,122,126.5625,112.5,-14.0625
07-03,123,126.5625,112.5,-14.0625
07-03,124,126.5625,112.5,-14.0625
07-03,125,126.5625,112.5,-14.0625
07-03,126,126.5625,105.46875,-21.09375
07-03,127,126.5625,112.5,-14.0625
07-03,128,126.5625,112.5,-14.0625
07-03,129,126.5625,112.5,-14.0625
07-03,130,126.5625,98.4375,-28.125
07-03,131,126.5625,112.5,-14.0625
07-03,132,126.5625,112.5,-14.0625
07-03,133,126.5625,105.46875,-21.09375
07-03,134,126.5625,112.5,-14.0625
07-03,135,126.5625,112.5,-14.0625
07-03,136,126.5625,84.375,-42.1875
07-03,137,126.5625,91.40625,-35.15625
07-03,138,126.5625,91.40625,-35.15625
07-03,139,126.5625,112.5,-14.0625
07-03,140,126.5625,98.4375,-28.125
07-03,141,126.5625,112.5,-14.0625
07-03,142,126.5625,112.5,-14.0625
07-03,143,126.5625,112.5,-14.0625
07-03,144,126.5625,112.5,-14.0625
07-03,145,126.5625,112.5,-14.0625
07-03,146,126.5625,112.5,-14.0625
07-03,147,126.5625,112.5,-14.0625
07-03,148,126.5625,112.5,-14.0625
07-03,149,126.5625,112.5,-14.0625
07-03,150,126.5625,112.5,-14.0625
07-03,151,126.5625,105.46875,-21.09375
07-03,152,126.5625,105.46875,-21.09375
07-03,153,126.5625,105.46875,-21.09375
07-03,154,126.5625,105.46875,-21.09375
07-03,155,126.5625,105.46875,-21.09375
07-03,156,126.5625,119.53125,-7.03125
07-03,157,126.5625,112.5,-14.0625
07-03,158,126.5625,112.5,-14.0625
07-03,159,126.5625,112.5,-14.0625
07-03,160,126.5625,112.5,-14.0625
07-03,161,126.5625,112.5,-14.0625
07-03,162,126.5625,91.40625,-35.15625
07-03,163,126.5625,112.5,-14.0625
07-03,164,126.5625,112.5,-14.0625
07-03,165,126.5625,84.375,-42.1875
07-03,166,126.5625,112.5,-14.0625
07-03,167,126.5625,91.40625,-35.15625
07-03,168,126.5625,112.5,-14.0625
07-03,169,126.5625,91.40625,-35.15625
07-03,170,126.5625,112.5,-14.0625
07-03,171,126.5625,91.40625,-35.15625
07-03,172,126.5625,98.4375,-28.125
07-03,173,126.5625,91.40625,-35.15625
07-03,174,126.5625,91.40625,-35.15625
07-03,175,126.5625,91.40625,-35.15625
07-03,176,126.5625,91.40625,-35.15625
07-03,177,126.5625,91.40625,-35.15625
07-03,178,126.5625,91.40625,-35.15625
07-03,179,126.5625,84.375,-42.1875
07-03,180,126.5625,112.5,-14.0625
07-03,181,126.5625,84.375,-42.1875
07-03,182,126.5625,84.375,-42.1875
07-03,183,126.5625,105.46875,-21.09375
07-03,184,126.5625,112.5,-14.0625
07-03,185,126.5625,112.5,-14.0625
07-03,186,126.5625,112.5,-14.0625
07-03,187,126.5625,112.5,-14.0625
07-03,188,126.5625,105.46875,-21.09375
07-03,189,126.5625,105.46875,-21.09375
07-03,190,126.5625,112.5,-14.0625
07-03,191,126.5625,105.46875,-21.09375
07-03,192,126.5625,112.5,-14.0625
07-03,193,133.59375,105.46875,-28.125
07-03,194,133.59375,112.5,-21.09375
07-03,195,133.59375,112.5,-21.09375
07-03,196,133.59375,112.5,-21.09375
07-03,197,133.59375,112.5,-21.09375
07-03,198,133.59375,112.5,-21.09375
07-03,199,133.59375,112.5,-21.09375
07-04,0,133.59375,112.5,-21.09375
07-04,1,133.59375,91.40625,-42.1875
07-04,2,133.59375,91.40625,-42.1875
07-04,3,133.59375,112.5,-21.09375
07-04,4,126.5625,91.40625,-35.15625
07-04,5,126.5625,91.40625,-35.15625
07-04,6,126.5625,91.40625,-35.15625
07-04,7,126.5625,91.40625,-35.15625
07-04,8,126.5625,91.40625,-35.15625
07-04,9,119.53125,77.34375,-42.1875
07-04,10,119.53125,98.4375,-21.09375
07-04,11,119.53125,112.5,-7.03125
07-04,12,119.53125,112.5,-7.03125
07-04,13,119.53125,112.5,-7.03125
07-04,14,119.53125,112.5,-7.03125
07-04,15,119.53125,112.5,-7.03125
07-04,16,119.53125,112.5,-7.03125
07-04,17,119.53125,91.40625,-28.125
07-04,18,119.53125,91.40625,-28.125
07-04,19,119.53125,112.5,-7.03125
07-04,20,119.53125,84.375,-35.15625
07-04,21,119.53125,112.5,-7.03125
07-04,22,119.53125,105.46875,-14.0625
07-04,23,119.53125,112.5,-7.03125
07-04,24,119.53125,112.5,-7.03125
07-04,25,119.53125,112.5,-7.03125
07-04,26,119.53125,105.46875,-14.0625
07-04,27,119.53125,105.46875,-14.0625
07-04,28,119.53125,105.46875,-14.0625
07-04,29,119.53125,105.46875,-14.0625
07-04,30,119.53125,105.46875,-14.0625
07-04,31,119.53125,105.46875,-14.0625
07-04,32,119.53125,105.46875,-14.0625
07-04,33,119.53125,105.46875,-14.0625
07-04,34,119.53125,105.46875,-14.0625
07-04,35,119.53125,112.5,-7.03125
07-04,36,119.53125,112.5,-7.03125
07-04,37,119.53125,112.5,-7.03125
07-04,38,119.53125,98.4375,-21.09375
07-04,39,119.53125,112.5,-7.03125
07-04,40,119.53125,112.5,-7.03125
07-04,41,119.53125,112.5,-7.03125
07-04,42,119.53125,112.5,-7.03125
07-04,43,119.53125,91.40625,-28.125
07-04,44,119.53125,112.5,-7.03125
07-04,45,119.53125,112.5,-7.03125
07-04,46,119.53125,112.5,-7.03125
07-04,47,119.53125,112.5,-7.03125
07-04,48,119.53125,112.5,-7.03125
07-04,49,126.5625,112.5,-14.0625
07-04,50,126.5625,91.40625,-35.15625
07-04,51,126.5625,112.5,-14.0625
07-04,52,126.5625,105.46875,-21.09375
07-04,53,126.5625,112.5,-14.0625
07-04,54,126.5625,112.5,-14.0625
07-04,55,126.5625,105.46875,-21.09375
07-04,56,126.5625,112.5,-14.0625
07-04,57,126.5625,112.5,-14.0625
07-04,58,126.5625,112.5,-14.0625
07-04,59,126.5625,112.5,-14.0625
07-04,60,126.5625,112.5,-14.0625
07-04,61,126.5625,112.5,-14.0625
07-04,62,126.5625,112.5,-14.0625
07-04,63,126.5625,105.46875,-21.09375
07-04,64,126.5625,112.5,-14.0625
07-04,65,126.5625,119.53125,-7.03125
07-04,66,126.5625,77.34375,-49.21875
07-04,67,126.5625,84.375,-42.1875
07-04,68,126.5625,91.40625,-35.15625
07-04,69,126.5625,112.5,-14.0625
07-04,70,126.5625,112.5,-14.0625
07-04,71,126.5625,112.5,-14.0625
07-04,72,126.5625,112.5,-14.0625
07-04,73,126.5625,112.5,-14.0625
07-04,74,126.5625,112.5,-14.0625
07-04,75,126.5625,112.5,-14.0625
07-04,76,126.5625,112.5,-14.0625
07-04,77,126.5625,112.5,-14.0625
07-04,78,126.5625,91.40625,-35.15625
07-04,79,126.5625,91.40625,-35.15625
07-04,80,126.5625,112.5,-14.0625
07-04,81,126.5625,112.5,-14.0625
07-04,82,126.5625,84.375,-42.1875
07-04,83,126.5625,112.5,-14.0625
07-04,84,126.5625,105.46875,-21.09375
07-04,85,126.5625,98.4375,-28.125
07-04,86,126.5625,105.46875,-21.09375
07-04,87,126.5625,105.46875,-21.09375
07-04,88,126.5625,105.46875,-21.09375
07-04,89,126.5625,112.5,-14.0625
07-04,90,126.5625,112.5,-14.0625
07-04,91,126.5625,98.4375,-28.125
07-04,92,126.5625,98.4375,-28.125
07-04,93,126.5625,112.5,-14.0625
07-04,94,126.5625,112.5,-14.0625
07-04,95,126.5625,112.5,-14.0625
07-04,96,126.5625,112.5,-14.0625
07-04,97,126.5625,112.5,-14.0625
07-04,98,126.5625,112.5,-14.0625
07-04,99,126.5625,112.5,-14.0625
07-04,100,126.5625,91.40625,-35.15625
07-04,101,133.59375,84.375,-49.21875
07-04,102,133.59375,98.4375,-35.15625
07-04,103,133.59375,105.46875,-28.125
07-04,104,133.59375,105.46875,-28.125
07-04,105,133.59375,112.5,-21.09375
07-04,106,133.59375,112.5,-21.09375
07-04,107,133.59375,112.5,-21.09375
07-04,108,133.59375,112.5,-21.09375
07-04,109,133.59375,112.5,-21.09375
07-04,110,133.59375,112.5,-21.09375
07-04,111,133.59375,98.4375,-35.15625
07-04,112,133.59375,112.5,-21.09375
07-04,113,133.59375,112.5,-21.09375
07-04,114,133.59375,112.5,-21.09375
07-04,115,133.59375,112.5,-21.09375
07-04,116,133.59375,112.5,-21.09375
07-04,117,133.59375,112.5,-21.09375
07-04,118,133.59375,112.5,-21.09375
07-04,119,133.59375,112.5,-21.09375
07-04,120,133.59375,112.5,-21.09375
07-04,121,126.5625,98.4375,-28.125
07-04,122,126.5625,112.5,-14.0625
07-04,123,126.5625,98.4375,-28.125
07-04,124,126.5625,112.5,-14.0625
07-04,125,126.5625,98.4375,-28.125
07-04,126,126.5625,98.4375,-28.125
07-04,127,126.5625,112.5,-14.0625
07-04,128,126.5625,112.5,-14.0625
07-04,129,126.5625,112.5,-14.0625
07-04,130,126.5625,112.5,-14.0625
07-04,131,126.5625,112.5,-14.0625
07-04,132,126.5625,112.5,-14.0625
07-04,133,126.5625,112.5,-14.0625
07-04,134,126.5625,112.5,-14.0625
07-04,135,126.5625,112.5,-14.0625
07-04,136,126.5625,112.5,-14.0625
07-04,137,126.5625,84.375,-42.1875
07-04,138,126.5625,91.40625,-35.15625
07-04,139,126.5625,112.5,-14.0625
07-04,140,126.5625,112.5,-14.0625
07-04,141,126.5625,112.5,-14.0625
07-04,142,126.5625,112.5,-14.0625
07-04,143,126.5625,98.4375,-28.125
07-04,144,126.5625,112.5,-14.0625
07-04,145,126.5625,112.5,-14.0625
07-04,146,126.5625,98.4375,-28.125
07-04,147,126.5625,98.4375,-28.125
07-04,148,126.5625,98.4375,-28.125
07-04,149,126.5625,91.40625,-35.15625
07-04,150,126.5625,112.5,-14.0625
07-04,151,126.5625,112.5,-14.0625
07-04,152,126.5625,105.46875,-21.09375
07-04,153,126.5625,91.40625,-35.15625
07-04,154,126.5625,91.40625,-35.15625
07-04,155,126.5625,91.40625,-35.15625
07-04,156,126.5625,91.40625,-35.15625
07-04,157,126.5625,98.4375,-28.125
07-04,158,126.5625,98.4375,-28.125
07-04,159,126.5625,98.4375,-28.125
07-04,160,126.5625,98.4375,-28.125
07-04,161,126.5625,112.5,-14.0625
07-04,162,126.5625,105.46875,-21.09375
07-04,163,126.5625,105.46875,-21.09375
07-04,164,126.5625,112.5,-14.0625
07-04,165,126.5625,112.5,-14.0625
07-04,166,126.5625,112.5,-14.0625
07-04,167,126.5625,112.5,-14.0625
07-04,168,126.5625,112.5,-14.0625
07-04,169,126.5625,91.40625,-35.15625
07-04,170,126.5625,91.40625,-35.15625
07-04,171,126.5625,91.40625,-35.15625
07-04,172,126.5625,105.46875,-21.09375
07-04,173,126.5625,105.46875,-21.09375
07-04,174,126.5625,105.46875,-21.09375
07-04,175,119.53125,105.46875,-14.0625
07-04,176,119.53125,112.5,-7.03125
07-04,177,119.53125,112.5,-7.03125
07-04,178,119.53125,105.46875,-14.0625
07-04,179,119.53125,119.53125,0.0
07-04,180,119.53125,112.5,-7.03125
07-04,181,119.53125,112.5,-7.03125
07-04,182,119.53125,112.5,-7.03125
07-04,183,119.53125,91.40625,-28.125
07-04,184,119.53125,112.5,-7.03125
07-04,185,119.53125,112.5,-7.03125
07-04,186,119.53125,112.5,-7.03125
07-04,187,119.53125,98.4375,-21.09375
07-04,188,119.53125,112.5,-7.03125
07-04,189,119.53125,112.5,-7.03125
07-04,190,119.53125,112.5,-7.03125
07-04,191,119.53125,112.5,-7.03125
07-04,192,119.53125,84.375,-35.15625
07-04,193,119.53125,112.5,-7.03125
07-04,194,119.53125,112.5,-7.03125
07-04,195,126.5625,112.5,-14.0625
07-04,196,126.5625,105.46875,-21.09375
07-04,197,126.5625,112.5,-14.0625
07-04,198,126.5625,112.5,-14.0625
07-04,199,126.5625,105.46875,-21.09375
07-04,200,126.5625,98.4375,-28.125
07-05,0,133.59375,98.4375,-35.15625
07-05,1,133.59375,98.4375,-35.15625
07-05,2,133.59375,91.40625,-42.1875
07-05,3,133.59375,98.4375,-35.15625
07-05,4,133.59375,112.5,-21.09375
07-05,5,133.59375,112.5,-21.09375
07-05,6,133.59375,112.5,-21.09375
07-05,7,133.59375,112.5,-21.09375
07-05,8,133.59375,105.46875,-28.125
07-05,9,133.59375,98.4375,-35.15625
07-05,10,133.59375,98.4375,-35.15625
07-05,11,133.59375,91.40625,-42.1875
07-05,12,133.59375,91.40625,-42.1875
07-05,13,133.59375,91.40625,-42.1875
07-05,14,133.59375,91.40625,-42.1875
07-05,15,133.59375,91.40625,-42.1875
07-05,16,133.59375,105.46875,-28.125
07-05,17,133.59375,91.40625,-42.1875
07-05,18,133.59375,105.46875,-28.125
07-05,19,133.59375,105.46875,-28.125
07-05,20,133.59375,105.46875,-28.125
07-05,21,133.59375,112.5,-21.09375
07-05,22,133.59375,112.5,-21.09375
07-05,23,133.59375,112.5,-21.09375
07-05,24,140.625,91.40625,-49.21875
07-05,25,140.625,91.40625,-49.21875
07-05,26,140.625,112.5,-28.125
07-05,27,140.625,112.5,-28.125
07-05,28,140.625,98.4375,-42.1875
07-05,29,140.625,98.4375,-42.1875
07-05,30,140.625,98.4375,-42.1875
07-05,31,140.625,112.5,-28.125
07-05,32,140.625,98.4375,-42.1875
07-05,33,140.625,98.4375,-42.1875
07-05,34,133.59375,98.4375,-35.15625
07-05,35,133.59375,112.5,-21.09375
07-05,36,133.59375,112.5,-21.09375
07-05,37,133.59375,112.5,-21.09375
07-05,38,133.59375,98.4375,-35.15625
07-05,39,133.59375,112.5,-21.09375
07-05,40,133.59375,105.46875,-28.125
07-05,41,133.59375,105.46875,-28.125
07-05,42,133.59375,105.46875,-28.125
07-05,43,133.59375,112.5,-21.09375
07-05,44,133.59375,112.5,-21.09375
07-05,45,133.59375,112.5,-21.09375
07-05,46,133.59375,84.375,-49.21875
07-05,47,133.59375,84.375,-49.21875
07-05,48,133.59375,91.40625,-42.1875
07-05,49,133.59375,91.40625,-42.1875
07-05,50,133.59375,91.40625,-42.1875
07-05,51,133.59375,91.40625,-42.1875
07-05,52,133.59375,91.40625,-42.1875
07-05,53,133.59375,91.40625,-42.1875
07-05,54,133.59375,91.40625,-42.1875
07-05,55,133.59375,91.40625,-42.1875
07-05,56,133.59375,91.40625,-42.1875
07-05,57,133.59375,84.375,-49.21875
07-05,58,133.59375,112.5,-21.09375
07-05,59,133.59375,91.40625,-42.1875
07-05,60,133.59375,98.4375,-35.15625
07-05,61,133.59375,98.4375,-35.15625
07-05,62,133.59375,98.4375,-35.15625
07-05,63,133.59375,98.4375,-35.15625
07-05,64,133.59375,98.4375,-35.15625
07-05,65,133.59375,91.40625,-42.1875
07-05,66,133.59375,98.4375,-35.15625
07-05,67,133.59375,91.40625,-42.1875
07-05,68,133.59375,98.4375,-35.15625
07-05,69,133.59375,98.4375,-35.15625
07-05,70,133.59375,98.4375,-35.15625
07-05,71,133.59375,112.5,-21.09375
07-05,72,133.59375,98.4375,-35.15625
07-05,73,133.59375,91.40625,-42.1875
07-05,74,133.59375,91.40625,-42.1875
07-05,75,133.59375,98.4375,-35.15625
07-05,76,133.59375,105.46875,-28.125
07-05,77,133.59375,98.4375,-35.15625
07-05,78,133.59375,98.4375,-35.15625
07-05,79,133.59375,112.5,-21.09375
07-05,80,133.59375,98.4375,-35.15625
07-05,81,133.59375,98.4375,-35.15625
07-05,82,133.59375,98.4375,-35.15625
07-05,83,133.59375,105.46875,-28.125
07-05,84,133.59375,105.46875,-28.125
07-05,85,133.59375,112.5,-21.09375
07-05,86,133.59375,112.5,-21.09375
07-05,87,126.5625,112.5,-14.0625
07-05,88,126.5625,112.5,-14.0625
07-05,89,126.5625,105.46875,-21.09375
07-05,90,126.5625,112.5,-14.0625
07-05,91,126.5625,112.5,-14.0625
07-05,92,126.5625,112.5,-14.0625
07-05,93,126.5625,105.46875,-21.09375
07-05,94,126.5625,112.5,-14.0625
07-05,95,126.5625,112.5,-14.0625
07-05,96,126.5625,112.5,-14.0625
07-05,97,126.5625,105.46875,-21.09375
07-05,98,126.5625,112.5,-14.0625
07-05,99,126.5625,112.5,-14.0625
07-05,100,126.5625,112.5,-14.0625
07-05,101,126.5625,112.5,-14.0625
07-05,102,126.5625,112.5,-14.0625
07-05,103,126.5625,112.5,-14.0625
07-05,104,126.5625,112.5,-14.0625
07-05,105,126.5625,112.5,-14.0625
07-05,106,126.5625,105.46875,-21.09375
07-05,107,133.59375,112.5,-21.09375
07-05,108,133.59375,112.5,-21.09375
07-05,109,133.59375,112.5,-21.09375
07-05,110,133.59375,112.5,-21.09375
07-05,111,133.59375,98.4375,-35.15625
07-05,112,133.59375,105.46875,-28.125
07-05,113,133.59375,98.4375,-35.15625
07-05,114,133.59375,105.46875,-28.125
07-05,115,133.59375,98.4375,-35.15625
07-05,116,133.59375,91.40625,-42.1875
07-05,117,126.5625,105.46875,-21.09375
07-05,118,126.5625,105.46875,-21.09375
07-05,119,126.5625,105.46875,-21.09375
07-05,120,126.5625,105.46875,-21.09375
07-05,121,126.5625,112.5,-14.0625
07-05,122,126.5625,112.5,-14.0625
07-05,123,126.5625,98.4375,-28.125
07-05,124,126.5625,112.5,-14.0625
07-05,125,126.5625,84.375,-42.1875
07-05,126,119.53125,91.40625,-28.125
07-05,127,119.53125,91.40625,-28.125
07-05,128,119.53125,91.40625,-28.125
07-05,129,119.53125,91.40625,-28.125
07-05,130,119.53125,91.40625,-28.125
07-05,131,119.53125,98.4375,-21.09375
07-05,132,119.53125,98.4375,-21.09375
07-05,133,119.53125,98.4375,-21.09375
07-05,134,119.53125,98.4375,-21.09375
07-05,135,119.53125,98.4375,-21.09375
07-05,136,119.53125,98.4375,-21.09375
07-05,137,119.53125,98.4375,-21.09375
07-05,138,119.53125,98.4375,-21.09375
07-05,139,119.53125,98.4375,-21.09375
07-05,140,119.53125,98.4375,-21.09375
07-05,141,119.53125,98.4375,-21.09375
07-05,142,126.5625,98.4375,-28.125
07-05,143,126.5625,98.4375,-28.125
07-05,144,126.5625,119.53125,-7.03125
07-05,145,126.5625,119.53125,-7.03125
07-05,146,126.5625,105.46875,-21.09375
07-05,147,126.5625,112.5,-14.0625
07-05,148,126.5625,112.5,-14.0625
07-05,149,126.5625,105.46875,-21.09375
07-05,150,126.5625,112.5,-14.0625
07-05,151,126.5625,112.5,-14.0625
07-05,152,126.5625,112.5,-14.0625
07-05,153,126.5625,112.5,-14.0625
07-05,154,126.5625,112.5,-14.0625
07-05,155,126.5625,98.4375,-28.125
07-05,156,126.5625,112.5,-14.0625
07-05,157,126.5625,98.4375,-28.125
07-05,158,126.5625,112.5,-14.0625
07-05,159,126.5625,112.5,-14.0625
07-05,160,126.5625,112.5,-14.0625
07-05,161,126.5625,91.40625,-35.15625
07-05,162,126.5625,98.4375,-28.125
07-05,163,126.5625,112.5,-14.0625
07-05,164,126.5625,112.5,-14.0625
07-05,165,126.5625,112.5,-14.0625
07-05,166,126.5625,98.4375,-28.125
07-05,167,126.5625,112.5,-14.0625
07-06,0,133.59375,98.4375,-35.15625
07-06,1,133.59375,98.4375,-35.15625
07-06,2,133.59375,105.46875,-28.125
07-06,3,133.59375,119.53125,-14.0625
07-06,4,133.59375,98.4375,-35.15625
07-06,5,133.59375,98.4375,-35.15625
07-06,6,133.59375,105.46875,-28.125
07-06,7,133.59375,105.46875,-28.125
07-06,8,133.59375,98.4375,-35.15625
07-06,9,133.59375,105.46875,-28.125
07-06,10,133.59375,98.4375,-35.15625
07-06,11,133.59375,91.40625,-42.1875
07-06,12,133.59375,91.40625,-42.1875
07-06,13,126.5625,98.4375,-28.125
07-06,14,126.5625,91.40625,-35.15625
07-06,15,126.5625,91.40625,-35.15625
07-06,16,126.5625,91.40625,-35.15625
07-06,17,126.5625,91.40625,-35.15625
07-06,18,126.5625,91.40625,-35.15625
07-06,19,126.5625,91.40625,-35.15625
07-06,20,126.5625,112.5,-14.0625
07-06,21,126.5625,91.40625,-35.15625
07-06,22,126.5625,112.5,-14.0625
07-06,23,126.5625,91.40625,-35.15625
07-06,24,126.5625,91.40625,-35.15625
07-06,25,133.59375,112.5,-21.09375
07-06,26,133.59375,98.4375,-35.15625
07-06,27,133.59375,112.5,-21.09375
07-06,28,133.59375,98.4375,-35.15625
07-06,29,133.59375,98.4375,-35.15625
07-06,30,133.59375,112.5,-21.09375
07-06,31,133.59375,91.40625,-42.1875
07-06,32,133.59375,91.40625,-42.1875
07-06,33,133.59375,91.40625,-42.1875
07-06,34,133.59375,98.4375,-35.15625
07-06,35,126.5625,91.40625,-35.15625
07-06,36,133.59375,98.4375,-35.15625
07-06,37,133.59375,105.46875,-28.125
07-06,38,133.59375,105.46875,-28.125
07-06,39,133.59375,105.46875,-28.125
07-06,40,133.59375,98.4375,-35.15625
07-06,41,133.59375,112.5,-21.09375
07-06,42,133.59375,112.5,-21.09375
07-06,43,133.59375,112.5,-21.09375
07-06,44,133.59375,84.375,-49.21875
07-06,45,133.59375,84.375,-49.21875
07-06,46,133.59375,91.40625,-42.1875
07-06,47,133.59375,91.40625,-42.1875
07-06,48,133.59375,91.40625,-42.1875
07-06,49,133.59375,91.40625,-42.1875
07-06,50,133.59375,91.40625,-42.1875
07-06,51,133.59375,91.40625,-42.1875
07-06,52,133.59375,91.40625,-42.1875
07-06,53,133.59375,91.40625,-42.1875
07-06,54,133.59375,84.375,-49.21875
07-06,55,133.59375,84.375,-49.21875
07-06,56,133.59375,84.375,-49.21875
07-06,57,133.59375,98.4375,-35.15625
07-06,58,133.59375,91.40625,-42.1875
07-06,59,133.59375,112.5,-21.09375
07-06,60,133.59375,98.4375,-35.15625
07-06,61,133.59375,98.4375,-35.15625
07-06,62,133.59375,91.40625,-42.1875
07-06,63,133.59375,98.4375,-35.15625
07-06,64,133.59375,112.5,-21.09375
07-06,65,133.59375,98.4375,-35.15625
07-06,66,133.59375,91.40625,-42.1875
07-06,67,133.59375,98.4375,-35.15625
07-06,68,133.59375,112.5,-21.09375
07-06,69,133.59375,112.5,-21.09375
07-06,70,133.59375,112.5,-21.09375
07-06,71,133.59375,91.40625,-42.1875
07-06,72,133.59375,91.40625,-42.1875
07-06,73,133.59375,98.4375,-35.15625
07-06,74,133.59375,98.4375,-35.15625
07-06,75,133.59375,98.4375,-35.15625
07-06,76,133.59375,98.4375,-35.15625
07-06,77,133.59375,98.4375,-35.15625
07-06,78,133.59375,98.4375,-35.15625
07-06,79,133.59375,98.4375,-35.15625
07-06,80,133.59375,98.4375,-35.15625
07-06,81,133.59375,98.4375,-35.15625
07-06,82,133.59375,98.4375,-35.15625
07-06,83,133.59375,98.4375,-35.15625
07-06,84,133.59375,112.5,-21.09375
07-06,85,133.59375,112.5,-21.09375
07-06,86,133.59375,105.46875,-28.125
07-06,87,133.59375,105.46875,-28.125
07-06,88,133.59375,98.4375,-35.15625
07-06,89,133.59375,105.46875,-28.125
07-06,90,133.59375,98.4375,-35.15625
07-06,91,133.59375,112.5,-21.09375
07-06,92,133.59375,105.46875,-28.125
07-06,93,133.59375,98.4375,-35.15625
07-06,94,133.59375,105.46875,-28.125
07-06,95,133.59375,105.46875,-28.125
07-06,96,133.59375,98.4375,-35.15625
07-06,97,133.59375,105.46875,-28.125
07-06,98,133.59375,112.5,-21.09375
07-06,99,133.59375,112.5,-21.09375
07-06,100,133.59375,112.5,-21.09375
07-06,101,133.59375,112.5,-21.09375
07-06,102,133.59375,112.5,-21.09375
07-06,103,133.59375,105.46875,-28.125
07-06,104,133.59375,105.46875,-28.125
07-06,105,133.59375,112.5,-21.09375
07-06,106,133.59375,112.5,-21.09375
07-06,107,133.59375,112.5,-21.09375
07-06,108,133.59375,112.5,-21.09375
07-06,109,133.59375,98.4375,-35.15625
07-06,110,133.59375,98.4375,-35.15625
07-06,111,133.59375,98.4375,-35.15625
07-06,112,133.59375,91.40625,-42.1875
07-06,113,133.59375,91.40625,-42.1875
07-06,114,133.59375,91.40625,-42.1875
07-06,115,133.59375,91.40625,-42.1875
07-06,116,133.59375,91.40625,-42.1875
07-06,117,133.59375,91.40625,-42.1875
07-06,118,133.59375,91.40625,-42.1875
07-06,119,133.59375,91.40625,-42.1875
07-06,120,133.59375,91.40625,-42.1875
07-06,121,133.59375,91.40625,-42.1875
07-06,122,133.59375,91.40625,-42.1875
07-06,123,133.59375,91.40625,-42.1875
07-06,124,133.59375,91.40625,-42.1875
07-06,125,133.59375,91.40625,-42.1875
07-06,126,133.59375,98.4375,-35.15625
07-06,127,133.59375,112.5,-21.09375
07-06,128,133.59375,98.4375,-35.15625
07-06,129,133.59375,98.4375,-35.15625
07-06,130,133.59375,91.40625,-42.1875
07-06,131,133.59375,98.4375,-35.15625
07-06,132,126.5625,112.5,-14.0625
07-06,133,126.5625,112.5,-14.0625
07-06,134,126.5625,98.4375,-28.125
07-06,135,126.5625,98.4375,-28.125
07-06,136,126.5625,98.4375,-28.125
07-06,137,126.5625,98.4375,-28.125
07-06,138,126.5625,112.5,-14.0625
07-06,139,126.5625,91.40625,-35.15625
07-06,140,126.5625,91.40625,-35.15625
07-06,141,126.5625,98.4375,-28.125
07-06,142,126.5625,98.4375,-28.125
07-06,143,126.5625,98.4375,-28.125
07-06,144,126.5625,98.4375,-28.125
07-06,145,126.5625,98.4375,-28.125
07-06,146,126.5625,112.5,-14.0625
07-06,147,126.5625,105.46875,-21.09375
07-06,148,126.5625,105.46875,-21.09375
07-06,149,126.5625,105.46875,-21.09375
07-06,150,126.5625,112.5,-14.0625
07-06,151,126.5625,105.46875,-21.09375
07-06,152,126.5625,112.5,-14.0625
07-06,153,126.5625,112.5,-14.0625
07-06,154,126.5625,105.46875,-21.09375
07-06,155,126.5625,98.4375,-28.125
07-06,156,126.5625,98.4375,-28.125
07-06,157,126.5625,112.5,-14.0625
07-06,158,126.5625,112.5,-14.0625
07-06,159,126.5625,112.5,-14.0625
07-06,160,126.5625,98.4375,-28.125
07-06,161,126.5625,91.40625,-35.15625
07-06,162,126.5625,112.5,-14.0625
07-06,163,126.5625,105.46875,-21.09375
07-06,164,126.5625,112.5,-14.0625
07-06,165,126.5625,112.5,-14.0625
07-06,166,126.5625,112.5,-14.0625
07-06,167,126.5625,112.5,-14.0625
07-06,168,126.5625,105.46875,-21.09375
07-06,169,126.5625,112.5,-14.0625
08-01,0,49.21875,112.5,63.28125
08-01,1,49.21875,91.40625,42.1875
08-01,2,49.21875,112.5,63.28125
08-01,3,49.21875,112.5,63.28125
08-01,4,49.21875,112.5,63.28125
08-01,5,49.21875,112.5,63.28125
08-01,6,49.21875,91.40625,42.1875
08-01,7,49.21875,112.5,63.28125
08-01,8,49.21875,112.5,63.28125
08-01,9,49.21875,112.5,63.28125
08-01,10,91.40625,91.40625,0.0
08-01,11,91.40625,91.40625,0.0
08-01,12,91.40625,112.5,21.09375
08-01,13,91.40625,112.5,21.09375
08-01,14,91.40625,112.5,21.09375
08-01,15,91.40625,112.5,21.09375
08-01,16,91.40625,112.5,21.09375
08-01,17,91.40625,112.5,21.09375
08-01,18,91.40625,112.5,21.09375
08-01,19,91.40625,84.375,-7.03125
08-01,20,91.40625,105.46875,14.0625
08-01,21,91.40625,98.4375,7.03125
08-01,22,91.40625,112.5,21.09375
08-01,23,91.40625,105.46875,14.0625
08-01,24,91.40625,91.40625,0.0
08-01,25,91.40625,84.375,-7.03125
08-01,26,91.40625,112.5,21.09375
08-01,27,91.40625,112.5,21.09375
08-01,28,91.40625,112.5,21.09375
08-01,29,91.40625,112.5,21.09375
08-01,30,91.40625,105.46875,14.0625
08-01,31,91.40625,112.5,21.09375
08-01,32,91.40625,105.46875,14.0625
08-01,33,91.40625,105.46875,14.0625
08-01,34,91.40625,98.4375,7.03125
08-01,35,91.40625,112.5,21.09375
08-01,36,91.40625,112.5,21.09375
08-01,37,91.40625,112.5,21.09375
08-01,38,91.40625,105.46875,14.0625
08-01,39,91.40625,112.5,21.09375
08-01,40,91.40625,105.46875,14.0625
08-01,41,91.40625,112.5,21.09375
08-01,42,91.40625,112.5,21.09375
08-01,43,91.40625,112.5,21.09375
08-01,44,49.21875,112.5,63.28125
08-01,45,49.21875,112.5,63.28125
08-01,46,49.21875,112.5,63.28125
08-01,47,49.21875,112.5,63.28125
08-01,48,49.21875,112.5,63.28125
08-01,49,49.21875,98.4375,49.21875
08-01,50,49.21875,98.4375,49.21875
08-01,51,49.21875,91.40625,42.1875
08-01,52,49.21875,105.46875,56.25
08-01,53,49.21875,105.46875,56.25
08-01,54,49.21875,105.46875,56.25
08-01,55,49.21875,98.4375,49.21875
08-01,56,49.21875,105.46875,56.25
08-01,57,49.21875,112.5,63.28125
08-01,58,49.21875,112.5,63.28125
08-01,59,49.21875,112.5,63.28125
08-01,60,49.21875,112.5,63.28125
08-01,61,49.21875,98.4375,49.21875
08-01,62,49.21875,112.5,63.28125
08-01,63,49.21875,98.4375,49.21875
08-01,64,49.21875,91.40625,42.1875
08-01,65,49.21875,98.4375,49.21875
08-01,66,49.21875,105.46875,56.25
08-01,67,49.21875,112.5,63.28125
08-01,68,49.21875,112.5,63.28125
08-01,69,49.21875,98.4375,49.21875
08-01,70,49.21875,112.5,63.28125
08-01,71,91.40625,105.46875,14.0625
08-01,72,91.40625,98.4375,7.03125
08-01,73,91.40625,105.46875,14.0625
08-01,74,49.21875,112.5,63.28125
08-01,75,91.40625,98.4375,7.03125
08-01,76,91.40625,91.40625,0.0
08-01,77,91.40625,98.4375,7.03125
08-01,78,49.21875,98.4375,49.21875
08-01,79,91.40625,112.5,21.09375
08-01,80,91.40625,105.46875,14.0625
08-01,81,91.40625,105.46875,14.0625
08-01,82,91.40625,98.4375,7.03125
08-01,83,91.40625,105.46875,14.0625
08-01,84,91.40625,105.46875,14.0625
08-01,85,91.40625,98.4375,7.03125
08-01,86,91.40625,112.5,21.09375
08-01,87,91.40625,91.40625,0.0
08-01,88,91.40625,98.4375,7.03125
08-01,89,49.21875,91.40625,42.1875
08-01,90,49.21875,91.40625,42.1875
08-01,91,49.21875,91.40625,42.1875
08-01,92,49.21875,91.40625,42.1875
08-01,93,49.21875,91.40625,42.1875
08-01,94,49.21875,91.40625,42.1875
08-01,95,49.21875,91.40625,42.1875
08-01,96,49.21875,112.5,63.28125
08-01,97,49.21875,105.46875,56.25
08-01,98,49.21875,105.46875,56.25
08-01,99,49.21875,112.5,63.28125
08-01,100,91.40625,112.5,21.09375
08-01,101,49.21875,112.5,63.28125
08-01,102,91.40625,98.4375,7.03125
08-01,103,91.40625,105.46875,14.0625
08-01,104,91.40625,105.46875,14.0625
08-01,105,91.40625,105.46875,14.0625
08-01,106,91.40625,105.46875,14.0625
08-01,107,91.40625,105.46875,14.0625
08-01,108,91.40625,112.5,21.09375
08-01,109,91.40625,112.5,21.09375
08-01,110,91.40625,112.5,21.09375
08-01,111,91.40625,112.5,21.09375
08-01,112,91.40625,112.5,21.09375
08-01,113,91.40625,112.5,21.09375
08-01,114,91.40625,98.4375,7.03125
08-01,115,91.40625,112.5,21.09375
08-01,116,91.40625,105.46875,14.0625
08-01,117,91.40625,98.4375,7.03125
08-01,118,91.40625,112.5,21.09375
08-01,119,91.40625,112.5,21.09375
08-01,120,91.40625,98.4375,7.03125
08-01,121,91.40625,112.5,21.09375
08-01,122,91.40625,112.5,21.09375
08-01,123,91.40625,112.5,21.09375
08-01,124,91.40625,105.46875,14.0625
08-01,125,91.40625,112.5,21.09375
08-01,126,91.40625,112.5,21.09375
08-01,127,91.40625,105.46875,14.0625
08-01,128,91.40625,105.46875,14.0625
08-01,129,91.40625,98.4375,7.03125
08-01,130,91.40625,98.4375,7.03125
08-01,131,91.40625,105.46875,14.0625
08-01,132,91.40625,105.46875,14.0625
08-01,133,91.40625,112.5,21.09375
08-01,134,91.40625,105.46875,14.0625
08-01,135,91.40625,105.46875,14.0625
08-01,136,91.40625,112.5,21.09375
08-01,137,91.40625,112.5,21.09375
08-01,138,91.40625,112.5,21.09375
08-01,139,91.40625,112.5,21.09375
08-01,140,91.40625,112.5,21.09375
08-01,141,91.40625,112.5,21.09375
08-01,142,91.40625,112.5,21.09375
08-01,143,91.40625,112.5,21.09375
08-01,144,91.40625,105.46875,14.0625
08-01,145,91.40625,112.5,21.09375
08-01,146,91.40625,105.46875,14.0625
08-01,147,91.40625,105.46875,14.0625
08-01,148,91.40625,98.4375,7.03125
08-01,149,91.40625,112.5,21.09375
08-01,150,91.40625,105.46875,14.0625
08-01,151,91.40625,91.40625,0.0
08-01,152,91.40625,112.5,21.09375
08-01,153,91.40625,91.40625,0.0
08-01,154,91.40625,112.5,21.09375
08-01,155,91.40625,112.5,21.09375
08-01,156,91.40625,112.5,21.09375
08-01,157,91.40625,112.5,21.09375
08-01,158,91.40625,112.5,21.09375
08-01,159,91.40625,112.5,21.09375
08-01,160,91.40625,112.5,21.09375
08-01,161,91.40625,112.5,21.09375
08-01,162,91.40625,112.5,21.09375
08-01,163,91.40625,112.5,21.09375
08-01,164,91.40625,112.5,21.09375
08-01,165,91.40625,112.5,21.09375
08-01,166,91.40625,112.5,21.09375
08-01,167,91.40625,112.5,21.09375
08-01,168,91.40625,112.5,21.09375
08-01,169,91.40625,112.5,21.09375
08-02,0,63.28125,91.40625,28.125
08-02,1,56.25,84.375,28.125
08-02,2,56.25,91.40625,35.15625
08-02,3,56.25,112.5,56.25
08-02,4,56.25,112.5,56.25
08-02,5,56.25,84.375,28.125
08-02,6,56.25,112.5,56.25
08-02,7,56.25,91.40625,35.15625
08-02,8,56.25,91.40625,35.15625
08-02,9,56.25,112.5,56.25
08-02,10,56.25,112.5,56.25
08-02,11,56.25,112.5,56.25
08-02,12,56.25,112.5,56.25
08-02,13,56.25,112.5,56.25
08-02,14,56.25,112.5,56.25
08-02,15,56.25,112.5,56.25
08-02,16,56.25,112.5,56.25
08-02,17,56.25,112.5,56.25
08-02,18,56.25,112.5,56.25
08-02,19,56.25,112.5,56.25
08-02,20,63.28125,105.46875,42.1875
08-02,21,63.28125,105.46875,42.1875
08-02,22,63.28125,112.5,49.21875
08-02,23,63.28125,112.5,49.21875
08-02,24,63.28125,112.5,49.21875
08-02,25,63.28125,112.5,49.21875
08-02,26,63.28125,112.5,49.21875
08-02,27,63.28125,112.5,49.21875
08-02,28,63.28125,98.4375,35.15625
08-02,29,63.28125,98.4375,35.15625
08-02,30,56.25,112.5,56.25
08-02,31,63.28125,112.5,49.21875
08-02,32,63.28125,112.5,49.21875
08-02,33,56.25,112.5,56.25
08-02,34,63.28125,112.5,49.21875
08-02,35,63.28125,112.5,49.21875
08-02,36,63.28125,112.5,49.21875
08-02,37,119.53125,98.4375,-21.09375
08-02,38,56.25,112.5,56.25
08-02,39,56.25,112.5,56.25
08-02,40,56.25,112.5,56.25
08-02,41,56.25,112.5,56.25
08-02,42,56.25,112.5,56.25
08-02,43,56.25,112.5,56.25
08-02,44,56.25,112.5,56.25
08-02,45,56.25,91.40625,35.15625
08-02,46,56.25,112.5,56.25
08-02,47,56.25,112.5,56.25
08-02,48,56.25,112.5,56.25
08-02,49,56.25,98.4375,42.1875
08-02,50,56.25,98.4375,42.1875
08-02,51,56.25,112.5,56.25
08-02,52,56.25,112.5,56.25
08-02,53,56.25,91.40625,35.15625
08-02,54,56.25,91.40625,35.15625
08-02,55,56.25,112.5,56.25
08-02,56,56.25,112.5,56.25
08-02,57,56.25,112.5,56.25
08-02,58,56.25,112.5,56.25
08-02,59,56.25,112.5,56.25
08-02,60,56.25,112.5,56.25
08-02,61,56.25,105.46875,49.21875
08-02,62,56.25,98.4375,42.1875
08-02,63,56.25,105.46875,49.21875
08-02,64,56.25,105.46875,49.21875
08-02,65,56.25,105.46875,49.21875
08-02,66,56.25,105.46875,49.21875
08-02,67,56.25,112.5,56.25
08-02,68,56.25,98.4375,42.1875
08-02,69,63.28125,98.4375,35.15625
08-02,70,63.28125,91.40625,28.125
08-02,71,63.28125,91.40625,28.125
08-02,72,63.28125,91.40625,28.125
08-02,73,63.28125,112.5,49.21875
08-02,74,63.28125,98.4375,35.15625
08-02,75,63.28125,98.4375,35.15625
08-02,76,63.28125,112.5,49.21875
08-02,77,63.28125,112.5,49.21875
08-02,78,63.28125,112.5,49.21875
08-02,79,63.28125,112.5,49.21875
08-02,80,63.28125,112.5,49.21875
08-02,81,63.28125,112.5,49.21875
08-02,82,63.28125,112.5,49.21875
08-02,83,63.28125,91.40625,28.125
08-02,84,63.28125,91.40625,28.125
08-02,85,63.28125,105.46875,42.1875
08-02,86,63.28125,105.46875,42.1875
08-02,87,63.28125,112.5,49.21875
08-02,88,63.28125,105.46875,42.1875
08-02,89,63.28125,105.46875,42.1875
08-02,90,63.28125,112.5,49.21875
08-02,91,119.53125,112.5,-7.03125
08-02,92,119.53125,112.5,-7.03125
08-02,93,119.53125,112.5,-7.03125
08-02,94,119.53125,112.5,-7.03125
08-02,95,119.53125,112.5,-7.03125
08-02,96,119.53125,112.5,-7.03125
08-02,97,119.53125,98.4375,-21.09375
08-02,98,119.53125,112.5,-7.03125
08-02,99,119.53125,112.5,-7.03125
08-02,100,119.53125,112.5,-7.03125
08-02,101,63.28125,112.5,49.21875
08-02,102,63.28125,91.40625,28.125
08-02,103,63.28125,112.5,49.21875
08-02,104,63.28125,112.5,49.21875
08-02,105,63.28125,112.5,49.21875
08-02,106,63.28125,112.5,49.21875
08-02,107,63.28125,112.5,49.21875
08-02,108,63.28125,91.40625,28.125
08-02,109,63.28125,98.4375,35.15625
08-02,110,63.28125,112.5,49.21875
08-02,111,63.28125,112.5,49.21875
08-02,112,63.28125,112.5,49.21875
08-02,113,63.28125,112.5,49.21875
08-02,114,63.28125,112.5,49.21875
08-02,115,63.28125,112.5,49.21875
08-02,116,63.28125,112.5,49.21875
08-02,117,63.28125,112.5,49.21875
08-02,118,63.28125,98.4375,35.15625
08-02,119,119.53125,112.5,-7.03125
08-02,120,119.53125,112.5,-7.03125
08-02,121,119.53125,112.5,-7.03125
08-02,122,119.53125,98.4375,-21.09375
08-02,123,119.53125,91.40625,-28.125
08-02,124,119.53125,112.5,-7.03125
08-02,125,119.53125,91.40625,-28.125
08-02,126,119.53125,112.5,-7.03125
08-02,127,119.53125,112.5,-7.03125
08-02,128,119.53125,112.5,-7.03125
08-02,129,119.53125,112.5,-7.03125
08-02,130,119.53125,98.4375,-21.09375
08-02,131,119.53125,112.5,-7.03125
08-02,132,119.53125,112.5,-7.03125
08-02,133,119.53125,91.40625,-28.125
08-02,134,119.53125,98.4375,-21.09375
08-02,135,119.53125,84.375,-35.15625
08-02,136,119.53125,112.5,-7.03125
08-02,137,119.53125,112.5,-7.03125
08-02,138,119.53125,112.5,-7.03125
08-02,139,119.53125,112.5,-7.03125
08-02,140,63.28125,112.5,49.21875
08-02,141,63.28125,98.4375,35.15625
08-02,142,63.28125,98.4375,35.15625
08-02,143,63.28125,112.5,49.21875
08-02,144,63.28125,91.40625,28.125
08-02,145,63.28125,112.5,49.21875
08-02,146,63.28125,112.5,49.21875
08-02,147,63.28125,112.5,49.21875
08-02,148,63.28125,91.40625,28.125
08-02,149,63.28125,112.5,49.21875
08-02,150,63.28125,105.46875,42.1875
08-02,151,63.28125,119.53125,56.25
08-02,152,63.28125,98.4375,35.15625
08-02,153,63.28125,112.5,49.21875
08-02,154,63.28125,105.46875,42.1875
08-02,155,56.25,112.5,56.25
08-02,156,56.25,105.46875,49.21875
08-02,157,56.25,119.53125,63.28125
08-02,158,56.25,112.5,56.25
08-02,159,56.25,112.5,56.25
08-02,160,56.25,112.5,56.25
08-02,161,56.25,112.5,56.25
08-02,162,56.25,112.5,56.25
08-02,163,56.25,112.5,56.25
08-02,164,56.25,112.5,56.25
08-02,165,56.25,98.4375,42.1875
08-02,166,56.25,98.4375,42.1875
08-02,167,56.25,91.40625,35.15625
08-02,168,56.25,98.4375,42.1875
08-02,169,56.25,112.5,56.25
08-02,170,56.25,112.5,56.25
08-02,171,56.25,112.5,56.25
08-03,0,105.46875,98.4375,-7.03125
08-03,1,105.46875,112.5,7.03125
08-03,2,105.46875,112.5,7.03125
08-03,3,105.46875,112.5,7.03125
08-03,4,105.46875,112.5,7.03125
08-03,5,105.46875,91.40625,-14.0625
08-03,6,105.46875,112.5,7.03125
08-03,7,49.21875,112.5,63.28125
08-03,8,49.21875,112.5,63.28125
08-03,9,49.21875,105.46875,56.25
08-03,10,49.21875,105.46875,56.25
08-03,11,49.21875,105.46875,56.25
08-03,12,49.21875,112.5,63.28125
08-03,13,49.21875,112.5,63.28125
08-03,14,49.21875,112.5,63.28125
08-03,15,49.21875,112.5,63.28125
08-03,16,49.21875,112.5,63.28125
08-03,17,49.21875,105.46875,56.25
08-03,18,49.21875,112.5,63.28125
08-03,19,49.21875,112.5,63.28125
08-03,20,49.21875,112.5,63.28125
08-03,21,49.21875,105.46875,56.25
08-03,22,49.21875,112.5,63.28125
08-03,23,49.21875,112.5,63.28125
08-03,24,49.21875,112.5,63.28125
08-03,25,49.21875,112.5,63.28125
08-03,26,49.21875,98.4375,49.21875
08-03,27,49.21875,112.5,63.28125
08-03,28,49.21875,105.46875,56.25
08-03,29,49.21875,112.5,63.28125
08-03,30,49.21875,112.5,63.28125
08-03,31,49.21875,84.375,35.15625
08-03,32,49.21875,112.5,63.28125
08-03,33,49.21875,91.40625,42.1875
08-03,34,49.21875,112.5,63.28125
08-03,35,49.21875,98.4375,49.21875
08-03,36,49.21875,112.5,63.28125
08-03,37,49.21875,112.5,63.28125
08-03,38,49.21875,112.5,63.28125
08-03,39,49.21875,98.4375,49.21875
08-03,40,49.21875,112.5,63.28125
08-03,41,49.21875,98.4375,49.21875
08-03,42,49.21875,112.5,63.28125
08-03,43,49.21875,112.5,63.28125
08-03,44,49.21875,91.40625,42.1875
08-03,45,49.21875,112.5,63.28125
08-03,46,49.21875,112.5,63.28125
08-03,47,49.21875,112.5,63.28125
08-03,48,49.21875,112.5,63.28125
08-03,49,49.21875,105.46875,56.25
08-03,50,49.21875,105.46875,56.25
08-03,51,49.21875,105.46875,56.25
08-03,52,49.21875,112.5,63.28125
08-03,53,49.21875,105.46875,56.25
08-03,54,49.21875,105.46875,56.25
08-03,55,49.21875,112.5,63.28125
08-03,56,49.21875,105.46875,56.25
08-03,57,49.21875,98.4375,49.21875
08-03,58,49.21875,105.46875,56.25
08-03,59,49.21875,112.5,63.28125
08-03,60,49.21875,105.46875,56.25
08-03,61,49.21875,105.46875,56.25
08-03,62,49.21875,105.46875,56.25
08-03,63,49.21875,112.5,63.28125
08-03,64,49.21875,112.5,63.28125
08-03,65,49.21875,112.5,63.28125
08-03,66,49.21875,112.5,63.28125
08-03,67,49.21875,112.5,63.28125
08-03,68,49.21875,98.4375,49.21875
08-03,69,49.21875,112.5,63.28125
08-03,70,49.21875,112.5,63.28125
08-03,71,49.21875,112.5,63.28125
08-03,72,49.21875,112.5,63.28125
08-03,73,49.21875,112.5,63.28125
08-03,74,49.21875,112.5,63.28125
08-03,75,49.21875,112.5,63.28125
08-03,76,49.21875,112.5,63.28125
08-03,77,49.21875,112.5,63.28125
08-03,78,49.21875,112.5,63.28125
08-03,79,49.21875,112.5,63.28125
08-03,80,49.21875,112.5,63.28125
08-03,81,49.21875,112.5,63.28125
08-03,82,49.21875,112.5,63.28125
08-03,83,49.21875,112.5,63.28125
08-03,84,49.21875,112.5,63.28125
08-03,85,49.21875,105.46875,56.25
08-03,86,49.21875,112.5,63.28125
08-03,87,49.21875,112.5,63.28125
08-03,88,49.21875,105.46875,56.25
08-03,89,49.21875,98.4375,49.21875
08-03,90,49.21875,112.5,63.28125
08-03,91,49.21875,105.46875,56.25
08-03,92,49.21875,112.5,63.28125
08-03,93,49.21875,112.5,63.28125
08-03,94,49.21875,112.5,63.28125
08-03,95,49.21875,112.5,63.28125
08-03,96,49.21875,112.5,63.28125
08-03,97,49.21875,112.5,63.28125
08-03,98,49.21875,112.5,63.28125
08-03,99,49.21875,112.5,63.28125
08-03,100,49.21875,112.5,63.28125
08-03,101,49.21875,112.5,63.28125
08-03,102,49.21875,112.5,63.28125
08-03,103,49.21875,112.5,63.28125
08-03,104,49.21875,112.5,63.28125
08-03,105,49.21875,112.5,63.28125
08-03,106,49.21875,112.5,63.28125
08-03,107,49.21875,105.46875,56.25
08-03,108,49.21875,112.5,63.28125
08-03,109,49.21875,91.40625,42.1875
08-03,110,49.21875,112.5,63.28125
08-03,111,49.21875,112.5,63.28125
08-03,112,49.21875,112.5,63.28125
08-03,113,49.21875,112.5,63.28125
08-03,114,49.21875,112.5,63.28125
08-03,115,49.21875,112.5,63.28125
08-03,116,91.40625,112.5,21.09375
08-03,117,49.21875,112.5,63.28125
08-03,118,49.21875,112.5,63.28125
08-03,119,49.21875,112.5,63.28125
08-03,120,49.21875,112.5,63.28125
08-03,121,49.21875,112.5,63.28125
08-03,122,49.21875,112.5,63.28125
08-03,123,49.21875,112.5,63.28125
08-03,124,49.21875,112.5,63.28125
08-03,125,49.21875,112.5,63.28125
08-03,126,49.21875,112.5,63.28125
08-03,127,49.21875,98.4375,49.21875
08-03,128,49.21875,112.5,63.28125
08-03,129,49.21875,112.5,63.28125
08-03,130,49.21875,112.5,63.28125
08-03,131,49.21875,112.5,63.28125
08-03,132,49.21875,112.5,63.28125
08-03,133,49.21875,112.5,63.28125
08-03,134,49.21875,112.5,63.28125
08-03,135,49.21875,91.40625,42.1875
08-03,136,49.21875,84.375,35.15625
08-03,137,49.21875,98.4375,49.21875
08-03,138,49.21875,98.4375,49.21875
08-03,139,49.21875,112.5,63.28125
08-03,140,49.21875,112.5,63.28125
08-03,141,49.21875,91.40625,42.1875
08-03,142,49.21875,98.4375,49.21875
08-03,143,49.21875,91.40625,42.1875
08-03,144,49.21875,112.5,63.28125
08-03,145,49.21875,98.4375,49.21875
08-03,146,49.21875,98.4375,49.21875
08-03,147,49.21875,112.5,63.28125
08-03,148,49.21875,112.5,63.28125
08-03,149,49.21875,112.5,63.28125
08-03,150,49.21875,105.46875,56.25
08-03,151,49.21875,105.46875,56.25
08-03,152,49.21875,105.46875,56.25
08-03,153,49.21875,105.46875,56.25
08-03,154,49.21875,105.46875,56.25
08-03,155,49.21875,112.5,63.28125
08-03,156,49.21875,112.5,63.28125
08-03,157,49.21875,105.46875,56.25
08-03,158,49.21875,112.5,63.28125
08-03,159,49.21875,112.5,63.28125
08-03,160,49.21875,112.5,63.28125
08-03,161,49.21875,112.5,63.28125
08-03,162,49.21875,112.5,63.28125
08-03,163,49.21875,112.5,63.28125
08-03,164,49.21875,98.4375,49.21875
08-03,165,49.21875,112.5,63.28125
08-03,166,49.21875,112.5,63.28125
08-03,167,49.21875,112.5,63.28125
08-03,168,49.21875,98.4375,49.21875
08-03,169,49.21875,112.5,63.28125
08-03,170,49.21875,98.4375,49.21875
08-03,171,49.21875,112.5,63.28125
08-03,172,49.21875,112.5,63.28125
08-03,173,49.21875,84.375,35.15625
08-03,174,49.21875,91.40625,42.1875
08-03,175,49.21875,91.40625,42.1875
08-03,176,49.21875,112.5,63.28125
08-03,177,49.21875,98.4375,49.21875
08-03,178,49.21875,112.5,63.28125
08-03,179,49.21875,112.5,63.28125
08-03,180,49.21875,112.5,63.28125
08-03,181,49.21875,112.5,63.28125
08-03,182,49.21875,112.5,63.28125
08-03,183,49.21875,112.5,63.28125
08-03,184,49.21875,112.5,63.28125
08-03,185,49.21875,112.5,63.28125
08-03,186,49.21875,112.5,63.28125
08-03,187,49.21875,112.5,63.28125
08-03,188,49.21875,112.5,63.28125
08-03,189,49.21875,105.46875,56.25
08-03,190,49.21875,105.46875,56.25
08-03,191,49.21875,112.5,63.28125
08-03,192,49.21875,105.46875,56.25
08-03,193,49.21875,105.46875,56.25
08-03,194,49.21875,105.46875,56.25
08-03,195,49.21875,105.46875,56.25
08-03,196,49.21875,105.46875,56.25
08-03,197,49.21875,105.46875,56.25
08-03,198,49.21875,105.46875,56.25
08-03,199,49.21875,112.5,63.28125
08-04,0,105.46875,112.5,7.03125
08-04,1,56.25,112.5,56.25
08-04,2,105.46875,112.5,7.03125
08-04,3,105.46875,112.5,7.03125
08-04,4,105.46875,112.5,7.03125
08-04,5,105.46875,112.5,7.03125
08-04,6,105.46875,112.5,7.03125
08-04,7,49.21875,112.5,63.28125
08-04,8,49.21875,112.5,63.28125
08-04,9,49.21875,112.5,63.28125
08-04,10,49.21875,112.5,63.28125
08-04,11,49.21875,105.46875,56.25
08-04,12,49.21875,112.5,63.28125
08-04,13,49.21875,119.53125,70.3125
08-04,14,49.21875,105.46875,56.25
08-04,15,49.21875,98.4375,49.21875
08-04,16,49.21875,119.53125,70.3125
08-04,17,49.21875,112.5,63.28125
08-04,18,49.21875,105.46875,56.25
08-04,19,49.21875,112.5,63.28125
08-04,20,49.21875,105.46875,56.25
08-04,21,49.21875,112.5,63.28125
08-04,22,49.21875,112.5,63.28125
08-04,23,49.21875,112.5,63.28125
08-04,24,49.21875,112.5,63.28125
08-04,25,49.21875,112.5,63.28125
08-04,26,49.21875,112.5,63.28125
08-04,27,49.21875,112.5,63.28125
08-04,28,49.21875,112.5,63.28125
08-04,29,49.21875,112.5,63.28125
08-04,30,49.21875,112.5,63.28125
08-04,31,49.21875,112.5,63.28125
08-04,32,49.21875,112.5,63.28125
08-04,33,49.21875,112.5,63.28125
08-04,34,49.21875,98.4375,49.21875
08-04,35,49.21875,98.4375,49.21875
08-04,36,49.21875,98.4375,49.21875
08-04,37,49.21875,112.5,63.28125
08-04,38,49.21875,98.4375,49.21875
08-04,39,49.21875,98.4375,49.21875
08-04,40,49.21875,112.5,63.28125
08-04,41,49.21875,112.5,63.28125
08-04,42,49.21875,112.5,63.28125
08-04,43,49.21875,91.40625,42.1875
08-04,44,49.21875,112.5,63.28125
08-04,45,49.21875,91.40625,42.1875
08-04,46,49.21875,112.5,63.28125
08-04,47,49.21875,112.5,63.28125
08-04,48,49.21875,105.46875,56.25
08-04,49,49.21875,112.5,63.28125
08-04,50,49.21875,112.5,63.28125
08-04,51,49.21875,91.40625,42.1875
08-04,52,49.21875,112.5,63.28125
08-04,53,49.21875,112.5,63.28125
08-04,54,49.21875,91.40625,42.1875
08-04,55,49.21875,112.5,63.28125
08-04,56,49.21875,112.5,63.28125
08-04,57,49.21875,112.5,63.28125
08-04,58,49.21875,112.5,63.28125
08-04,59,49.21875,112.5,63.28125
08-04,60,49.21875,112.5,63.28125
08-04,61,49.21875,98.4375,49.21875
08-04,62,49.21875,112.5,63.28125
08-04,63,49.21875,112.5,63.28125
08-04,64,49.21875,105.46875,56.25
08-04,65,49.21875,112.5,63.28125
08-04,66,49.21875,112.5,63.28125
08-04,67,49.21875,112.5,63.28125
08-04,68,49.21875,112.5,63.28125
08-04,69,49.21875,112.5,63.28125
08-04,70,49.21875,112.5,63.28125
08-04,71,49.21875,91.40625,42.1875
08-04,72,49.21875,98.4375,49.21875
08-04,73,49.21875,112.5,63.28125
08-04,74,49.21875,98.4375,49.21875
08-04,75,49.21875,112.5,63.28125
08-04,76,49.21875,112.5,63.28125
08-04,77,49.21875,112.5,63.28125
08-04,78,49.21875,112.5,63.28125
08-04,79,49.21875,84.375,35.15625
08-04,80,49.21875,91.40625,42.1875
08-04,81,98.4375,112.5,14.0625
08-04,82,49.21875,112.5,63.28125
08-04,83,49.21875,112.5,63.28125
08-04,84,49.21875,112.5,63.28125
08-04,85,49.21875,112.5,63.28125
08-04,86,49.21875,112.5,63.28125
08-04,87,49.21875,105.46875,56.25
08-04,88,49.21875,112.5,63.28125
08-04,89,49.21875,112.5,63.28125
08-04,90,49.21875,112.5,63.28125
08-04,91,49.21875,112.5,63.28125
08-04,92,49.21875,98.4375,49.21875
08-04,93,49.21875,112.5,63.28125
08-04,94,49.21875,112.5,63.28125
08-04,95,49.21875,112.5,63.28125
08-04,96,49.21875,112.5,63.28125
08-04,97,49.21875,112.5,63.28125
08-04,98,49.21875,112.5,63.28125
08-04,99,49.21875,112.5,63.28125
08-04,100,49.21875,112.5,63.28125
08-04,101,49.21875,112.5,63.28125
08-04,102,49.21875,112.5,63.28125
08-04,103,49.21875,112.5,63.28125
08-04,104,49.21875,112.5,63.28125
08-04,105,49.21875,112.5,63.28125
08-04,106,49.21875,112.5,63.28125
08-04,107,49.21875,112.5,63.28125
08-04,108,49.21875,112.5,63.28125
08-04,109,49.21875,112.5,63.28125
08-04,110,49.21875,91.40625,42.1875
08-04,111,49.21875,98.4375,49.21875
08-04,112,49.21875,112.5,63.28125
08-04,113,49.21875,112.5,63.28125
08-04,114,49.21875,98.4375,49.21875
08-04,115,49.21875,112.5,63.28125
08-04,116,49.21875,112.5,63.28125
08-04,117,49.21875,112.5,63.28125
08-04,118,49.21875,112.5,63.28125
08-04,119,49.21875,112.5,63.28125
08-04,120,49.21875,98.4375,49.21875
08-04,121,49.21875,98.4375,49.21875
08-04,122,49.21875,98.4375,49.21875
08-04,123,49.21875,98.4375,49.21875
08-04,124,49.21875,98.4375,49.21875
08-04,125,49.21875,98.4375,49.21875
08-04,126,49.21875,98.4375,49.21875
08-04,127,49.21875,112.5,63.28125
08-04,128,49.21875,112.5,63.28125
08-04,129,49.21875,112.5,63.28125
08-04,130,49.21875,112.5,63.28125
08-04,131,49.21875,112.5,63.28125
08-04,132,49.21875,112.5,63.28125
08-04,133,49.21875,112.5,63.28125
08-04,134,49.21875,112.5,63.28125
08-04,135,49.21875,112.5,63.28125
08-04,136,49.21875,112.5,63.28125
08-04,137,49.21875,98.4375,49.21875
08-04,138,49.21875,98.4375,49.21875
08-04,139,49.21875,98.4375,49.21875
08-04,140,49.21875,98.4375,49.21875
08-04,141,49.21875,98.4375,49.21875
08-04,142,49.21875,91.40625,42.1875
08-04,143,49.21875,112.5,63.28125
08-04,144,49.21875,112.5,63.28125
08-04,145,49.21875,112.5,63.28125
08-04,146,49.21875,112.5,63.28125
08-04,147,49.21875,112.5,63.28125
08-04,148,49.21875,112.5,63.28125
08-04,149,49.21875,112.5,63.28125
08-04,150,49.21875,112.5,63.28125
08-04,151,49.21875,112.5,63.28125
08-04,152,49.21875,112.5,63.28125
08-04,153,49.21875,112.5,63.28125
08-04,154,49.21875,112.5,63.28125
08-04,155,49.21875,112.5,63.28125
08-04,156,49.21875,112.5,63.28125
08-04,157,49.21875,112.5,63.28125
08-04,158,49.21875,112.5,63.28125
08-04,159,49.21875,112.5,63.28125
08-04,160,49.21875,112.5,63.28125
08-04,161,49.21875,112.5,63.28125
08-04,162,49.21875,112.5,63.28125
08-04,163,49.21875,112.5,63.28125
08-04,164,49.21875,112.5,63.28125
08-04,165,49.21875,112.5,63.28125
08-04,166,49.21875,112.5,63.28125
08-04,167,49.21875,112.5,63.28125
08-04,168,49.21875,98.4375,49.21875
08-04,169,49.21875,112.5,63.28125
08-04,170,49.21875,112.5,63.28125
08-04,171,49.21875,112.5,63.28125
08-04,172,49.21875,112.5,63.28125
08-04,173,49.21875,112.5,63.28125
08-04,174,49.21875,112.5,63.28125
08-04,175,49.21875,112.5,63.28125
08-04,176,49.21875,112.5,63.28125
08-04,177,49.21875,112.5,63.28125
08-04,178,49.21875,112.5,63.28125
08-04,179,49.21875,112.5,63.28125
08-04,180,49.21875,112.5,63.28125
08-04,181,49.21875,98.4375,49.21875
08-04,182,49.21875,112.5,63.28125
08-04,183,49.21875,98.4375,49.21875
08-04,184,49.21875,112.5,63.28125
08-04,185,49.21875,112.5,63.28125
08-04,186,49.21875,112.5,63.28125
08-04,187,49.21875,112.5,63.28125
08-04,188,49.21875,112.5,63.28125
08-04,189,49.21875,112.5,63.28125
08-04,190,49.21875,98.4375,49.21875
08-04,191,49.21875,98.4375,49.21875
08-04,192,49.21875,98.4375,49.21875
08-04,193,49.21875,112.5,63.28125
08-04,194,49.21875,112.5,63.28125
08-04,195,49.21875,112.5,63.28125
08-04,196,49.21875,112.5,63.28125
08-04,197,49.21875,112.5,63.28125
08-04,198,49.21875,112.5,63.28125
08-04,199,49.21875,112.5,63.28125
08-04,200,49.21875,112.5,63.28125
08-04,201,49.21875,98.4375,49.21875
08-04,202,49.21875,112.5,63.28125
08-04,203,49.21875,98.4375,49.21875
08-05,0,49.21875,98.4375,49.21875
08-05,1,49.21875,112.5,63.28125
08-05,2,49.21875,112.5,63.28125
08-05,3,49.21875,112.5,63.28125
08-05,4,49.21875,112.5,63.28125
08-05,5,49.21875,91.40625,42.1875
08-05,6,49.21875,84.375,35.15625
08-05,7,49.21875,112.5,63.28125
08-05,8,49.21875,112.5,63.28125
08-05,9,49.21875,112.5,63.28125
08-05,10,49.21875,112.5,63.28125
08-05,11,49.21875,112.5,63.28125
08-05,12,49.21875,105.46875,56.25
08-05,13,49.21875,98.4375,49.21875
08-05,14,49.21875,98.4375,49.21875
08-05,15,49.21875,98.4375,49.21875
08-05,16,49.21875,91.40625,42.1875
08-05,17,49.21875,98.4375,49.21875
08-05,18,49.21875,98.4375,49.21875
08-05,19,49.21875,98.4375,49.21875
08-05,20,49.21875,84.375,35.15625
08-05,21,49.21875,84.375,35.15625
08-05,22,49.21875,91.40625,42.1875
08-05,23,49.21875,91.40625,42.1875
08-05,24,49.21875,98.4375,49.21875
08-05,25,49.21875,98.4375,49.21875
08-05,26,49.21875,98.4375,49.21875
08-05,27,49.21875,98.4375,49.21875
08-05,28,49.21875,112.5,63.28125
08-05,29,49.21875,91.40625,42.1875
08-05,30,49.21875,91.40625,42.1875
08-05,31,49.21875,91.40625,42.1875
08-05,32,49.21875,91.40625,42.1875
08-05,33,49.21875,91.40625,42.1875
08-05,34,49.21875,91.40625,42.1875
08-05,35,49.21875,91.40625,42.1875
08-05,36,49.21875,98.4375,49.21875
08-05,37,49.21875,105.46875,56.25
08-05,38,49.21875,98.4375,49.21875
08-05,39,49.21875,98.4375,49.21875
08-05,40,49.21875,105.46875,56.25
08-05,41,49.21875,105.46875,56.25
08-05,42,49.21875,119.53125,70.3125
08-05,43,49.21875,112.5,63.28125
08-05,44,49.21875,112.5,63.28125
08-05,45,49.21875,112.5,63.28125
08-05,46,49.21875,98.4375,49.21875
08-05,47,49.21875,105.46875,56.25
08-05,48,49.21875,105.46875,56.25
08-05,49,49.21875,112.5,63.28125
08-05,50,49.21875,105.46875,56.25
08-05,51,49.21875,105.46875,56.25
08-05,52,49.21875,105.46875,56.25
08-05,53,49.21875,105.46875,56.25
08-05,54,49.21875,112.5,63.28125
08-05,55,49.21875,112.5,63.28125
08-05,56,49.21875,112.5,63.28125
08-05,57,49.21875,112.5,63.28125
08-05,58,49.21875,91.40625,42.1875
08-05,59,49.21875,112.5,63.28125
08-05,60,49.21875,112.5,63.28125
08-05,61,49.21875,112.5,63.28125
08-05,62,49.21875,98.4375,49.21875
08-05,63,49.21875,98.4375,49.21875
08-05,64,49.21875,112.5,63.28125
08-05,65,49.21875,112.5,63.28125
08-05,66,49.21875,112.5,63.28125
08-05,67,49.21875,91.40625,42.1875
08-05,68,49.21875,91.40625,42.1875
08-05,69,49.21875,91.40625,42.1875
08-05,70,49.21875,91.40625,42.1875
08-05,71,49.21875,98.4375,49.21875
08-05,72,49.21875,112.5,63.28125
08-05,73,49.21875,105.46875,56.25
08-05,74,49.21875,98.4375,49.21875
08-05,75,49.21875,105.46875,56.25
08-05,76,49.21875,98.4375,49.21875
08-05,77,49.21875,105.46875,56.25
08-05,78,49.21875,98.4375,49.21875
08-05,79,49.21875,91.40625,42.1875
08-05,80,49.21875,84.375,35.15625
08-05,81,105.46875,91.40625,-14.0625
08-05,82,105.46875,91.40625,-14.0625
08-05,83,105.46875,112.5,7.03125
08-05,84,49.21875,112.5,63.28125
08-05,85,49.21875,112.5,63.28125
08-05,86,49.21875,112.5,63.28125
08-05,87,49.21875,98.4375,49.21875
08-05,88,49.21875,98.4375,49.21875
08-05,89,49.21875,98.4375,49.21875
08-05,90,49.21875,98.4375,49.21875
08-05,91,49.21875,98.4375,49.21875
08-05,92,49.21875,105.46875,56.25
08-05,93,49.21875,105.46875,56.25
08-05,94,49.21875,112.5,63.28125
08-05,95,49.21875,105.46875,56.25
08-05,96,49.21875,112.5,63.28125
08-05,97,49.21875,98.4375,49.21875
08-05,98,49.21875,98.4375,49.21875
08-05,99,49.21875,98.4375,49.21875
08-05,100,49.21875,98.4375,49.21875
08-05,101,49.21875,98.4375,49.21875
08-05,102,49.21875,98.4375,49.21875
08-05,103,49.21875,105.46875,56.25
08-05,104,49.21875,98.4375,49.21875
08-05,105,49.21875,112.5,63.28125
08-05,106,49.21875,105.46875,56.25
08-05,107,49.21875,98.4375,49.21875
08-05,108,49.21875,98.4375,49.21875
08-05,109,49.21875,112.5,63.28125
08-05,110,49.21875,105.46875,56.25
08-05,111,49.21875,105.46875,56.25
08-05,112,49.21875,112.5,63.28125
08-05,113,49.21875,112.5,63.28125
08-05,114,49.21875,105.46875,56.25
08-05,115,49.21875,112.5,63.28125
08-05,116,49.21875,112.5,63.28125
08-05,117,49.21875,112.5,63.28125
08-05,118,49.21875,112.5,63.28125
08-05,119,49.21875,112.5,63.28125
08-05,120,56.25,112.5,56.25
08-05,121,56.25,112.5,56.25
08-05,122,56.25,105.46875,49.21875
08-05,123,56.25,98.4375,42.1875
08-05,124,56.25,91.40625,35.15625
08-05,125,56.25,98.4375,42.1875
08-05,126,56.25,98.4375,42.1875
08-05,127,56.25,84.375,28.125
08-05,128,56.25,91.40625,35.15625
08-05,129,56.25,91.40625,35.15625
08-05,130,56.25,98.4375,42.1875
08-05,131,56.25,98.4375,42.1875
08-05,132,56.25,98.4375,42.1875
08-05,133,56.25,98.4375,42.1875
08-05,134,56.25,91.40625,35.15625
08-05,135,56.25,91.40625,35.15625
08-05,136,49.21875,98.4375,49.21875
08-05,137,49.21875,98.4375,49.21875
08-05,138,49.21875,112.5,63.28125
08-05,139,49.21875,91.40625,42.1875
08-05,140,49.21875,91.40625,42.1875
08-05,141,49.21875,91.40625,42.1875
08-05,142,49.21875,98.4375,49.21875
08-05,143,49.21875,98.4375,49.21875
08-05,144,49.21875,98.4375,49.21875
08-05,145,49.21875,98.4375,49.21875
08-05,146,49.21875,98.4375,49.21875
08-05,147,49.21875,98.4375,49.21875
08-05,148,49.21875,112.5,63.28125
08-05,149,49.21875,112.5,63.28125
08-05,150,49.21875,112.5,63.28125
08-05,151,49.21875,112.5,63.28125
08-05,152,49.21875,112.5,63.28125
08-05,153,49.21875,112.5,63.28125
08-05,154,49.21875,98.4375,49.21875
08-05,155,49.21875,112.5,63.28125
08-05,156,49.21875,91.40625,42.1875
08-05,157,49.21875,112.5,63.28125
08-05,158,49.21875,112.5,63.28125
08-05,159,49.21875,112.5,63.28125
08-05,160,49.21875,112.5,63.28125
08-05,161,49.21875,112.5,63.28125
08-05,162,49.21875,105.46875,56.25
08-05,163,49.21875,112.5,63.28125
08-05,164,56.25,112.5,56.25
08-05,165,56.25,112.5,56.25
08-05,166,56.25,119.53125,63.28125
08-05,167,56.25,119.53125,63.28125
08-05,168,56.25,119.53125,63.28125
08-06,0,56.25,112.5,56.25
08-06,1,56.25,105.46875,49.21875
08-06,2,56.25,98.4375,42.1875
08-06,3,56.25,98.4375,42.1875
08-06,4,56.25,98.4375,42.1875
08-06,5,56.25,98.4375,42.1875
08-06,6,56.25,112.5,56.25
08-06,7,56.25,98.4375,42.1875
08-06,8,56.25,98.4375,42.1875
08-06,9,56.25,98.4375,42.1875
08-06,10,56.25,91.40625,35.15625
08-06,11,56.25,91.40625,35.15625
08-06,12,56.25,91.40625,35.15625
08-06,13,56.25,91.40625,35.15625
08-06,14,56.25,91.40625,35.15625
08-06,15,56.25,91.40625,35.15625
08-06,16,56.25,91.40625,35.15625
08-06,17,56.25,91.40625,35.15625
08-06,18,105.46875,98.4375,-7.03125
08-06,19,56.25,98.4375,42.1875
08-06,20,105.46875,98.4375,-7.03125
08-06,21,105.46875,98.4375,-7.03125
08-06,22,105.46875,98.4375,-7.03125
08-06,23,105.46875,98.4375,-7.03125
08-06,24,105.46875,98.4375,-7.03125
08-06,25,105.46875,98.4375,-7.03125
08-06,26,105.46875,98.4375,-7.03125
08-06,27,105.46875,98.4375,-7.03125
08-06,28,105.46875,98.4375,-7.03125
08-06,29,105.46875,98.4375,-7.03125
08-06,30,105.46875,98.4375,-7.03125
08-06,31,105.46875,98.4375,-7.03125
08-06,32,105.46875,98.4375,-7.03125
08-06,33,105.46875,98.4375,-7.03125
08-06,34,105.46875,98.4375,-7.03125
08-06,35,49.21875,98.4375,49.21875
08-06,36,49.21875,98.4375,49.21875
08-06,37,49.21875,98.4375,49.21875
08-06,38,49.21875,112.5,63.28125
08-06,39,49.21875,112.5,63.28125
08-06,40,49.21875,112.5,63.28125
08-06,41,105.46875,105.46875,0.0
08-06,42,56.25,98.4375,42.1875
08-06,43,56.25,84.375,28.125
08-06,44,56.25,84.375,28.125
08-06,45,105.46875,84.375,-21.09375
08-06,46,56.25,84.375,28.125
08-06,47,56.25,84.375,28.125
08-06,48,56.25,91.40625,35.15625
08-06,49,56.25,91.40625,35.15625
08-06,50,56.25,91.40625,35.15625
08-06,51,56.25,91.40625,35.15625
08-06,52,56.25,91.40625,35.15625
08-06,53,56.25,91.40625,35.15625
08-06,54,56.25,91.40625,35.15625
08-06,55,56.25,91.40625,35.15625
08-06,56,56.25,91.40625,35.15625
08-06,57,56.25,91.40625,35.15625
08-06,58,56.25,98.4375,42.1875
08-06,59,56.25,98.4375,42.1875
08-06,60,56.25,91.40625,35.15625
08-06,61,56.25,98.4375,42.1875
08-06,62,56.25,112.5,56.25
08-06,63,56.25,98.4375,42.1875
08-06,64,56.25,91.40625,35.15625
08-06,65,56.25,98.4375,42.1875
08-06,66,56.25,91.40625,35.15625
08-06,67,56.25,112.5,56.25
08-06,68,56.25,112.5,56.25
08-06,69,56.25,91.40625,35.15625
08-06,70,56.25,91.40625,35.15625
08-06,71,56.25,84.375,28.125
08-06,72,56.25,98.4375,42.1875
08-06,73,56.25,105.46875,49.21875
08-06,74,56.25,98.4375,42.1875
08-06,75,56.25,98.4375,42.1875
08-06,76,56.25,98.4375,42.1875
08-06,77,56.25,98.4375,42.1875
08-06,78,56.25,98.4375,42.1875
08-06,79,56.25,105.46875,49.21875
08-06,80,56.25,105.46875,49.21875
08-06,81,56.25,105.46875,49.21875
08-06,82,56.25,105.46875,49.21875
08-06,83,56.25,112.5,56.25
08-06,84,56.25,119.53125,63.28125
08-06,85,56.25,98.4375,42.1875
08-06,86,56.25,98.4375,42.1875
08-06,87,56.25,98.4375,42.1875
08-06,88,56.25,98.4375,42.1875
08-06,89,56.25,105.46875,49.21875
08-06,90,56.25,112.5,56.25
08-06,91,56.25,112.5,56.25
08-06,92,56.25,112.5,56.25
08-06,93,56.25,112.5,56.25
08-06,94,56.25,112.5,56.25
08-06,95,56.25,112.5,56.25
08-06,96,56.25,112.5,56.25
08-06,97,56.25,105.46875,49.21875
08-06,98,56.25,112.5,56.25
08-06,99,56.25,112.5,56.25
08-06,100,56.25,105.46875,49.21875
08-06,101,105.46875,112.5,7.03125
08-06,102,56.25,112.5,56.25
08-06,103,105.46875,119.53125,14.0625
08-06,104,105.46875,98.4375,-7.03125
08-06,105,56.25,112.5,56.25
08-06,106,105.46875,112.5,7.03125
08-06,107,105.46875,112.5,7.03125
08-06,108,105.46875,98.4375,-7.03125
08-06,109,105.46875,112.5,7.03125
08-06,110,105.46875,112.5,7.03125
08-06,111,105.46875,98.4375,-7.03125
08-06,112,105.46875,98.4375,-7.03125
08-06,113,105.46875,91.40625,-14.0625
08-06,114,105.46875,91.40625,-14.0625
08-06,115,105.46875,91.40625,-14.0625
08-06,116,105.46875,91.40625,-14.0625
08-06,117,105.46875,91.40625,-14.0625
08-06,118,105.46875,91.40625,-14.0625
08-06,119,56.25,91.40625,35.15625
08-06,120,105.46875,91.40625,-14.0625
08-06,121,105.46875,91.40625,-14.0625
08-06,122,56.25,91.40625,35.15625
08-06,123,56.25,91.40625,35.15625
08-06,124,105.46875,91.40625,-14.0625
08-06,125,56.25,91.40625,35.15625
08-06,126,56.25,98.4375,42.1875
08-06,127,56.25,105.46875,49.21875
08-06,128,105.46875,98.4375,-7.03125
08-06,129,56.25,98.4375,42.1875
08-06,130,105.46875,98.4375,-7.03125
08-06,131,105.46875,98.4375,-7.03125
08-06,132,49.21875,98.4375,49.21875
08-06,133,49.21875,98.4375,49.21875
08-06,134,105.46875,98.4375,-7.03125
08-06,135,49.21875,91.40625,42.1875
08-06,136,49.21875,98.4375,49.21875
08-06,137,49.21875,91.40625,42.1875
08-06,138,49.21875,98.4375,49.21875
08-06,139,105.46875,91.40625,-14.0625
08-06,140,105.46875,98.4375,-7.03125
08-06,141,105.46875,105.46875,0.0
08-06,142,105.46875,98.4375,-7.03125
08-06,143,56.25,98.4375,42.1875
08-06,144,105.46875,98.4375,-7.03125
08-06,145,105.46875,98.4375,-7.03125
08-06,146,56.25,91.40625,35.15625
08-06,147,105.46875,98.4375,-7.03125
08-06,148,105.46875,98.4375,-7.03125
08-06,149,105.46875,112.5,7.03125
08-06,150,56.25,105.46875,49.21875
08-06,151,56.25,105.46875,49.21875
08-06,152,105.46875,105.46875,0.0
08-06,153,56.25,98.4375,42.1875
08-06,154,56.25,105.46875,49.21875
08-06,155,56.25,112.5,56.25
08-06,156,56.25,112.5,56.25
08-06,157,56.25,112.5,56.25
08-06,158,56.25,112.5,56.25
08-06,159,105.46875,112.5,7.03125
08-06,160,56.25,98.4375,42.1875
08-06,161,105.46875,98.4375,-7.03125
08-06,162,105.46875,98.4375,-7.03125
08-06,163,105.46875,105.46875,0.0
08-06,164,105.46875,112.5,7.03125
08-06,165,105.46875,112.5,7.03125
08-06,166,105.46875,112.5,7.03125
08-06,167,105.46875,112.5,7.03125
08-06,168,105.46875,112.5,7.03125
08-06,169,105.46875,98.4375,-7.03125
09-01,0,91.40625,98.4375,7.03125
09-01,1,91.40625,98.4375,7.03125
09-01,2,91.40625,112.5,21.09375
09-01,3,91.40625,112.5,21.09375
09-01,4,91.40625,112.5,21.09375
09-01,5,91.40625,112.5,21.09375
09-01,6,91.40625,112.5,21.09375
09-01,7,91.40625,112.5,21.09375
09-01,8,91.40625,112.5,21.09375
09-01,9,91.40625,112.5,21.09375
09-01,10,91.40625,98.4375,7.03125
09-01,11,91.40625,105.46875,14.0625
09-01,12,91.40625,112.5,21.09375
09-01,13,91.40625,112.5,21.09375
09-01,14,91.40625,112.5,21.09375
09-01,15,91.40625,112.5,21.09375
09-01,16,91.40625,91.40625,0.0
09-01,17,91.40625,98.4375,7.03125
09-01,18,91.40625,112.5,21.09375
09-01,19,91.40625,112.5,21.09375
09-01,20,91.40625,112.5,21.09375
09-01,21,91.40625,112.5,21.09375
09-01,22,91.40625,112.5,21.09375
09-01,23,91.40625,112.5,21.09375
09-01,24,91.40625,112.5,21.09375
09-01,25,91.40625,112.5,21.09375
09-01,26,91.40625,112.5,21.09375
09-01,27,91.40625,112.5,21.09375
09-01,28,91.40625,112.5,21.09375
09-01,29,91.40625,112.5,21.09375
09-01,30,91.40625,112.5,21.09375
09-01,31,91.40625,112.5,21.09375
09-01,32,91.40625,112.5,21.09375
09-01,33,91.40625,105.46875,14.0625
09-01,34,91.40625,112.5,21.09375
09-01,35,91.40625,112.5,21.09375
09-01,36,91.40625,112.5,21.09375
09-01,37,91.40625,112.5,21.09375
09-01,38,91.40625,112.5,21.09375
09-01,39,91.40625,112.5,21.09375
09-01,40,91.40625,112.5,21.09375
09-01,41,91.40625,112.5,21.09375
09-01,42,91.40625,112.5,21.09375
09-01,43,91.40625,112.5,21.09375
09-01,44,91.40625,112.5,21.09375
09-01,45,91.40625,112.5,21.09375
09-01,46,91.40625,112.5,21.09375
09-01,47,91.40625,112.5,21.09375
09-01,48,91.40625,112.5,21.09375
09-01,49,91.40625,112.5,21.09375
09-01,50,91.40625,112.5,21.09375
09-01,51,42.1875,112.5,70.3125
09-01,52,42.1875,112.5,70.3125
09-01,53,42.1875,112.5,70.3125
09-01,54,91.40625,112.5,21.09375
09-01,55,42.1875,112.5,70.3125
09-01,56,91.40625,112.5,21.09375
09-01,57,91.40625,112.5,21.09375
09-01,58,91.40625,112.5,21.09375
09-01,59,42.1875,112.5,70.3125
09-01,60,42.1875,91.40625,49.21875
09-01,61,42.1875,98.4375,56.25
09-01,62,42.1875,112.5,70.3125
09-01,63,42.1875,112.5,70.3125
09-01,64,42.1875,105.46875,63.28125
09-01,65,42.1875,112.5,70.3125
09-01,66,42.1875,91.40625,49.21875
09-01,67,42.1875,98.4375,56.25
09-01,68,42.1875,112.5,70.3125
09-01,69,42.1875,98.4375,56.25
09-01,70,42.1875,98.4375,56.25
09-01,71,42.1875,98.4375,56.25
09-01,72,42.1875,105.46875,63.28125
09-01,73,42.1875,98.4375,56.25
09-01,74,91.40625,98.4375,7.03125
09-01,75,91.40625,112.5,21.09375
09-01,76,91.40625,91.40625,0.0
09-01,77,91.40625,112.5,21.09375
09-01,78,91.40625,98.4375,7.03125
09-01,79,91.40625,105.46875,14.0625
09-01,80,91.40625,105.46875,14.0625
09-01,81,91.40625,105.46875,14.0625
09-01,82,91.40625,105.46875,14.0625
09-01,83,91.40625,112.5,21.09375
09-01,84,91.40625,112.5,21.09375
09-01,85,91.40625,112.5,21.09375
09-01,86,91.40625,112.5,21.09375
09-01,87,91.40625,112.5,21.09375
09-01,88,91.40625,105.46875,14.0625
09-01,89,91.40625,98.4375,7.03125
09-01,90,91.40625,112.5,21.09375
09-01,91,91.40625,105.46875,14.0625
09-01,92,91.40625,105.46875,14.0625
09-01,93,91.40625,98.4375,7.03125
09-01,94,91.40625,98.4375,7.03125
09-01,95,91.40625,105.46875,14.0625
09-01,96,91.40625,105.46875,14.0625
09-01,97,91.40625,105.46875,14.0625
09-01,98,91.40625,105.46875,14.0625
09-01,99,91.40625,105.46875,14.0625
09-01,100,91.40625,112.5,21.09375
09-01,101,91.40625,112.5,21.09375
09-01,102,91.40625,112.5,21.09375
09-01,103,91.40625,105.46875,14.0625
09-01,104,91.40625,112.5,21.09375
09-01,105,91.40625,112.5,21.09375
09-01,106,91.40625,112.5,21.09375
09-01,107,91.40625,91.40625,0.0
09-01,108,91.40625,112.5,21.09375
09-01,109,91.40625,112.5,21.09375
09-01,110,91.40625,112.5,21.09375
09-01,111,91.40625,112.5,21.09375
09-01,112,91.40625,112.5,21.09375
09-01,113,91.40625,112.5,21.09375
09-01,114,91.40625,112.5,21.09375
09-01,115,91.40625,112.5,21.09375
09-01,116,91.40625,112.5,21.09375
09-01,117,91.40625,112.5,21.09375
09-01,118,91.40625,112.5,21.09375
09-01,119,91.40625,112.5,21.09375
09-01,120,91.40625,112.5,21.09375
09-01,121,91.40625,112.5,21.09375
09-01,122,91.40625,112.5,21.09375
09-01,123,91.40625,112.5,21.09375
09-01,124,91.40625,105.46875,14.0625
09-01,125,91.40625,105.46875,14.0625
09-01,126,91.40625,112.5,21.09375
09-01,127,91.40625,98.4375,7.03125
09-01,128,91.40625,112.5,21.09375
09-01,129,91.40625,112.5,21.09375
09-01,130,91.40625,112.5,21.09375
09-01,131,91.40625,98.4375,7.03125
09-01,132,91.40625,98.4375,7.03125
09-01,133,91.40625,112.5,21.09375
09-01,134,91.40625,112.5,21.09375
09-01,135,91.40625,112.5,21.09375
09-01,136,91.40625,112.5,21.09375
09-01,137,91.40625,112.5,21.09375
09-01,138,91.40625,112.5,21.09375
09-01,139,91.40625,112.5,21.09375
09-01,140,91.40625,112.5,21.09375
09-01,141,91.40625,98.4375,7.03125
09-01,142,91.40625,98.4375,7.03125
09-01,143,91.40625,98.4375,7.03125
09-01,144,91.40625,98.4375,7.03125
09-01,145,91.40625,91.40625,0.0
09-01,146,91.40625,91.40625,0.0
09-01,147,91.40625,91.40625,0.0
09-01,148,91.40625,91.40625,0.0
09-01,149,91.40625,98.4375,7.03125
09-01,150,91.40625,91.40625,0.0
09-01,151,91.40625,91.40625,0.0
09-01,152,91.40625,105.46875,14.0625
09-01,153,91.40625,98.4375,7.03125
09-01,154,42.1875,98.4375,56.25
09-01,155,42.1875,98.4375,56.25
09-01,156,42.1875,105.46875,63.28125
09-01,157,42.1875,112.5,70.3125
09-01,158,42.1875,105.46875,63.28125
09-01,159,42.1875,105.46875,63.28125
09-01,160,42.1875,105.46875,63.28125
09-01,161,42.1875,98.4375,56.25
09-01,162,42.1875,112.5,70.3125
09-01,163,42.1875,112.5,70.3125
09-01,164,42.1875,98.4375,56.25
09-01,165,42.1875,98.4375,56.25
09-01,166,42.1875,98.4375,56.25
09-01,167,42.1875,112.5,70.3125
09-01,168,42.1875,105.46875,63.28125
09-01,169,42.1875,112.5,70.3125
09-02,0,49.21875,91.40625,42.1875
09-02,1,49.21875,112.5,63.28125
09-02,2,49.21875,112.5,63.28125
09-02,3,49.21875,112.5,63.28125
09-02,4,49.21875,112.5,63.28125
09-02,5,49.21875,91.40625,42.1875
09-02,6,49.21875,112.5,63.28125
09-02,7,49.21875,112.5,63.28125
09-02,8,49.21875,98.4375,49.21875
09-02,9,49.21875,112.5,63.28125
09-02,10,49.21875,112.5,63.28125
09-02,11,49.21875,112.5,63.28125
09-02,12,49.21875,112.5,63.28125
09-02,13,49.21875,112.5,63.28125
09-02,14,49.21875,112.5,63.28125
09-02,15,49.21875,112.5,63.28125
09-02,16,49.21875,112.5,63.28125
09-02,17,49.21875,112.5,63.28125
09-02,18,49.21875,112.5,63.28125
09-02,19,49.21875,112.5,63.28125
09-02,20,49.21875,112.5,63.28125
09-02,21,49.21875,91.40625,42.1875
09-02,22,49.21875,91.40625,42.1875
09-02,23,49.21875,112.5,63.28125
09-02,24,49.21875,112.5,63.28125
09-02,25,49.21875,91.40625,42.1875
09-02,26,49.21875,98.4375,49.21875
09-02,27,98.4375,98.4375,0.0
09-02,28,49.21875,98.4375,49.21875
09-02,29,49.21875,112.5,63.28125
09-02,30,49.21875,112.5,63.28125
09-02,31,49.21875,112.5,63.28125
09-02,32,49.21875,112.5,63.28125
09-02,33,49.21875,112.5,63.28125
09-02,34,49.21875,112.5,63.28125
09-02,35,49.21875,112.5,63.28125
09-02,36,49.21875,112.5,63.28125
09-02,37,49.21875,112.5,63.28125
09-02,38,49.21875,91.40625,42.1875
09-02,39,49.21875,98.4375,49.21875
09-02,40,105.46875,98.4375,-7.03125
09-02,41,105.46875,91.40625,-14.0625
09-02,42,105.46875,98.4375,-7.03125
09-02,43,105.46875,105.46875,0.0
09-02,44,56.25,105.46875,49.21875
09-02,45,56.25,105.46875,49.21875
09-02,46,56.25,105.46875,49.21875
09-02,47,56.25,105.46875,49.21875
09-02,48,56.25,105.46875,49.21875
09-02,49,56.25,112.5,56.25
09-02,50,56.25,112.5,56.25
09-02,51,56.25,112.5,56.25
09-02,52,56.25,112.5,56.25
09-02,53,56.25,112.5,56.25
09-02,54,56.25,112.5,56.25
09-02,55,56.25,91.40625,35.15625
09-02,56,56.25,112.5,56.25
09-02,57,56.25,98.4375,42.1875
09-02,58,56.25,98.4375,42.1875
09-02,59,56.25,105.46875,49.21875
09-02,60,56.25,98.4375,42.1875
09-02,61,56.25,112.5,56.25
09-02,62,56.25,105.46875,49.21875
09-02,63,56.25,112.5,56.25
09-02,64,56.25,112.5,56.25
09-02,65,56.25,112.5,56.25
09-02,66,56.25,112.5,56.25
09-02,67,56.25,112.5,56.25
09-02,68,56.25,91.40625,35.15625
09-02,69,56.25,91.40625,35.15625
09-02,70,56.25,112.5,56.25
09-02,71,56.25,112.5,56.25
09-02,72,56.25,112.5,56.25
09-02,73,56.25,112.5,56.25
09-02,74,56.25,112.5,56.25
09-02,75,56.25,98.4375,42.1875
09-02,76,56.25,112.5,56.25
09-02,77,56.25,112.5,56.25
09-02,78,56.25,112.5,56.25
09-02,79,105.46875,112.5,7.03125
09-02,80,105.46875,112.5,7.03125
09-02,81,105.46875,112.5,7.03125
09-02,82,105.46875,112.5,7.03125
09-02,83,49.21875,112.5,63.28125
09-02,84,49.21875,112.5,63.28125
09-02,85,49.21875,112.5,63.28125
09-02,86,49.21875,112.5,63.28125
09-02,87,49.21875,91.40625,42.1875
09-02,88,49.21875,112.5,63.28125
09-02,89,49.21875,112.5,63.28125
09-02,90,49.21875,91.40625,42.1875
09-02,91,49.21875,112.5,63.28125
09-02,92,49.21875,98.4375,49.21875
09-02,93,49.21875,112.5,63.28125
09-02,94,56.25,112.5,56.25
09-02,95,105.46875,112.5,7.03125
09-02,96,105.46875,112.5,7.03125
09-02,97,49.21875,105.46875,56.25
09-02,98,105.46875,98.4375,-7.03125
09-02,99,105.46875,105.46875,0.0
09-02,100,105.46875,105.46875,0.0
09-02,101,56.25,112.5,56.25
09-02,102,105.46875,112.5,7.03125
09-02,103,105.46875,112.5,7.03125
09-02,104,56.25,112.5,56.25
09-02,105,56.25,105.46875,49.21875
09-02,106,56.25,98.4375,42.1875
09-02,107,56.25,105.46875,49.21875
09-02,108,56.25,98.4375,42.1875
09-02,109,56.25,98.4375,42.1875
09-02,110,56.25,112.5,56.25
09-02,111,56.25,112.5,56.25
09-02,112,56.25,91.40625,35.15625
09-02,113,56.25,112.5,56.25
09-02,114,56.25,112.5,56.25
09-02,115,56.25,112.5,56.25
09-02,116,56.25,112.5,56.25
09-02,117,56.25,112.5,56.25
09-02,118,56.25,112.5,56.25
09-02,119,56.25,112.5,56.25
09-02,120,56.25,91.40625,35.15625
09-02,121,56.25,112.5,56.25
09-02,122,56.25,112.5,56.25
09-02,123,56.25,91.40625,35.15625
09-02,124,56.25,112.5,56.25
09-02,125,56.25,112.5,56.25
09-02,126,56.25,112.5,56.25
09-02,127,56.25,112.5,56.25
09-02,128,56.25,112.5,56.25
09-02,129,105.46875,112.5,7.03125
09-02,130,105.46875,105.46875,0.0
09-02,131,105.46875,105.46875,0.0
09-02,132,105.46875,112.5,7.03125
09-02,133,49.21875,112.5,63.28125
09-02,134,49.21875,112.5,63.28125
09-02,135,49.21875,105.46875,56.25
09-02,136,49.21875,112.5,63.28125
09-02,137,49.21875,112.5,63.28125
09-02,138,49.21875,112.5,63.28125
09-02,139,49.21875,105.46875,56.25
09-02,140,49.21875,112.5,63.28125
09-02,141,49.21875,105.46875,56.25
09-02,142,49.21875,105.46875,56.25
09-02,143,49.21875,112.5,63.28125
09-02,144,49.21875,112.5,63.28125
09-02,145,56.25,112.5,56.25
09-02,146,56.25,105.46875,49.21875
09-02,147,56.25,112.5,56.25
09-02,148,56.25,91.40625,35.15625
09-02,149,56.25,112.5,56.25
09-02,150,105.46875,112.5,7.03125
09-02,151,56.25,91.40625,35.15625
09-02,152,63.28125,112.5,49.21875
09-02,153,63.28125,112.5,49.21875
09-02,154,63.28125,112.5,49.21875
09-02,155,105.46875,91.40625,-14.0625
09-02,156,56.25,112.5,56.25
09-02,157,56.25,112.5,56.25
09-02,158,56.25,112.5,56.25
09-02,159,56.25,112.5,56.25
09-02,160,56.25,112.5,56.25
09-02,161,56.25,112.5,56.25
09-02,162,56.25,112.5,56.25
09-02,163,56.25,112.5,56.25
09-02,164,56.25,112.5,56.25
09-02,165,49.21875,112.5,63.28125
09-02,166,49.21875,105.46875,56.25
09-02,167,49.21875,105.46875,56.25
09-02,168,49.21875,105.46875,56.25
09-02,169,49.21875,105.46875,56.25
09-02,170,49.21875,105.46875,56.25
09-02,171,49.21875,105.46875,56.25
09-02,172,49.21875,105.46875,56.25
09-02,173,49.21875,112.5,63.28125
09-02,174,49.21875,91.40625,42.1875
09-02,175,49.21875,112.5,63.28125
09-03,0,105.46875,112.5,7.03125
09-03,1,49.21875,91.40625,42.1875
09-03,2,49.21875,112.5,63.28125
09-03,3,49.21875,112.5,63.28125
09-03,4,49.21875,112.5,63.28125
09-03,5,49.21875,112.5,63.28125
09-03,6,49.21875,112.5,63.28125
09-03,7,49.21875,105.46875,56.25
09-03,8,49.21875,112.5,63.28125
09-03,9,49.21875,98.4375,49.21875
09-03,10,49.21875,112.5,63.28125
09-03,11,49.21875,112.5,63.28125
09-03,12,49.21875,112.5,63.28125
09-03,13,49.21875,112.5,63.28125
09-03,14,49.21875,112.5,63.28125
09-03,15,49.21875,112.5,63.28125
09-03,16,49.21875,112.5,63.28125
09-03,17,49.21875,112.5,63.28125
09-03,18,49.21875,105.46875,56.25
09-03,19,49.21875,98.4375,49.21875
09-03,20,49.21875,112.5,63.28125
09-03,21,49.21875,112.5,63.28125
09-03,22,49.21875,112.5,63.28125
09-03,23,49.21875,112.5,63.28125
09-03,24,49.21875,112.5,63.28125
09-03,25,49.21875,112.5,63.28125
09-03,26,49.21875,112.5,63.28125
09-03,27,49.21875,112.5,63.28125
09-03,28,49.21875,112.5,63.28125
09-03,29,49.21875,112.5,63.28125
09-03,30,49.21875,112.5,63.28125
09-03,31,49.21875,112.5,63.28125
09-03,32,49.21875,112.5,63.28125
09-03,33,49.21875,112.5,63.28125
09-03,34,49.21875,112.5,63.28125
09-03,35,49.21875,112.5,63.28125
09-03,36,49.21875,112.5,63.28125
09-03,37,49.21875,112.5,63.28125
09-03,38,91.40625,112.5,21.09375
09-03,39,91.40625,112.5,21.09375
09-03,40,91.40625,112.5,21.09375
09-03,41,91.40625,112.5,21.09375
09-03,42,91.40625,105.46875,14.0625
09-03,43,91.40625,112.5,21.09375
09-03,44,91.40625,112.5,21.09375
09-03,45,49.21875,112.5,63.28125
09-03,46,49.21875,112.5,63.28125
09-03,47,49.21875,112.5,63.28125
09-03,48,49.21875,112.5,63.28125
09-03,49,49.21875,112.5,63.28125
09-03,50,49.21875,112.5,63.28125
09-03,51,49.21875,112.5,63.28125
09-03,52,49.21875,105.46875,56.25
09-03,53,49.21875,112.5,63.28125
09-03,54,49.21875,98.4375,49.21875
09-03,55,49.21875,105.46875,56.25
09-03,56,49.21875,105.46875,56.25
09-03,57,98.4375,105.46875,7.03125
09-03,58,49.21875,112.5,63.28125
09-03,59,49.21875,112.5,63.28125
09-03,60,49.21875,98.4375,49.21875
09-03,61,49.21875,91.40625,42.1875
09-03,62,49.21875,112.5,63.28125
09-03,63,49.21875,91.40625,42.1875
09-03,64,49.21875,112.5,63.28125
09-03,65,49.21875,112.5,63.28125
09-03,66,49.21875,98.4375,49.21875
09-03,67,49.21875,112.5,63.28125
09-03,68,49.21875,112.5,63.28125
09-03,69,49.21875,112.5,63.28125
09-03,70,49.21875,112.5,63.28125
09-03,71,49.21875,112.5,63.28125
09-03,72,49.21875,112.5,63.28125
09-03,73,49.21875,112.5,63.28125
09-03,74,49.21875,112.5,63.28125
09-03,75,49.21875,112.5,63.28125
09-03,76,49.21875,112.5,63.28125
09-03,77,49.21875,112.5,63.28125
09-03,78,49.21875,84.375,35.15625
09-03,79,49.21875,112.5,63.28125
09-03,80,49.21875,112.5,63.28125
09-03,81,49.21875,112.5,63.28125
09-03,82,49.21875,112.5,63.28125
09-03,83,49.21875,112.5,63.28125
09-03,84,49.21875,112.5,63.28125
09-03,85,49.21875,91.40625,42.1875
09-03,86,49.21875,112.5,63.28125
09-03,87,49.21875,112.5,63.28125
09-03,88,49.21875,112.5,63.28125
09-03,89,49.21875,112.5,63.28125
09-03,90,49.21875,112.5,63.28125
09-03,91,49.21875,112.5,63.28125
09-03,92,49.21875,112.5,63.28125
09-03,93,49.21875,112.5,63.28125
09-03,94,49.21875,98.4375,49.21875
09-03,95,49.21875,112.5,63.28125
09-03,96,49.21875,112.5,63.28125
09-03,97,49.21875,112.5,63.28125
09-03,98,49.21875,112.5,63.28125
09-03,99,49.21875,112.5,63.28125
09-03,100,49.21875,112.5,63.28125
09-03,101,49.21875,112.5,63.28125
09-03,102,49.21875,112.5,63.28125
09-03,103,49.21875,112.5,63.28125
09-03,104,49.21875,112.5,63.28125
09-03,105,49.21875,112.5,63.28125
09-03,106,91.40625,98.4375,7.03125
09-03,107,91.40625,112.5,21.09375
09-03,108,91.40625,112.5,21.09375
09-03,109,91.40625,105.46875,14.0625
09-03,110,91.40625,112.5,21.09375
09-03,111,91.40625,112.5,21.09375
09-03,112,49.21875,112.5,63.28125
09-03,113,49.21875,112.5,63.28125
09-03,114,49.21875,112.5,63.28125
09-03,115,49.21875,105.46875,56.25
09-03,116,49.21875,112.5,63.28125
09-03,117,91.40625,112.5,21.09375
09-03,118,49.21875,91.40625,42.1875
09-03,119,49.21875,112.5,63.28125
09-03,120,49.21875,112.5,63.28125
09-03,121,49.21875,91.40625,42.1875
09-03,122,49.21875,112.5,63.28125
09-03,123,49.21875,112.5,63.28125
09-03,124,49.21875,98.4375,49.21875
09-03,125,49.21875,112.5,63.28125
09-03,126,49.21875,112.5,63.28125
09-03,127,49.21875,112.5,63.28125
09-03,128,49.21875,112.5,63.28125
09-03,129,49.21875,112.5,63.28125
09-03,130,49.21875,98.4375,49.21875
09-03,131,49.21875,112.5,63.28125
09-03,132,49.21875,98.4375,49.21875
09-03,133,91.40625,112.5,21.09375
09-03,134,91.40625,112.5,21.09375
09-03,135,91.40625,91.40625,0.0
09-03,136,91.40625,112.5,21.09375
09-03,137,91.40625,112.5,21.09375
09-03,138,91.40625,84.375,-7.03125
09-03,139,91.40625,112.5,21.09375
09-03,140,91.40625,112.5,21.09375
09-03,141,91.40625,84.375,-7.03125
09-03,142,91.40625,112.5,21.09375
09-03,143,91.40625,112.5,21.09375
09-03,144,91.40625,112.5,21.09375
09-03,145,91.40625,105.46875,14.0625
09-03,146,91.40625,112.5,21.09375
09-03,147,91.40625,112.5,21.09375
09-03,148,91.40625,112.5,21.09375
09-03,149,91.40625,105.46875,14.0625
09-03,150,91.40625,112.5,21.09375
09-03,151,91.40625,112.5,21.09375
09-03,152,91.40625,112.5,21.09375
09-03,153,91.40625,112.5,21.09375
09-03,154,91.40625,98.4375,7.03125
09-03,155,91.40625,91.40625,0.0
09-03,156,91.40625,112.5,21.09375
09-03,157,91.40625,112.5,21.09375
09-03,158,91.40625,112.5,21.09375
09-03,159,91.40625,112.5,21.09375
09-03,160,91.40625,112.5,21.09375
09-03,161,91.40625,112.5,21.09375
09-03,162,49.21875,112.5,63.28125
09-03,163,91.40625,112.5,21.09375
09-03,164,49.21875,112.5,63.28125
09-03,165,91.40625,112.5,21.09375
09-03,166,49.21875,112.5,63.28125
09-03,167,91.40625,112.5,21.09375
09-03,168,49.21875,112.5,63.28125
09-03,169,49.21875,112.5,63.28125
09-03,170,49.21875,112.5,63.28125
09-03,171,91.40625,112.5,21.09375
09-03,172,49.21875,112.5,63.28125
09-03,173,49.21875,112.5,63.28125
09-03,174,49.21875,112.5,63.28125
09-03,175,49.21875,98.4375,49.21875
09-03,176,49.21875,112.5,63.28125
09-03,177,49.21875,112.5,63.28125
09-03,178,49.21875,112.5,63.28125
09-03,179,49.21875,112.5,63.28125
09-03,180,49.21875,105.46875,56.25
09-03,181,49.21875,112.5,63.28125
09-03,182,49.21875,112.5,63.28125
09-03,183,49.21875,105.46875,56.25
09-03,184,49.21875,112.5,63.28125
09-03,185,49.21875,112.5,63.28125
09-03,186,49.21875,112.5,63.28125
09-03,187,49.21875,112.5,63.28125
09-03,188,49.21875,112.5,63.28125
09-03,189,49.21875,112.5,63.28125
09-03,190,49.21875,112.5,63.28125
09-03,191,49.21875,112.5,63.28125
09-03,192,49.21875,112.5,63.28125
09-03,193,49.21875,112.5,63.28125
09-03,194,49.21875,112.5,63.28125
09-03,195,49.21875,105.46875,56.25
09-03,196,49.21875,112.5,63.28125
09-03,197,49.21875,112.5,63.28125
09-03,198,49.21875,84.375,35.15625
09-03,199,49.21875,91.40625,42.1875
09-03,200,49.21875,112.5,63.28125
09-03,201,49.21875,112.5,63.28125
09-04,0,105.46875,105.46875,0.0
09-04,1,105.46875,112.5,7.03125
09-04,2,49.21875,112.5,63.28125
09-04,3,49.21875,105.46875,56.25
09-04,4,49.21875,105.46875,56.25
09-04,5,49.21875,112.5,63.28125
09-04,6,49.21875,112.5,63.28125
09-04,7,49.21875,112.5,63.28125
09-04,8,98.4375,112.5,14.0625
09-04,9,98.4375,112.5,14.0625
09-04,10,98.4375,112.5,14.0625
09-04,11,98.4375,112.5,14.0625
09-04,12,98.4375,112.5,14.0625
09-04,13,49.21875,112.5,63.28125
09-04,14,49.21875,112.5,63.28125
09-04,15,49.21875,112.5,63.28125
09-04,16,49.21875,112.5,63.28125
09-04,17,49.21875,91.40625,42.1875
09-04,18,49.21875,112.5,63.28125
09-04,19,49.21875,112.5,63.28125
09-04,20,49.21875,112.5,63.28125
09-04,21,49.21875,112.5,63.28125
09-04,22,91.40625,112.5,21.09375
09-04,23,91.40625,112.5,21.09375
09-04,24,91.40625,112.5,21.09375
09-04,25,91.40625,112.5,21.09375
09-04,26,91.40625,112.5,21.09375
09-04,27,91.40625,91.40625,0.0
09-04,28,91.40625,112.5,21.09375
09-04,29,91.40625,112.5,21.09375
09-04,30,91.40625,112.5,21.09375
09-04,31,91.40625,105.46875,14.0625
09-04,32,91.40625,105.46875,14.0625
09-04,33,91.40625,112.5,21.09375
09-04,34,91.40625,112.5,21.09375
09-04,35,91.40625,112.5,21.09375
09-04,36,91.40625,84.375,-7.03125
09-04,37,91.40625,98.4375,7.03125
09-04,38,91.40625,112.5,21.09375
09-04,39,91.40625,112.5,21.09375
09-04,40,91.40625,91.40625,0.0
09-04,41,91.40625,112.5,21.09375
09-04,42,91.40625,105.46875,14.0625
09-04,43,91.40625,112.5,21.09375
09-04,44,91.40625,112.5,21.09375
09-04,45,91.40625,105.46875,14.0625
09-04,46,91.40625,112.5,21.09375
09-04,47,91.40625,91.40625,0.0
09-04,48,91.40625,112.5,21.09375
09-04,49,91.40625,112.5,21.09375
09-04,50,91.40625,112.5,21.09375
09-04,51,91.40625,112.5,21.09375
09-04,52,91.40625,84.375,-7.03125
09-04,53,91.40625,112.5,21.09375
09-04,54,91.40625,112.5,21.09375
09-04,55,91.40625,91.40625,0.0
09-04,56,91.40625,112.5,21.09375
09-04,57,91.40625,112.5,21.09375
09-04,58,91.40625,112.5,21.09375
09-04,59,91.40625,112.5,21.09375
09-04,60,91.40625,112.5,21.09375
09-04,61,91.40625,112.5,21.09375
09-04,62,91.40625,112.5,21.09375
09-04,63,91.40625,112.5,21.09375
09-04,64,91.40625,98.4375,7.03125
09-04,65,91.40625,98.4375,7.03125
09-04,66,42.1875,98.4375,56.25
09-04,67,91.40625,112.5,21.09375
09-04,68,42.1875,112.5,70.3125
09-04,69,42.1875,112.5,70.3125
09-04,70,42.1875,112.5,70.3125
09-04,71,42.1875,112.5,70.3125
09-04,72,42.1875,112.5,70.3125
09-04,73,42.1875,112.5,70.3125
09-04,74,42.1875,98.4375,56.25
09-04,75,91.40625,112.5,21.09375
09-04,76,42.1875,112.5,70.3125
09-04,77,42.1875,112.5,70.3125
09-04,78,42.1875,112.5,70.3125
09-04,79,91.40625,112.5,21.09375
09-04,80,91.40625,112.5,21.09375
09-04,81,91.40625,112.5,21.09375
09-04,82,91.40625,112.5,21.09375
09-04,83,91.40625,91.40625,0.0
09-04,84,91.40625,84.375,-7.03125
09-04,85,91.40625,112.5,21.09375
09-04,86,91.40625,112.5,21.09375
09-04,87,91.40625,112.5,21.09375
09-04,88,91.40625,98.4375,7.03125
09-04,89,91.40625,112.5,21.09375
09-04,90,91.40625,112.5,21.09375
09-04,91,91.40625,112.5,21.09375
09-04,92,91.40625,112.5,21.09375
09-04,93,91.40625,112.5,21.09375
09-04,94,91.40625,98.4375,7.03125
09-04,95,91.40625,91.40625,0.0
09-04,96,91.40625,112.5,21.09375
09-04,97,91.40625,112.5,21.09375
09-04,98,91.40625,98.4375,7.03125
09-04,99,91.40625,112.5,21.09375
09-04,100,91.40625,98.4375,7.03125
09-04,101,91.40625,91.40625,0.0
09-04,102,91.40625,112.5,21.09375
09-04,103,91.40625,112.5,21.09375
09-04,104,91.40625,98.4375,7.03125
09-04,105,91.40625,91.40625,0.0
09-04,106,91.40625,112.5,21.09375
09-04,107,91.40625,112.5,21.09375
09-04,108,91.40625,112.5,21.09375
09-04,109,91.40625,112.5,21.09375
09-04,110,91.40625,112.5,21.09375
09-04,111,91.40625,112.5,21.09375
09-04,112,91.40625,112.5,21.09375
09-04,113,49.21875,112.5,63.28125
09-04,114,91.40625,112.5,21.09375
09-04,115,49.21875,112.5,63.28125
09-04,116,49.21875,112.5,63.28125
09-04,117,49.21875,112.5,63.28125
09-04,118,49.21875,112.5,63.28125
09-04,119,49.21875,105.46875,56.25
09-04,120,49.21875,112.5,63.28125
09-04,121,49.21875,112.5,63.28125
09-04,122,49.21875,112.5,63.28125
09-04,123,49.21875,112.5,63.28125
09-04,124,49.21875,112.5,63.28125
09-04,125,49.21875,112.5,63.28125
09-04,126,49.21875,112.5,63.28125
09-04,127,49.21875,105.46875,56.25
09-04,128,49.21875,112.5,63.28125
09-04,129,49.21875,112.5,63.28125
09-04,130,49.21875,112.5,63.28125
09-04,131,49.21875,91.40625,42.1875
09-04,132,49.21875,98.4375,49.21875
09-04,133,49.21875,112.5,63.28125
09-04,134,49.21875,112.5,63.28125
09-04,135,49.21875,91.40625,42.1875
09-04,136,49.21875,112.5,63.28125
09-04,137,49.21875,84.375,35.15625
09-04,138,49.21875,84.375,35.15625
09-04,139,49.21875,112.5,63.28125
09-04,140,49.21875,112.5,63.28125
09-04,141,49.21875,112.5,63.28125
09-04,142,49.21875,112.5,63.28125
09-04,143,49.21875,98.4375,49.21875
09-04,144,49.21875,98.4375,49.21875
09-04,145,49.21875,112.5,63.28125
09-04,146,49.21875,112.5,63.28125
09-04,147,49.21875,98.4375,49.21875
09-04,148,49.21875,98.4375,49.21875
09-04,149,49.21875,112.5,63.28125
09-04,150,49.21875,112.5,63.28125
09-04,151,49.21875,98.4375,49.21875
09-04,152,49.21875,112.5,63.28125
09-04,153,49.21875,112.5,63.28125
09-04,154,49.21875,112.5,63.28125
09-04,155,49.21875,112.5,63.28125
09-04,156,49.21875,112.5,63.28125
09-04,157,49.21875,98.4375,49.21875
09-04,158,49.21875,112.5,63.28125
09-04,159,49.21875,112.5,63.28125
09-04,160,49.21875,112.5,63.28125
09-04,161,49.21875,112.5,63.28125
09-04,162,49.21875,112.5,63.28125
09-04,163,49.21875,112.5,63.28125
09-04,164,49.21875,112.5,63.28125
09-04,165,49.21875,112.5,63.28125
09-04,166,49.21875,112.5,63.28125
09-04,167,49.21875,112.5,63.28125
09-04,168,49.21875,112.5,63.28125
09-04,169,49.21875,112.5,63.28125
09-04,170,49.21875,105.46875,56.25
09-04,171,49.21875,112.5,63.28125
09-04,172,49.21875,112.5,63.28125
09-04,173,49.21875,112.5,63.28125
09-04,174,49.21875,112.5,63.28125
09-04,175,49.21875,84.375,35.15625
09-04,176,49.21875,112.5,63.28125
09-04,177,49.21875,112.5,63.28125
09-04,178,49.21875,112.5,63.28125
09-04,179,49.21875,112.5,63.28125
09-04,180,49.21875,112.5,63.28125
09-04,181,49.21875,112.5,63.28125
09-04,182,49.21875,112.5,63.28125
09-04,183,49.21875,112.5,63.28125
09-04,184,49.21875,91.40625,42.1875
09-04,185,49.21875,112.5,63.28125
09-04,186,49.21875,112.5,63.28125
09-04,187,49.21875,112.5,63.28125
09-04,188,49.21875,112.5,63.28125
09-04,189,49.21875,112.5,63.28125
09-04,190,49.21875,112.5,63.28125
09-04,191,49.21875,112.5,63.28125
09-04,192,49.21875,91.40625,42.1875
09-04,193,49.21875,112.5,63.28125
09-04,194,49.21875,112.5,63.28125
09-04,195,49.21875,112.5,63.28125
09-04,196,49.21875,112.5,63.28125
09-04,197,49.21875,112.5,63.28125
09-04,198,49.21875,112.5,63.28125
09-04,199,49.21875,98.4375,49.21875
09-04,200,49.21875,112.5,63.28125
09-04,201,49.21875,112.5,63.28125
09-04,202,49.21875,112.5,63.28125
09-04,203,49.21875,112.5,63.28125
09-04,204,49.21875,112.5,63.28125
09-04,205,49.21875,112.5,63.28125
09-04,206,49.21875,112.5,63.28125
09-04,207,49.21875,112.5,63.28125
09-04,208,49.21875,112.5,63.28125
09-04,209,49.21875,112.5,63.28125
09-04,210,49.21875,112.5,63.28125
09-04,211,49.21875,112.5,63.28125
09-04,212,49.21875,112.5,63.28125
09-04,213,49.21875,112.5,63.28125
09-04,214,49.21875,112.5,63.28125
09-04,215,49.21875,112.5,63.28125
09-04,216,49.21875,112.5,63.28125
09-04,217,49.21875,112.5,63.28125
09-04,218,49.21875,112.5,63.28125
09-04,219,49.21875,112.5,63.28125
09-04,220,49.21875,112.5,63.28125
09-04,221,49.21875,112.5,63.28125
09-04,222,49.21875,112.5,63.28125
09-04,223,49.21875,112.5,63.28125
09-04,224,49.21875,112.5,63.28125
09-04,225,49.21875,112.5,63.28125
09-04,226,49.21875,84.375,35.15625
09-04,227,49.21875,112.5,63.28125
09-04,228,49.21875,112.5,63.28125
09-04,229,49.21875,112.5,63.28125
09-04,230,49.21875,112.5,63.28125
09-04,231,49.21875,112.5,63.28125
09-05,0,49.21875,112.5,63.28125
09-05,1,49.21875,112.5,63.28125
09-05,2,49.21875,91.40625,42.1875
09-05,3,49.21875,112.5,63.28125
09-05,4,49.21875,112.5,63.28125
09-05,5,49.21875,112.5,63.28125
09-05,6,49.21875,112.5,63.28125
09-05,7,49.21875,112.5,63.28125
09-05,8,91.40625,112.5,21.09375
09-05,9,91.40625,112.5,21.09375
09-05,10,91.40625,112.5,21.09375
09-05,11,91.40625,98.4375,7.03125
09-05,12,49.21875,98.4375,49.21875
09-05,13,49.21875,98.4375,49.21875
09-05,14,49.21875,91.40625,42.1875
09-05,15,49.21875,98.4375,49.21875
09-05,16,49.21875,105.46875,56.25
09-05,17,49.21875,98.4375,49.21875
09-05,18,49.21875,98.4375,49.21875
09-05,19,49.21875,105.46875,56.25
09-05,20,49.21875,112.5,63.28125
09-05,21,49.21875,84.375,35.15625
09-05,22,49.21875,84.375,35.15625
09-05,23,49.21875,91.40625,42.1875
09-05,24,49.21875,91.40625,42.1875
09-05,25,49.21875,112.5,63.28125
09-05,26,49.21875,98.4375,49.21875
09-05,27,49.21875,98.4375,49.21875
09-05,28,49.21875,98.4375,49.21875
09-05,29,49.21875,112.5,63.28125
09-05,30,49.21875,112.5,63.28125
09-05,31,49.21875,112.5,63.28125
09-05,32,49.21875,91.40625,42.1875
09-05,33,49.21875,91.40625,42.1875
09-05,34,49.21875,112.5,63.28125
09-05,35,49.21875,84.375,35.15625
09-05,36,91.40625,98.4375,7.03125
09-05,37,91.40625,105.46875,14.0625
09-05,38,91.40625,112.5,21.09375
09-05,39,49.21875,105.46875,56.25
09-05,40,91.40625,112.5,21.09375
09-05,41,91.40625,105.46875,14.0625
09-05,42,91.40625,105.46875,14.0625
09-05,43,49.21875,105.46875,56.25
09-05,44,49.21875,112.5,63.28125
09-05,45,49.21875,112.5,63.28125
09-05,46,49.21875,105.46875,56.25
09-05,47,49.21875,98.4375,49.21875
09-05,48,49.21875,98.4375,49.21875
09-05,49,49.21875,91.40625,42.1875
09-05,50,49.21875,91.40625,42.1875
09-05,51,49.21875,91.40625,42.1875
09-05,52,49.21875,91.40625,42.1875
09-05,53,49.21875,91.40625,42.1875
09-05,54,49.21875,91.40625,42.1875
09-05,55,49.21875,84.375,35.15625
09-05,56,49.21875,112.5,63.28125
09-05,57,49.21875,98.4375,49.21875
09-05,58,49.21875,98.4375,49.21875
09-05,59,49.21875,98.4375,49.21875
09-05,60,49.21875,112.5,63.28125
09-05,61,49.21875,112.5,63.28125
09-05,62,49.21875,112.5,63.28125
09-05,63,49.21875,112.5,63.28125
09-05,64,49.21875,112.5,63.28125
09-05,65,49.21875,112.5,63.28125
09-05,66,49.21875,105.46875,56.25
09-05,67,49.21875,98.4375,49.21875
09-05,68,49.21875,98.4375,49.21875
09-05,69,49.21875,91.40625,42.1875
09-05,70,49.21875,98.4375,49.21875
09-05,71,49.21875,98.4375,49.21875
09-05,72,49.21875,98.4375,49.21875
09-05,73,49.21875,98.4375,49.21875
09-05,74,91.40625,98.4375,7.03125
09-05,75,49.21875,105.46875,56.25
09-05,76,91.40625,112.5,21.09375
09-05,77,49.21875,91.40625,42.1875
09-05,78,91.40625,98.4375,7.03125
09-05,79,49.21875,98.4375,49.21875
09-05,80,91.40625,98.4375,7.03125
09-05,81,49.21875,98.4375,49.21875
09-05,82,49.21875,112.5,63.28125
09-05,83,49.21875,112.5,63.28125
09-05,84,49.21875,112.5,63.28125
09-05,85,49.21875,105.46875,56.25
09-05,86,49.21875,112.5,63.28125
09-05,87,49.21875,112.5,63.28125
09-05,88,49.21875,112.5,63.28125
09-05,89,49.21875,84.375,35.15625
09-05,90,49.21875,112.5,63.28125
09-05,91,49.21875,105.46875,56.25
09-05,92,49.21875,112.5,63.28125
09-05,93,49.21875,112.5,63.28125
09-05,94,49.21875,112.5,63.28125
09-05,95,49.21875,112.5,63.28125
09-05,96,49.21875,112.5,63.28125
09-05,97,49.21875,112.5,63.28125
09-05,98,49.21875,112.5,63.28125
09-05,99,49.21875,105.46875,56.25
09-05,100,49.21875,105.46875,56.25
09-05,101,49.21875,105.46875,56.25
09-05,102,49.21875,112.5,63.28125
09-05,103,49.21875,112.5,63.28125
09-05,104,49.21875,112.5,63.28125
09-05,105,49.21875,112.5,63.28125
09-05,106,49.21875,105.46875,56.25
09-05,107,49.21875,105.46875,56.25
09-05,108,49.21875,105.46875,56.25
09-05,109,49.21875,98.4375,49.21875
09-05,110,49.21875,98.4375,49.21875
09-05,111,49.21875,112.5,63.28125
09-05,112,91.40625,112.5,21.09375
09-05,113,91.40625,112.5,21.09375
09-05,114,91.40625,112.5,21.09375
09-05,115,91.40625,112.5,21.09375
09-05,116,91.40625,112.5,21.09375
09-05,117,49.21875,105.46875,56.25
09-05,118,91.40625,112.5,21.09375
09-05,119,49.21875,105.46875,56.25
09-05,120,49.21875,105.46875,56.25
09-05,121,49.21875,112.5,63.28125
09-05,122,49.21875,105.46875,56.25
09-05,123,49.21875,112.5,63.28125
09-05,124,49.21875,84.375,35.15625
09-05,125,49.21875,98.4375,49.21875
09-05,126,49.21875,91.40625,42.1875
09-05,127,49.21875,98.4375,49.21875
09-05,128,49.21875,91.40625,42.1875
09-05,129,49.21875,91.40625,42.1875
09-05,130,49.21875,91.40625,42.1875
09-05,131,49.21875,98.4375,49.21875
09-05,132,49.21875,98.4375,49.21875
09-05,133,49.21875,91.40625,42.1875
09-05,134,49.21875,98.4375,49.21875
09-05,135,49.21875,91.40625,42.1875
09-05,136,49.21875,91.40625,42.1875
09-05,137,49.21875,91.40625,42.1875
09-05,138,49.21875,91.40625,42.1875
09-05,139,49.21875,91.40625,42.1875
09-05,140,49.21875,91.40625,42.1875
09-05,141,49.21875,91.40625,42.1875
09-05,142,49.21875,91.40625,42.1875
09-05,143,49.21875,98.4375,49.21875
09-05,144,49.21875,105.46875,56.25
09-05,145,49.21875,105.46875,56.25
09-05,146,49.21875,105.46875,56.25
09-05,147,49.21875,98.4375,49.21875
09-05,148,49.21875,105.46875,56.25
09-05,149,49.21875,112.5,63.28125
09-05,150,49.21875,112.5,63.28125
09-05,151,49.21875,105.46875,56.25
09-05,152,49.21875,112.5,63.28125
09-05,153,49.21875,112.5,63.28125
09-05,154,49.21875,112.5,63.28125
09-05,155,49.21875,105.46875,56.25
09-05,156,49.21875,105.46875,56.25
09-05,157,49.21875,105.46875,56.25
09-05,158,49.21875,112.5,63.28125
09-05,159,49.21875,112.5,63.28125
09-05,160,49.21875,112.5,63.28125
09-05,161,49.21875,105.46875,56.25
09-05,162,49.21875,105.46875,56.25
09-05,163,49.21875,105.46875,56.25
09-05,164,49.21875,105.46875,56.25
09-05,165,49.21875,112.5,63.28125
09-05,166,49.21875,105.46875,56.25
09-05,167,49.21875,105.46875,56.25
09-05,168,49.21875,112.5,63.28125
09-05,169,49.21875,98.4375,49.21875
09-06,0,49.21875,112.5,63.28125
09-06,1,49.21875,112.5,63.28125
09-06,2,49.21875,112.5,63.28125
09-06,3,49.21875,112.5,63.28125
09-06,4,49.21875,112.5,63.28125
09-06,5,49.21875,112.5,63.28125
09-06,6,49.21875,112.5,63.28125
09-06,7,49.21875,105.46875,56.25
09-06,8,49.21875,112.5,63.28125
09-06,9,49.21875,112.5,63.28125
09-06,10,49.21875,112.5,63.28125
09-06,11,49.21875,112.5,63.28125
09-06,12,49.21875,98.4375,49.21875
09-06,13,49.21875,98.4375,49.21875
09-06,14,91.40625,91.40625,0.0
09-06,15,91.40625,91.40625,0.0
09-06,16,91.40625,91.40625,0.0
09-06,17,91.40625,91.40625,0.0
09-06,18,91.40625,91.40625,0.0
09-06,19,91.40625,91.40625,0.0
09-06,20,91.40625,91.40625,0.0
09-06,21,91.40625,98.4375,7.03125
09-06,22,91.40625,112.5,21.09375
09-06,23,91.40625,105.46875,14.0625
09-06,24,91.40625,84.375,-7.03125
09-06,25,91.40625,98.4375,7.03125
09-06,26,91.40625,98.4375,7.03125
09-06,27,91.40625,112.5,21.09375
09-06,28,91.40625,98.4375,7.03125
09-06,29,91.40625,98.4375,7.03125
09-06,30,49.21875,98.4375,49.21875
09-06,31,49.21875,98.4375,49.21875
09-06,32,49.21875,112.5,63.28125
09-06,33,49.21875,91.40625,42.1875
09-06,34,49.21875,91.40625,42.1875
09-06,35,49.21875,91.40625,42.1875
09-06,36,49.21875,91.40625,42.1875
09-06,37,49.21875,91.40625,42.1875
09-06,38,49.21875,91.40625,42.1875
09-06,39,49.21875,98.4375,49.21875
09-06,40,49.21875,98.4375,49.21875
09-06,41,49.21875,98.4375,49.21875
09-06,42,49.21875,98.4375,49.21875
09-06,43,49.21875,91.40625,42.1875
09-06,44,49.21875,98.4375,49.21875
09-06,45,49.21875,98.4375,49.21875
09-06,46,49.21875,98.4375,49.21875
09-06,47,49.21875,91.40625,42.1875
09-06,48,49.21875,91.40625,42.1875
09-06,49,49.21875,91.40625,42.1875
09-06,50,49.21875,91.40625,42.1875
09-06,51,49.21875,91.40625,42.1875
09-06,52,49.21875,91.40625,42.1875
09-06,53,49.21875,91.40625,42.1875
09-06,54,49.21875,91.40625,42.1875
09-06,55,49.21875,91.40625,42.1875
09-06,56,49.21875,91.40625,42.1875
09-06,57,49.21875,91.40625,42.1875
09-06,58,49.21875,91.40625,42.1875
09-06,59,49.21875,98.4375,49.21875
09-06,60,49.21875,98.4375,49.21875
09-06,61,49.21875,98.4375,49.21875
09-06,62,49.21875,98.4375,49.21875
09-06,63,49.21875,98.4375,49.21875
09-06,64,49.21875,98.4375,49.21875
09-06,65,49.21875,105.46875,56.25
09-06,66,49.21875,112.5,63.28125
09-06,67,49.21875,98.4375,49.21875
09-06,68,49.21875,91.40625,42.1875
09-06,69,49.21875,98.4375,49.21875
09-06,70,49.21875,91.40625,42.1875
09-06,71,49.21875,91.40625,42.1875
09-06,72,49.21875,91.40625,42.1875
09-06,73,49.21875,91.40625,42.1875
09-06,74,49.21875,91.40625,42.1875
09-06,75,49.21875,98.4375,49.21875
09-06,76,49.21875,98.4375,49.21875
09-06,77,49.21875,98.4375,49.21875
09-06,78,49.21875,91.40625,42.1875
09-06,79,49.21875,91.40625,42.1875
09-06,80,49.21875,91.40625,42.1875
09-06,81,49.21875,98.4375,49.21875
09-06,82,49.21875,112.5,63.28125
09-06,83,49.21875,112.5,63.28125
09-06,84,49.21875,112.5,63.28125
09-06,85,49.21875,98.4375,49.21875
09-06,86,49.21875,98.4375,49.21875
09-06,87,49.21875,112.5,63.28125
09-06,88,49.21875,112.5,63.28125
09-06,89,49.21875,112.5,63.28125
09-06,90,49.21875,112.5,63.28125
09-06,91,49.21875,112.5,63.28125
09-06,92,49.21875,112.5,63.28125
09-06,93,49.21875,112.5,63.28125
09-06,94,49.21875,112.5,63.28125
09-06,95,49.21875,105.46875,56.25
09-06,96,49.21875,98.4375,49.21875
09-06,97,49.21875,105.46875,56.25
09-06,98,49.21875,105.46875,56.25
09-06,99,49.21875,105.46875,56.25
09-06,100,49.21875,105.46875,56.25
09-06,101,49.21875,105.46875,56.25
09-06,102,49.21875,105.46875,56.25
09-06,103,49.21875,112.5,63.28125
09-06,104,49.21875,98.4375,49.21875
09-06,105,49.21875,105.46875,56.25
09-06,106,49.21875,112.5,63.28125
09-06,107,49.21875,112.5,63.28125
09-06,108,49.21875,105.46875,56.25
09-06,109,49.21875,98.4375,49.21875
09-06,110,49.21875,98.4375,49.21875
09-06,111,49.21875,98.4375,49.21875
09-06,112,49.21875,98.4375,49.21875
09-06,113,49.21875,98.4375,49.21875
09-06,114,49.21875,91.40625,42.1875
09-06,115,49.21875,91.40625,42.1875
09-06,116,49.21875,91.40625,42.1875
09-06,117,49.21875,98.4375,49.21875
09-06,118,49.21875,91.40625,42.1875
09-06,119,49.21875,91.40625,42.1875
09-06,120,49.21875,91.40625,42.1875
09-06,121,49.21875,91.40625,42.1875
09-06,122,49.21875,91.40625,42.1875
09-06,123,49.21875,98.4375,49.21875
09-06,124,49.21875,98.4375,49.21875
09-06,125,49.21875,91.40625,42.1875
09-06,126,49.21875,91.40625,42.1875
09-06,127,49.21875,91.40625,42.1875
09-06,128,49.21875,98.4375,49.21875
09-06,129,49.21875,91.40625,42.1875
09-06,130,49.21875,98.4375,49.21875
09-06,131,49.21875,84.375,35.15625
09-06,132,49.21875,98.4375,49.21875
09-06,133,49.21875,91.40625,42.1875
09-06,134,49.21875,98.4375,49.21875
09-06,135,49.21875,98.4375,49.21875
09-06,136,49.21875,98.4375,49.21875
09-06,137,49.21875,98.4375,49.21875
09-06,138,49.21875,98.4375,49.21875
09-06,139,49.21875,112.5,63.28125
09-06,140,49.21875,98.4375,49.21875
09-06,141,49.21875,91.40625,42.1875
09-06,142,49.21875,91.40625,42.1875
09-06,143,49.21875,98.4375,49.21875
09-06,144,49.21875,98.4375,49.21875
09-06,145,49.21875,98.4375,49.21875
09-06,146,49.21875,91.40625,42.1875
09-06,147,49.21875,91.40625,42.1875
09-06,148,49.21875,98.4375,49.21875
09-06,149,49.21875,98.4375,49.21875
09-06,150,49.21875,112.5,63.28125
09-06,151,98.4375,112.5,14.0625
09-06,152,49.21875,112.5,63.28125
09-06,153,49.21875,112.5,63.28125
09-06,154,49.21875,112.5,63.28125
09-06,155,49.21875,112.5,63.28125
09-06,156,49.21875,112.5,63.28125
09-06,157,49.21875,112.5,63.28125
09-06,158,49.21875,112.5,63.28125
09-06,159,49.21875,91.40625,42.1875
09-06,160,49.21875,112.5,63.28125
09-06,161,49.21875,112.5,63.28125
09-06,162,49.21875,112.5,63.28125
09-06,163,49.21875,112.5,63.28125
09-06,164,49.21875,112.5,63.28125
09-06,165,49.21875,112.5,63.28125
09-06,166,49.21875,112.5,63.28125
09-06,167,49.21875,112.5,63.28125
09-06,168,49.21875,112.5,63.28125
09-06,169,49.21875,112.5,63.28125
09-06,170,49.21875,112.5,63.28125
09-06,171,49.21875,112.5,63.28125
10-01,0,91.40625,112.5,21.09375
10-01,1,91.40625,105.46875,14.0625
10-01,2,91.40625,112.5,21.09375
10-01,3,91.40625,112.5,21.09375
10-01,4,91.40625,112.5,21.09375
10-01,5,91.40625,112.5,21.09375
10-01,6,91.40625,112.5,21.09375
10-01,7,91.40625,112.5,21.09375
10-01,8,91.40625,112.5,21.09375
10-01,9,91.40625,112.5,21.09375
10-01,10,91.40625,112.5,21.09375
10-01,11,84.375,112.5,28.125
10-01,12,84.375,112.5,28.125
10-01,13,84.375,112.5,28.125
10-01,14,84.375,112.5,28.125
10-01,15,84.375,112.5,28.125
10-01,16,84.375,112.5,28.125
10-01,17,84.375,112.5,28.125
10-01,18,84.375,112.5,28.125
10-01,19,84.375,112.5,28.125
10-01,20,84.375,112.5,28.125
10-01,21,84.375,112.5,28.125
10-01,22,84.375,112.5,28.125
10-01,23,84.375,112.5,28.125
10-01,24,84.375,105.46875,21.09375
10-01,25,84.375,112.5,28.125
10-01,26,84.375,112.5,28.125
10-01,27,84.375,112.5,28.125
10-01,28,84.375,112.5,28.125
10-01,29,84.375,112.5,28.125
10-01,30,84.375,112.5,28.125
10-01,31,84.375,112.5,28.125
10-01,32,84.375,112.5,28.125
10-01,33,84.375,112.5,28.125
10-01,34,84.375,112.5,28.125
10-01,35,84.375,112.5,28.125
10-01,36,84.375,98.4375,14.0625
10-01,37,84.375,112.5,28.125
10-01,38,84.375,98.4375,14.0625
10-01,39,84.375,112.5,28.125
10-01,40,84.375,112.5,28.125
10-01,41,84.375,112.5,28.125
10-01,42,84.375,112.5,28.125
10-01,43,84.375,112.5,28.125
10-01,44,84.375,112.5,28.125
10-01,45,84.375,112.5,28.125
10-01,46,84.375,112.5,28.125
10-01,47,84.375,112.5,28.125
10-01,48,84.375,98.4375,14.0625
10-01,49,84.375,112.5,28.125
10-01,50,84.375,105.46875,21.09375
10-01,51,84.375,112.5,28.125
10-01,52,84.375,112.5,28.125
10-01,53,84.375,112.5,28.125
10-01,54,84.375,91.40625,7.03125
10-01,55,84.375,98.4375,14.0625
10-01,56,84.375,112.5,28.125
10-01,57,84.375,98.4375,14.0625
10-01,58,84.375,91.40625,7.03125
10-01,59,84.375,112.5,28.125
10-01,60,84.375,112.5,28.125
10-01,61,84.375,98.4375,14.0625
10-01,62,84.375,112.5,28.125
10-01,63,84.375,112.5,28.125
10-01,64,84.375,112.5,28.125
10-01,65,84.375,91.40625,7.03125
10-01,66,84.375,112.5,28.125
10-01,67,84.375,105.46875,21.09375
10-01,68,84.375,112.5,28.125
10-01,69,84.375,112.5,28.125
10-01,70,84.375,112.5,28.125
10-01,71,84.375,112.5,28.125
10-01,72,84.375,112.5,28.125
10-01,73,84.375,112.5,28.125
10-01,74,84.375,112.5,28.125
10-01,75,84.375,112.5,28.125
10-01,76,84.375,105.46875,21.09375
10-01,77,84.375,112.5,28.125
10-01,78,84.375,112.5,28.125
10-01,79,84.375,112.5,28.125
10-01,80,84.375,112.5,28.125
10-01,81,84.375,112.5,28.125
10-01,82,84.375,112.5,28.125
10-01,83,84.375,112.5,28.125
10-01,84,84.375,112.5,28.125
10-01,85,84.375,112.5,28.125
10-01,86,84.375,112.5,28.125
10-01,87,84.375,112.5,28.125
10-01,88,84.375,112.5,28.125
10-01,89,84.375,112.5,28.125
10-01,90,84.375,91.40625,7.03125
10-01,91,84.375,91.40625,7.03125
10-01,92,84.375,112.5,28.125
10-01,93,84.375,112.5,28.125
10-01,94,84.375,105.46875,21.09375
10-01,95,84.375,112.5,28.125
10-01,96,84.375,112.5,28.125
10-01,97,84.375,105.46875,21.09375
10-01,98,84.375,112.5,28.125
10-01,99,84.375,112.5,28.125
10-01,100,84.375,112.5,28.125
10-01,101,84.375,84.375,0.0
10-01,102,84.375,112.5,28.125
10-01,103,84.375,112.5,28.125
10-01,104,84.375,112.5,28.125
10-01,105,84.375,112.5,28.125
10-01,106,84.375,112.5,28.125
10-01,107,84.375,112.5,28.125
10-01,108,84.375,112.5,28.125
10-01,109,84.375,112.5,28.125
10-01,110,84.375,112.5,28.125
10-01,111,84.375,112.5,28.125
10-01,112,84.375,112.5,28.125
10-01,113,84.375,112.5,28.125
10-01,114,84.375,112.5,28.125
10-01,115,84.375,112.5,28.125
10-01,116,84.375,112.5,28.125
10-01,117,77.34375,112.5,35.15625
10-01,118,77.34375,112.5,35.15625
10-01,119,77.34375,112.5,35.15625
10-01,120,77.34375,112.5,35.15625
10-01,121,77.34375,112.5,35.15625
10-01,122,77.34375,112.5,35.15625
10-01,123,77.34375,112.5,35.15625
10-01,124,77.34375,112.5,35.15625
10-01,125,77.34375,112.5,35.15625
10-01,126,77.34375,112.5,35.15625
10-01,127,77.34375,112.5,35.15625
10-01,128,77.34375,112.5,35.15625
10-01,129,77.34375,112.5,35.15625
10-01,130,77.34375,112.5,35.15625
10-01,131,77.34375,112.5,35.15625
10-01,132,77.34375,112.5,35.15625
10-01,133,77.34375,112.5,35.15625
10-01,134,77.34375,112.5,35.15625
10-01,135,77.34375,112.5,35.15625
10-01,136,77.34375,112.5,35.15625
10-01,137,77.34375,112.5,35.15625
10-01,138,77.34375,112.5,35.15625
10-01,139,77.34375,112.5,35.15625
10-01,140,77.34375,112.5,35.15625
10-01,141,77.34375,112.5,35.15625
10-01,142,77.34375,112.5,35.15625
10-01,143,77.34375,112.5,35.15625
10-01,144,77.34375,112.5,35.15625
10-01,145,77.34375,112.5,35.15625
10-01,146,77.34375,112.5,35.15625
10-01,147,77.34375,112.5,35.15625
10-01,148,77.34375,112.5,35.15625
10-01,149,77.34375,112.5,35.15625
10-01,150,77.34375,112.5,35.15625
10-01,151,77.34375,91.40625,14.0625
10-01,152,77.34375,112.5,35.15625
10-01,153,77.34375,112.5,35.15625
10-01,154,77.34375,112.5,35.15625
10-01,155,77.34375,112.5,35.15625
10-01,156,77.34375,112.5,35.15625
10-01,157,77.34375,112.5,35.15625
10-01,158,77.34375,112.5,35.15625
10-01,159,77.34375,112.5,35.15625
10-01,160,77.34375,112.5,35.15625
10-01,161,77.34375,112.5,35.15625
10-01,162,77.34375,112.5,35.15625
10-01,163,77.34375,112.5,35.15625
10-01,164,77.34375,91.40625,14.0625
10-01,165,77.34375,84.375,7.03125
10-01,166,77.34375,91.40625,14.0625
10-01,167,77.34375,112.5,35.15625
10-01,168,77.34375,105.46875,28.125
10-02,0,98.4375,84.375,-14.0625
10-02,1,98.4375,98.4375,0.0
10-02,2,98.4375,112.5,14.0625
10-02,3,98.4375,98.4375,0.0
10-02,4,98.4375,98.4375,0.0
10-02,5,98.4375,105.46875,7.03125
10-02,6,98.4375,98.4375,0.0
10-02,7,98.4375,112.5,14.0625
10-02,8,98.4375,91.40625,-7.03125
10-02,9,98.4375,112.5,14.0625
10-02,10,98.4375,84.375,-14.0625
10-02,11,98.4375,112.5,14.0625
10-02,12,98.4375,98.4375,0.0
10-02,13,98.4375,105.46875,7.03125
10-02,14,105.46875,112.5,7.03125
10-02,15,105.46875,112.5,7.03125
10-02,16,105.46875,112.5,7.03125
10-02,17,105.46875,112.5,7.03125
10-02,18,105.46875,112.5,7.03125
10-02,19,105.46875,112.5,7.03125
10-02,20,105.46875,105.46875,0.0
10-02,21,105.46875,112.5,7.03125
10-02,22,105.46875,112.5,7.03125
10-02,23,105.46875,112.5,7.03125
10-02,24,105.46875,105.46875,0.0
10-02,25,105.46875,105.46875,0.0
10-02,26,105.46875,112.5,7.03125
10-02,27,105.46875,105.46875,0.0
10-02,28,105.46875,105.46875,0.0
10-02,29,105.46875,112.5,7.03125
10-02,30,105.46875,112.5,7.03125
10-02,31,105.46875,112.5,7.03125
10-02,32,105.46875,112.5,7.03125
10-02,33,105.46875,112.5,7.03125
10-02,34,105.46875,112.5,7.03125
10-02,35,105.46875,112.5,7.03125
10-02,36,105.46875,112.5,7.03125
10-02,37,105.46875,112.5,7.03125
10-02,38,105.46875,112.5,7.03125
10-02,39,105.46875,112.5,7.03125
10-02,40,98.4375,112.5,14.0625
10-02,41,98.4375,84.375,-14.0625
10-02,42,98.4375,112.5,14.0625
10-02,43,98.4375,105.46875,7.03125
10-02,44,98.4375,112.5,14.0625
10-02,45,98.4375,105.46875,7.03125
10-02,46,98.4375,91.40625,-7.03125
10-02,47,98.4375,98.4375,0.0
10-02,48,98.4375,112.5,14.0625
10-02,49,98.4375,112.5,14.0625
10-02,50,98.4375,98.4375,0.0
10-02,51,98.4375,112.5,14.0625
10-02,52,98.4375,112.5,14.0625
10-02,53,98.4375,112.5,14.0625
10-02,54,98.4375,112.5,14.0625
10-02,55,98.4375,112.5,14.0625
10-02,56,98.4375,112.5,14.0625
10-02,57,98.4375,112.5,14.0625
10-02,58,98.4375,112.5,14.0625
10-02,59,98.4375,112.5,14.0625
10-02,60,98.4375,112.5,14.0625
10-02,61,98.4375,112.5,14.0625
10-02,62,98.4375,112.5,14.0625
10-02,63,98.4375,98.4375,0.0
10-02,64,98.4375,105.46875,7.03125
10-02,65,98.4375,112.5,14.0625
10-02,66,98.4375,112.5,14.0625
10-02,67,98.4375,112.5,14.0625
10-02,68,98.4375,112.5,14.0625
10-02,69,98.4375,112.5,14.0625
10-02,70,98.4375,112.5,14.0625
10-02,71,98.4375,112.5,14.0625
10-02,72,105.46875,112.5,7.03125
10-02,73,105.46875,84.375,-21.09375
10-02,74,105.46875,112.5,7.03125
10-02,75,105.46875,91.40625,-14.0625
10-02,76,105.46875,112.5,7.03125
10-02,77,105.46875,112.5,7.03125
10-02,78,105.46875,112.5,7.03125
10-02,79,105.46875,98.4375,-7.03125
10-02,80,105.46875,112.5,7.03125
10-02,81,98.4375,84.375,-14.0625
10-02,82,105.46875,112.5,7.03125
10-02,83,98.4375,91.40625,-7.03125
10-02,84,98.4375,112.5,14.0625
10-02,85,98.4375,112.5,14.0625
10-02,86,98.4375,112.5,14.0625
10-02,87,98.4375,98.4375,0.0
10-02,88,98.4375,112.5,14.0625
10-02,89,98.4375,112.5,14.0625
10-02,90,98.4375,98.4375,0.0
10-02,91,98.4375,112.5,14.0625
10-02,92,98.4375,112.5,14.0625
10-02,93,98.4375,112.5,14.0625
10-02,94,98.4375,112.5,14.0625
10-02,95,98.4375,112.5,14.0625
10-02,96,98.4375,112.5,14.0625
10-02,97,98.4375,105.46875,7.03125
10-02,98,98.4375,105.46875,7.03125
10-02,99,98.4375,105.46875,7.03125
10-02,100,98.4375,105.46875,7.03125
10-02,101,98.4375,112.5,14.0625
10-02,102,98.4375,105.46875,7.03125
10-02,103,98.4375,112.5,14.0625
10-02,104,98.4375,98.4375,0.0
10-02,105,98.4375,112.5,14.0625
10-02,106,105.46875,105.46875,0.0
10-02,107,105.46875,112.5,7.03125
10-02,108,105.46875,112.5,7.03125
10-02,109,105.46875,98.4375,-7.03125
10-02,110,84.375,112.5,28.125
10-02,111,84.375,91.40625,7.03125
10-02,112,84.375,84.375,0.0
10-02,113,84.375,91.40625,7.03125
10-02,114,84.375,84.375,0.0
10-02,115,84.375,91.40625,7.03125
10-02,116,84.375,98.4375,14.0625
10-02,117,84.375,112.5,28.125
10-02,118,84.375,91.40625,7.03125
10-02,119,84.375,105.46875,21.09375
10-02,120,84.375,112.5,28.125
10-02,121,84.375,112.5,28.125
10-02,122,84.375,112.5,28.125
10-02,123,84.375,91.40625,7.03125
10-02,124,84.375,112.5,28.125
10-02,125,84.375,112.5,28.125
10-02,126,91.40625,112.5,21.09375
10-02,127,91.40625,112.5,21.09375
10-02,128,91.40625,84.375,-7.03125
10-02,129,84.375,112.5,28.125
10-02,130,91.40625,112.5,21.09375
10-02,131,98.4375,112.5,14.0625
10-02,132,98.4375,91.40625,-7.03125
10-02,133,98.4375,112.5,14.0625
10-02,134,98.4375,98.4375,0.0
10-02,135,98.4375,112.5,14.0625
10-02,136,98.4375,112.5,14.0625
10-02,137,98.4375,98.4375,0.0
10-02,138,98.4375,112.5,14.0625
10-02,139,98.4375,112.5,14.0625
10-02,140,98.4375,112.5,14.0625
10-02,141,98.4375,112.5,14.0625
10-02,142,98.4375,112.5,14.0625
10-02,143,98.4375,91.40625,-7.03125
10-02,144,98.4375,112.5,14.0625
10-02,145,91.40625,112.5,21.09375
10-02,146,91.40625,112.5,21.09375
10-02,147,91.40625,112.5,21.09375
10-02,148,91.40625,112.5,21.09375
10-02,149,91.40625,112.5,21.09375
10-02,150,91.40625,112.5,21.09375
10-02,151,91.40625,112.5,21.09375
10-02,152,91.40625,112.5,21.09375
10-02,153,91.40625,112.5,21.09375
10-02,154,91.40625,112.5,21.09375
10-02,155,91.40625,112.5,21.09375
10-02,156,91.40625,112.5,21.09375
10-02,157,91.40625,112.5,21.09375
10-02,158,91.40625,112.5,21.09375
10-02,159,91.40625,112.5,21.09375
10-02,160,91.40625,112.5,21.09375
10-02,161,91.40625,84.375,-7.03125
10-02,162,91.40625,112.5,21.09375
10-02,163,91.40625,112.5,21.09375
10-02,164,91.40625,98.4375,7.03125
10-02,165,91.40625,112.5,21.09375
10-02,166,91.40625,112.5,21.09375
10-02,167,91.40625,112.5,21.09375
10-02,168,91.40625,112.5,21.09375
10-02,169,91.40625,112.5,21.09375
10-02,170,91.40625,112.5,21.09375
10-02,171,91.40625,112.5,21.09375
10-02,172,91.40625,112.5,21.09375
10-03,0,84.375,112.5,28.125
10-03,1,84.375,112.5,28.125
10-03,2,84.375,105.46875,21.09375
10-03,3,84.375,112.5,28.125
10-03,4,77.34375,112.5,35.15625
10-03,5,77.34375,98.4375,21.09375
10-03,6,77.34375,112.5,35.15625
10-03,7,77.34375,112.5,35.15625
10-03,8,77.34375,112.5,35.15625
10-03,9,77.34375,112.5,35.15625
10-03,10,70.3125,112.5,42.1875
10-03,11,70.3125,112.5,42.1875
10-03,12,70.3125,91.40625,21.09375
10-03,13,70.3125,112.5,42.1875
10-03,14,70.3125,112.5,42.1875
10-03,15,70.3125,98.4375,28.125
10-03,16,70.3125,98.4375,28.125
10-03,17,70.3125,98.4375,28.125
10-03,18,70.3125,105.46875,35.15625
10-03,19,70.3125,112.5,42.1875
10-03,20,70.3125,105.46875,35.15625
10-03,21,70.3125,112.5,42.1875
10-03,22,70.3125,112.5,42.1875
10-03,23,70.3125,112.5,42.1875
10-03,24,70.3125,112.5,42.1875
10-03,25,70.3125,105.46875,35.15625
10-03,26,70.3125,105.46875,35.15625
10-03,27,70.3125,112.5,42.1875
10-03,28,70.3125,105.46875,35.15625
10-03,29,70.3125,105.46875,35.15625
10-03,30,70.3125,105.46875,35.15625
10-03,31,70.3125,112.5,42.1875
10-03,32,70.3125,112.5,42.1875
10-03,33,70.3125,112.5,42.1875
10-03,34,70.3125,91.40625,21.09375
10-03,35,70.3125,112.5,42.1875
10-03,36,70.3125,112.5,42.1875
10-03,37,70.3125,112.5,42.1875
10-03,38,70.3125,112.5,42.1875
10-03,39,70.3125,98.4375,28.125
10-03,40,70.3125,112.5,42.1875
10-03,41,70.3125,112.5,42.1875
10-03,42,70.3125,112.5,42.1875
10-03,43,70.3125,112.5,42.1875
10-03,44,70.3125,98.4375,28.125
10-03,45,70.3125,112.5,42.1875
10-03,46,70.3125,98.4375,28.125
10-03,47,70.3125,98.4375,28.125
10-03,48,70.3125,112.5,42.1875
10-03,49,70.3125,112.5,42.1875
10-03,50,70.3125,112.5,42.1875
10-03,51,70.3125,112.5,42.1875
10-03,52,70.3125,112.5,42.1875
10-03,53,70.3125,112.5,42.1875
10-03,54,70.3125,98.4375,28.125
10-03,55,70.3125,112.5,42.1875
10-03,56,70.3125,112.5,42.1875
10-03,57,70.3125,105.46875,35.15625
10-03,58,70.3125,112.5,42.1875
10-03,59,70.3125,105.46875,35.15625
10-03,60,70.3125,112.5,42.1875
10-03,61,70.3125,112.5,42.1875
10-03,62,70.3125,112.5,42.1875
10-03,63,70.3125,112.5,42.1875
10-03,64,70.3125,112.5,42.1875
10-03,65,70.3125,112.5,42.1875
10-03,66,70.3125,105.46875,35.15625
10-03,67,70.3125,112.5,42.1875
10-03,68,70.3125,112.5,42.1875
10-03,69,70.3125,112.5,42.1875
10-03,70,70.3125,112.5,42.1875
10-03,71,70.3125,112.5,42.1875
10-03,72,70.3125,112.5,42.1875
10-03,73,70.3125,112.5,42.1875
10-03,74,70.3125,98.4375,28.125
10-03,75,70.3125,112.5,42.1875
10-03,76,70.3125,112.5,42.1875
10-03,77,70.3125,112.5,42.1875
10-03,78,70.3125,112.5,42.1875
10-03,79,70.3125,98.4375,28.125
10-03,80,70.3125,112.5,42.1875
10-03,81,70.3125,105.46875,35.15625
10-03,82,70.3125,112.5,42.1875
10-03,83,70.3125,112.5,42.1875
10-03,84,70.3125,105.46875,35.15625
10-03,85,70.3125,112.5,42.1875
10-03,86,70.3125,105.46875,35.15625
10-03,87,70.3125,112.5,42.1875
10-03,88,70.3125,112.5,42.1875
10-03,89,70.3125,105.46875,35.15625
10-03,90,70.3125,112.5,42.1875
10-03,91,70.3125,105.46875,35.15625
10-03,92,70.3125,105.46875,35.15625
10-03,93,70.3125,112.5,42.1875
10-03,94,70.3125,112.5,42.1875
10-03,95,70.3125,112.5,42.1875
10-03,96,70.3125,112.5,42.1875
10-03,97,70.3125,112.5,42.1875
10-03,98,70.3125,112.5,42.1875
10-03,99,70.3125,112.5,42.1875
10-03,100,70.3125,84.375,14.0625
10-03,101,70.3125,112.5,42.1875
10-03,102,70.3125,112.5,42.1875
10-03,103,70.3125,105.46875,35.15625
10-03,104,70.3125,105.46875,35.15625
10-03,105,70.3125,126.5625,56.25
10-03,106,70.3125,98.4375,28.125
10-03,107,70.3125,112.5,42.1875
10-03,108,70.3125,98.4375,28.125
10-03,109,70.3125,98.4375,28.125
10-03,110,70.3125,105.46875,35.15625
10-03,111,70.3125,112.5,42.1875
10-03,112,70.3125,112.5,42.1875
10-03,113,70.3125,98.4375,28.125
10-03,114,70.3125,105.46875,35.15625
10-03,115,70.3125,105.46875,35.15625
10-03,116,70.3125,105.46875,35.15625
10-03,117,70.3125,112.5,42.1875
10-03,118,70.3125,112.5,42.1875
10-03,119,70.3125,112.5,42.1875
10-03,120,70.3125,112.5,42.1875
10-03,121,70.3125,112.5,42.1875
10-03,122,70.3125,112.5,42.1875
10-03,123,70.3125,112.5,42.1875
10-03,124,70.3125,112.5,42.1875
10-03,125,70.3125,112.5,42.1875
10-03,126,70.3125,112.5,42.1875
10-03,127,70.3125,112.5,42.1875
10-03,128,70.3125,112.5,42.1875
10-03,129,70.3125,112.5,42.1875
10-03,130,77.34375,112.5,35.15625
10-03,131,70.3125,112.5,42.1875
10-03,132,77.34375,112.5,35.15625
10-03,133,77.34375,112.5,35.15625
10-03,134,77.34375,112.5,35.15625
10-03,135,77.34375,91.40625,14.0625
10-03,136,77.34375,112.5,35.15625
10-03,137,77.34375,91.40625,14.0625
10-03,138,77.34375,98.4375,21.09375
10-03,139,77.34375,98.4375,21.09375
10-03,140,77.34375,98.4375,21.09375
10-03,141,77.34375,98.4375,21.09375
10-03,142,77.34375,98.4375,21.09375
10-03,143,77.34375,98.4375,21.09375
10-03,144,77.34375,98.4375,21.09375
10-03,145,77.34375,98.4375,21.09375
10-03,146,77.34375,105.46875,28.125
10-03,147,77.34375,112.5,35.15625
10-03,148,77.34375,112.5,35.15625
10-03,149,77.34375,112.5,35.15625
10-03,150,77.34375,112.5,35.15625
10-03,151,77.34375,112.5,35.15625
10-03,152,77.34375,105.46875,28.125
10-03,153,77.34375,112.5,35.15625
10-03,154,77.34375,112.5,35.15625
10-03,155,77.34375,98.4375,21.09375
10-03,156,77.34375,112.5,35.15625
10-03,157,77.34375,112.5,35.15625
10-03,158,77.34375,112.5,35.15625
10-03,159,70.3125,105.46875,35.15625
10-03,160,70.3125,112.5,42.1875
10-03,161,70.3125,98.4375,28.125
10-03,162,70.3125,112.5,42.1875
10-03,163,70.3125,112.5,42.1875
10-03,164,70.3125,112.5,42.1875
10-03,165,70.3125,112.5,42.1875
10-03,166,70.3125,98.4375,28.125
10-03,167,70.3125,112.5,42.1875
10-03,168,70.3125,112.5,42.1875
10-03,169,70.3125,112.5,42.1875
10-03,170,70.3125,112.5,42.1875
10-03,171,70.3125,112.5,42.1875
10-03,172,70.3125,112.5,42.1875
10-03,173,70.3125,98.4375,28.125
10-03,174,70.3125,112.5,42.1875
10-03,175,70.3125,112.5,42.1875
10-03,176,70.3125,98.4375,28.125
10-03,177,70.3125,98.4375,28.125
10-03,178,70.3125,98.4375,28.125
10-03,179,77.34375,98.4375,21.09375
10-03,180,77.34375,112.5,35.15625
10-03,181,77.34375,91.40625,14.0625
10-03,182,77.34375,112.5,35.15625
10-03,183,77.34375,112.5,35.15625
10-03,184,77.34375,112.5,35.15625
10-03,185,77.34375,112.5,35.15625
10-03,186,77.34375,112.5,35.15625
10-03,187,77.34375,112.5,35.15625
10-03,188,77.34375,112.5,35.15625
10-03,189,77.34375,112.5,35.15625
10-03,190,70.3125,105.46875,35.15625
10-03,191,70.3125,112.5,42.1875
10-03,192,70.3125,91.40625,21.09375
10-03,193,70.3125,112.5,42.1875
10-03,194,70.3125,112.5,42.1875
10-03,195,70.3125,112.5,42.1875
10-03,196,70.3125,98.4375,28.125
10-03,197,70.3125,98.4375,28.125
10-03,198,77.34375,112.5,35.15625
10-03,199,77.34375,112.5,35.15625
10-03,200,77.34375,112.5,35.15625
10-03,201,77.34375,112.5,35.15625
10-03,202,77.34375,112.5,35.15625
10-03,203,77.34375,91.40625,14.0625
10-04,0,84.375,112.5,28.125
10-04,1,84.375,112.5,28.125
10-04,2,84.375,112.5,28.125
10-04,3,77.34375,112.5,35.15625
10-04,4,77.34375,112.5,35.15625
10-04,5,77.34375,98.4375,21.09375
10-04,6,77.34375,112.5,35.15625
10-04,7,77.34375,105.46875,28.125
10-04,8,84.375,112.5,28.125
10-04,9,70.3125,112.5,42.1875
10-04,10,70.3125,112.5,42.1875
10-04,11,70.3125,105.46875,35.15625
10-04,12,70.3125,112.5,42.1875
10-04,13,70.3125,112.5,42.1875
10-04,14,70.3125,112.5,42.1875
10-04,15,70.3125,105.46875,35.15625
10-04,16,70.3125,112.5,42.1875
10-04,17,70.3125,105.46875,35.15625
10-04,18,70.3125,105.46875,35.15625
10-04,19,70.3125,105.46875,35.15625
10-04,20,70.3125,112.5,42.1875
10-04,21,70.3125,112.5,42.1875
10-04,22,70.3125,112.5,42.1875
10-04,23,70.3125,126.5625,56.25
10-04,24,70.3125,98.4375,28.125
10-04,25,70.3125,112.5,42.1875
10-04,26,70.3125,91.40625,21.09375
10-04,27,70.3125,112.5,42.1875
10-04,28,70.3125,91.40625,21.09375
10-04,29,70.3125,112.5,42.1875
10-04,30,70.3125,91.40625,21.09375
10-04,31,70.3125,112.5,42.1875
10-04,32,70.3125,112.5,42.1875
10-04,33,70.3125,98.4375,28.125
10-04,34,70.3125,112.5,42.1875
10-04,35,70.3125,98.4375,28.125
10-04,36,70.3125,112.5,42.1875
10-04,37,70.3125,98.4375,28.125
10-04,38,70.3125,112.5,42.1875
10-04,39,70.3125,98.4375,28.125
10-04,40,70.3125,112.5,42.1875
10-04,41,70.3125,112.5,42.1875
10-04,42,70.3125,112.5,42.1875
10-04,43,70.3125,112.5,42.1875
10-04,44,70.3125,98.4375,28.125
10-04,45,70.3125,112.5,42.1875
10-04,46,70.3125,112.5,42.1875
10-04,47,70.3125,112.5,42.1875
10-04,48,70.3125,112.5,42.1875
10-04,49,70.3125,112.5,42.1875
10-04,50,70.3125,112.5,42.1875
10-04,51,70.3125,98.4375,28.125
10-04,52,70.3125,112.5,42.1875
10-04,53,70.3125,112.5,42.1875
10-04,54,70.3125,98.4375,28.125
10-04,55,70.3125,105.46875,35.15625
10-04,56,70.3125,112.5,42.1875
10-04,57,70.3125,98.4375,28.125
10-04,58,70.3125,112.5,42.1875
10-04,59,70.3125,112.5,42.1875
10-04,60,70.3125,91.40625,21.09375
10-04,61,70.3125,112.5,42.1875
10-04,62,70.3125,112.5,42.1875
10-04,63,70.3125,91.40625,21.09375
10-04,64,70.3125,112.5,42.1875
10-04,65,70.3125,112.5,42.1875
10-04,66,70.3125,112.5,42.1875
10-04,67,70.3125,98.4375,28.125
10-04,68,70.3125,91.40625,21.09375
10-04,69,70.3125,112.5,42.1875
10-04,70,70.3125,112.5,42.1875
10-04,71,70.3125,91.40625,21.09375
10-04,72,70.3125,112.5,42.1875
10-04,73,70.3125,91.40625,21.09375
10-04,74,70.3125,112.5,42.1875
10-04,75,70.3125,112.5,42.1875
10-04,76,70.3125,98.4375,28.125
10-04,77,70.3125,98.4375,28.125
10-04,78,70.3125,112.5,42.1875
10-04,79,70.3125,105.46875,35.15625
10-04,80,70.3125,112.5,42.1875
10-04,81,70.3125,112.5,42.1875
10-04,82,77.34375,112.5,35.15625
10-04,83,77.34375,112.5,35.15625
10-04,84,77.34375,112.5,35.15625
10-04,85,77.34375,98.4375,21.09375
10-04,86,77.34375,98.4375,21.09375
10-04,87,77.34375,112.5,35.15625
10-04,88,77.34375,91.40625,14.0625
10-04,89,77.34375,112.5,35.15625
10-04,90,77.34375,112.5,35.15625
10-04,91,77.34375,112.5,35.15625
10-04,92,77.34375,112.5,35.15625
10-04,93,77.34375,112.5,35.15625
10-04,94,77.34375,98.4375,21.09375
10-04,95,77.34375,112.5,35.15625
10-04,96,77.34375,98.4375,21.09375
10-04,97,77.34375,112.5,35.15625
10-04,98,77.34375,112.5,35.15625
10-04,99,77.34375,91.40625,14.0625
10-04,100,77.34375,112.5,35.15625
10-04,101,77.34375,98.4375,21.09375
10-04,102,77.34375,112.5,35.15625
10-04,103,77.34375,98.4375,21.09375
10-04,104,77.34375,112.5,35.15625
10-04,105,77.34375,91.40625,14.0625
10-04,106,77.34375,112.5,35.15625
10-04,107,77.34375,91.40625,14.0625
10-04,108,77.34375,112.5,35.15625
10-04,109,77.34375,98.4375,21.09375
10-04,110,77.34375,112.5,35.15625
10-04,111,77.34375,112.5,35.15625
10-04,112,77.34375,98.4375,21.09375
10-04,113,77.34375,98.4375,21.09375
10-04,114,77.34375,112.5,35.15625
10-04,115,77.34375,112.5,35.15625
10-04,116,77.34375,112.5,35.15625
10-04,117,77.34375,98.4375,21.09375
10-04,118,77.34375,98.4375,21.09375
10-04,119,77.34375,112.5,35.15625
10-04,120,77.34375,112.5,35.15625
10-04,121,77.34375,105.46875,28.125
10-04,122,77.34375,105.46875,28.125
10-04,123,77.34375,105.46875,28.125
10-04,124,77.34375,105.46875,28.125
10-04,125,77.34375,105.46875,28.125
10-04,126,77.34375,105.46875,28.125
10-04,127,77.34375,105.46875,28.125
10-04,128,77.34375,105.46875,28.125
10-04,129,77.34375,105.46875,28.125
10-04,130,77.34375,105.46875,28.125
10-04,131,77.34375,112.5,35.15625
10-04,132,77.34375,112.5,35.15625
10-04,133,77.34375,112.5,35.15625
10-04,134,77.34375,112.5,35.15625
10-04,135,77.34375,112.5,35.15625
10-04,136,77.34375,112.5,35.15625
10-04,137,77.34375,112.5,35.15625
10-04,138,77.34375,112.5,35.15625
10-04,139,77.34375,112.5,35.15625
10-04,140,77.34375,112.5,35.15625
10-04,141,77.34375,112.5,35.15625
10-04,142,77.34375,112.5,35.15625
10-04,143,77.34375,98.4375,21.09375
10-04,144,77.34375,112.5,35.15625
10-04,145,77.34375,112.5,35.15625
10-04,146,77.34375,98.4375,21.09375
10-04,147,77.34375,112.5,35.15625
10-04,148,77.34375,112.5,35.15625
10-04,149,77.34375,112.5,35.15625
10-04,150,77.34375,112.5,35.15625
10-04,151,77.34375,112.5,35.15625
10-04,152,77.34375,112.5,35.15625
10-04,153,77.34375,112.5,35.15625
10-04,154,77.34375,112.5,35.15625
10-04,155,77.34375,98.4375,21.09375
10-04,156,70.3125,91.40625,21.09375
10-04,157,70.3125,112.5,42.1875
10-04,158,77.34375,112.5,35.15625
10-04,159,77.34375,112.5,35.15625
10-04,160,77.34375,112.5,35.15625
10-04,161,77.34375,112.5,35.15625
10-04,162,70.3125,112.5,42.1875
10-04,163,77.34375,112.5,35.15625
10-04,164,70.3125,112.5,42.1875
10-04,165,70.3125,112.5,42.1875
10-04,166,70.3125,112.5,42.1875
10-04,167,70.3125,112.5,42.1875
10-04,168,70.3125,105.46875,35.15625
10-04,169,70.3125,112.5,42.1875
10-04,170,70.3125,112.5,42.1875
10-04,171,70.3125,98.4375,28.125
10-04,172,70.3125,112.5,42.1875
10-04,173,70.3125,112.5,42.1875
10-04,174,70.3125,91.40625,21.09375
10-04,175,70.3125,91.40625,21.09375
10-04,176,70.3125,112.5,42.1875
10-04,177,70.3125,91.40625,21.09375
10-04,178,70.3125,112.5,42.1875
10-04,179,70.3125,112.5,42.1875
10-04,180,70.3125,112.5,42.1875
10-04,181,70.3125,112.5,42.1875
10-04,182,70.3125,112.5,42.1875
10-04,183,70.3125,112.5,42.1875
10-04,184,77.34375,112.5,35.15625
10-04,185,77.34375,105.46875,28.125
10-04,186,77.34375,98.4375,21.09375
10-04,187,77.34375,98.4375,21.09375
10-04,188,77.34375,112.5,35.15625
10-04,189,77.34375,112.5,35.15625
10-04,190,77.34375,112.5,35.15625
10-04,191,77.34375,112.5,35.15625
10-04,192,77.34375,112.5,35.15625
10-04,193,77.34375,112.5,35.15625
10-04,194,77.34375,112.5,35.15625
10-04,195,77.34375,112.5,35.15625
10-04,196,77.34375,98.4375,21.09375
10-04,197,77.34375,112.5,35.15625
10-04,198,77.34375,98.4375,21.09375
10-04,199,77.34375,112.5,35.15625
10-04,200,77.34375,112.5,35.15625
10-04,201,77.34375,112.5,35.15625
10-04,202,77.34375,112.5,35.15625
10-04,203,77.34375,112.5,35.15625
10-04,204,77.34375,112.5,35.15625
10-04,205,77.34375,112.5,35.15625
10-04,206,77.34375,105.46875,28.125
10-04,207,77.34375,112.5,35.15625
10-05,0,77.34375,98.4375,21.09375
10-05,1,77.34375,91.40625,14.0625
10-05,2,77.34375,91.40625,14.0625
10-05,3,77.34375,91.40625,14.0625
10-05,4,77.34375,84.375,7.03125
10-05,5,77.34375,112.5,35.15625
10-05,6,77.34375,112.5,35.15625
10-05,7,77.34375,112.5,35.15625
10-05,8,77.34375,98.4375,21.09375
10-05,9,77.34375,91.40625,14.0625
10-05,10,77.34375,91.40625,14.0625
10-05,11,77.34375,91.40625,14.0625
10-05,12,77.34375,91.40625,14.0625
10-05,13,77.34375,91.40625,14.0625
10-05,14,77.34375,91.40625,14.0625
10-05,15,77.34375,91.40625,14.0625
10-05,16,77.34375,91.40625,14.0625
10-05,17,77.34375,91.40625,14.0625
10-05,18,77.34375,91.40625,14.0625
10-05,19,77.34375,91.40625,14.0625
10-05,20,77.34375,112.5,35.15625
10-05,21,70.3125,84.375,14.0625
10-05,22,70.3125,91.40625,21.09375
10-05,23,70.3125,91.40625,21.09375
10-05,24,70.3125,91.40625,21.09375
10-05,25,70.3125,98.4375,28.125
10-05,26,70.3125,98.4375,28.125
10-05,27,70.3125,98.4375,28.125
10-05,28,70.3125,98.4375,28.125
10-05,29,70.3125,91.40625,21.09375
10-05,30,70.3125,91.40625,21.09375
10-05,31,70.3125,91.40625,21.09375
10-05,32,70.3125,98.4375,28.125
10-05,33,70.3125,105.46875,35.15625
10-05,34,70.3125,105.46875,35.15625
10-05,35,70.3125,105.46875,35.15625
10-05,36,70.3125,105.46875,35.15625
10-05,37,70.3125,105.46875,35.15625
10-05,38,70.3125,105.46875,35.15625
10-05,39,70.3125,112.5,42.1875
10-05,40,70.3125,105.46875,35.15625
10-05,41,70.3125,84.375,14.0625
10-05,42,70.3125,112.5,42.1875
10-05,43,70.3125,84.375,14.0625
10-05,44,70.3125,84.375,14.0625
10-05,45,70.3125,112.5,42.1875
10-05,46,70.3125,105.46875,35.15625
10-05,47,70.3125,112.5,42.1875
10-05,48,70.3125,105.46875,35.15625
10-05,49,70.3125,105.46875,35.15625
10-05,50,70.3125,105.46875,35.15625
10-05,51,70.3125,112.5,42.1875
10-05,52,70.3125,105.46875,35.15625
10-05,53,70.3125,112.5,42.1875
10-05,54,70.3125,112.5,42.1875
10-05,55,70.3125,105.46875,35.15625
10-05,56,70.3125,105.46875,35.15625
10-05,57,70.3125,98.4375,28.125
10-05,58,70.3125,105.46875,35.15625
10-05,59,70.3125,119.53125,49.21875
10-05,60,70.3125,98.4375,28.125
10-05,61,70.3125,112.5,42.1875
10-05,62,70.3125,112.5,42.1875
10-05,63,70.3125,112.5,42.1875
10-05,64,70.3125,112.5,42.1875
10-05,65,70.3125,112.5,42.1875
10-05,66,70.3125,112.5,42.1875
10-05,67,70.3125,112.5,42.1875
10-05,68,77.34375,112.5,35.15625
10-05,69,77.34375,112.5,35.15625
10-05,70,77.34375,98.4375,21.09375
10-05,71,77.34375,112.5,35.15625
10-05,72,77.34375,112.5,35.15625
10-05,73,77.34375,98.4375,21.09375
10-05,74,77.34375,98.4375,21.09375
10-05,75,77.34375,91.40625,14.0625
10-05,76,77.34375,112.5,35.15625
10-05,77,77.34375,98.4375,21.09375
10-05,78,70.3125,112.5,42.1875
10-05,79,70.3125,105.46875,35.15625
10-05,80,70.3125,112.5,42.1875
10-05,81,70.3125,105.46875,35.15625
10-05,82,70.3125,112.5,42.1875
10-05,83,70.3125,112.5,42.1875
10-05,84,70.3125,112.5,42.1875
10-05,85,70.3125,112.5,42.1875
10-05,86,70.3125,112.5,42.1875
10-05,87,70.3125,112.5,42.1875
10-05,88,70.3125,112.5,42.1875
10-05,89,70.3125,112.5,42.1875
10-05,90,70.3125,112.5,42.1875
10-05,91,70.3125,112.5,42.1875
10-05,92,70.3125,112.5,42.1875
10-05,93,70.3125,112.5,42.1875
10-05,94,70.3125,105.46875,35.15625
10-05,95,70.3125,112.5,42.1875
10-05,96,70.3125,105.46875,35.15625
10-05,97,70.3125,105.46875,35.15625
10-05,98,70.3125,112.5,42.1875
10-05,99,70.3125,112.5,42.1875
10-05,100,70.3125,98.4375,28.125
10-05,101,70.3125,98.4375,28.125
10-05,102,70.3125,105.46875,35.15625
10-05,103,70.3125,105.46875,35.15625
10-05,104,70.3125,105.46875,35.15625
10-05,105,70.3125,119.53125,49.21875
10-05,106,70.3125,105.46875,35.15625
10-05,107,70.3125,112.5,42.1875
10-05,108,70.3125,112.5,42.1875
10-05,109,70.3125,98.4375,28.125
10-05,110,70.3125,98.4375,28.125
10-05,111,77.34375,91.40625,14.0625
10-05,112,77.34375,91.40625,14.0625
10-05,113,77.34375,91.40625,14.0625
10-05,114,77.34375,91.40625,14.0625
10-05,115,77.34375,91.40625,14.0625
10-05,116,77.34375,91.40625,14.0625
10-05,117,77.34375,91.40625,14.0625
10-05,118,77.34375,91.40625,14.0625
10-05,119,77.34375,91.40625,14.0625
10-05,120,77.34375,91.40625,14.0625
10-05,121,77.34375,91.40625,14.0625
10-05,122,77.34375,91.40625,14.0625
10-05,123,77.34375,91.40625,14.0625
10-05,124,70.3125,91.40625,21.09375
10-05,125,70.3125,98.4375,28.125
10-05,126,70.3125,112.5,42.1875
10-05,127,70.3125,98.4375,28.125
10-05,128,70.3125,112.5,42.1875
10-05,129,70.3125,91.40625,21.09375
10-05,130,70.3125,91.40625,21.09375
10-05,131,70.3125,112.5,42.1875
10-05,132,70.3125,98.4375,28.125
10-05,133,70.3125,98.4375,28.125
10-05,134,70.3125,98.4375,28.125
10-05,135,70.3125,91.40625,21.09375
10-05,136,70.3125,112.5,42.1875
10-05,137,70.3125,112.5,42.1875
10-05,138,70.3125,91.40625,21.09375
10-05,139,70.3125,91.40625,21.09375
10-05,140,70.3125,91.40625,21.09375
10-05,141,70.3125,84.375,14.0625
10-05,142,77.34375,105.46875,28.125
10-05,143,77.34375,105.46875,28.125
10-05,144,77.34375,98.4375,21.09375
10-05,145,77.34375,98.4375,21.09375
10-05,146,77.34375,98.4375,21.09375
10-05,147,77.34375,84.375,7.03125
10-05,148,77.34375,112.5,35.15625
10-05,149,77.34375,112.5,35.15625
10-05,150,77.34375,105.46875,28.125
10-05,151,77.34375,105.46875,28.125
10-05,152,77.34375,112.5,35.15625
10-05,153,77.34375,112.5,35.15625
10-05,154,77.34375,112.5,35.15625
10-05,155,77.34375,112.5,35.15625
10-05,156,77.34375,112.5,35.15625
10-05,157,77.34375,112.5,35.15625
10-05,158,77.34375,112.5,35.15625
10-05,159,70.3125,112.5,42.1875
10-05,160,77.34375,112.5,35.15625
10-05,161,77.34375,112.5,35.15625
10-05,162,77.34375,112.5,35.15625
10-05,163,77.34375,112.5,35.15625
10-05,164,77.34375,112.5,35.15625
10-05,165,77.34375,112.5,35.15625
10-05,166,77.34375,112.5,35.15625
10-05,167,77.34375,112.5,35.15625
10-05,168,77.34375,112.5,35.15625
10-05,169,77.34375,112.5,35.15625
10-06,0,77.34375,98.4375,21.09375
10-06,1,77.34375,98.4375,21.09375
10-06,2,77.34375,98.4375,21.09375
10-06,3,77.34375,84.375,7.03125
10-06,4,77.34375,112.5,35.15625
10-06,5,77.34375,112.5,35.15625
10-06,6,77.34375,112.5,35.15625
10-06,7,77.34375,98.4375,21.09375
10-06,8,77.34375,91.40625,14.0625
10-06,9,77.34375,91.40625,14.0625
10-06,10,77.34375,91.40625,14.0625
10-06,11,77.34375,91.40625,14.0625
10-06,12,77.34375,91.40625,14.0625
10-06,13,77.34375,91.40625,14.0625
10-06,14,77.34375,91.40625,14.0625
10-06,15,77.34375,91.40625,14.0625
10-06,16,77.34375,91.40625,14.0625
10-06,17,77.34375,98.4375,21.09375
10-06,18,77.34375,98.4375,21.09375
10-06,19,77.34375,98.4375,21.09375
10-06,20,77.34375,112.5,35.15625
10-06,21,77.34375,91.40625,14.0625
10-06,22,77.34375,91.40625,14.0625
10-06,23,77.34375,112.5,35.15625
10-06,24,77.34375,98.4375,21.09375
10-06,25,77.34375,112.5,35.15625
10-06,26,77.34375,98.4375,21.09375
10-06,27,77.34375,98.4375,21.09375
10-06,28,77.34375,112.5,35.15625
10-06,29,77.34375,98.4375,21.09375
10-06,30,77.34375,112.5,35.15625
10-06,31,77.34375,91.40625,14.0625
10-06,32,77.34375,98.4375,21.09375
10-06,33,77.34375,91.40625,14.0625
10-06,34,77.34375,98.4375,21.09375
10-06,35,77.34375,98.4375,21.09375
10-06,36,77.34375,105.46875,28.125
10-06,37,77.34375,98.4375,21.09375
10-06,38,77.34375,112.5,35.15625
10-06,39,77.34375,112.5,35.15625
10-06,40,77.34375,98.4375,21.09375
10-06,41,77.34375,98.4375,21.09375
10-06,42,77.34375,112.5,35.15625
10-06,43,77.34375,112.5,35.15625
10-06,44,77.34375,91.40625,14.0625
10-06,45,77.34375,84.375,7.03125
10-06,46,77.34375,84.375,7.03125
10-06,47,77.34375,84.375,7.03125
10-06,48,77.34375,84.375,7.03125
10-06,49,77.34375,84.375,7.03125
10-06,50,77.34375,91.40625,14.0625
10-06,51,77.34375,91.40625,14.0625
10-06,52,77.34375,91.40625,14.0625
10-06,53,77.34375,91.40625,14.0625
10-06,54,77.34375,84.375,7.03125
10-06,55,77.34375,91.40625,14.0625
10-06,56,77.34375,98.4375,21.09375
10-06,57,77.34375,98.4375,21.09375
10-06,58,77.34375,105.46875,28.125
10-06,59,77.34375,98.4375,21.09375
10-06,60,77.34375,105.46875,28.125
10-06,61,77.34375,112.5,35.15625
10-06,62,77.34375,105.46875,28.125
10-06,63,77.34375,112.5,35.15625
10-06,64,77.34375,105.46875,28.125
10-06,65,77.34375,98.4375,21.09375
10-06,66,77.34375,98.4375,21.09375
10-06,67,77.34375,91.40625,14.0625
10-06,68,77.34375,112.5,35.15625
10-06,69,77.34375,91.40625,14.0625
10-06,70,77.34375,91.40625,14.0625
10-06,71,77.34375,91.40625,14.0625
10-06,72,77.34375,91.40625,14.0625
10-06,73,77.34375,105.46875,28.125
10-06,74,77.34375,105.46875,28.125
10-06,75,77.34375,98.4375,21.09375
10-06,76,77.34375,98.4375,21.09375
10-06,77,77.34375,98.4375,21.09375
10-06,78,77.34375,98.4375,21.09375
10-06,79,77.34375,98.4375,21.09375
10-06,80,77.34375,112.5,35.15625
10-06,81,77.34375,105.46875,28.125
10-06,82,77.34375,105.46875,28.125
10-06,83,77.34375,98.4375,21.09375
10-06,84,77.34375,112.5,35.15625
10-06,85,77.34375,112.5,35.15625
10-06,86,77.34375,91.40625,14.0625
10-06,87,77.34375,112.5,35.15625
10-06,88,77.34375,112.5,35.15625
10-06,89,77.34375,91.40625,14.0625
10-06,90,77.34375,112.5,35.15625
10-06,91,77.34375,112.5,35.15625
10-06,92,77.34375,112.5,35.15625
10-06,93,77.34375,105.46875,28.125
10-06,94,77.34375,105.46875,28.125
10-06,95,77.34375,105.46875,28.125
10-06,96,77.34375,105.46875,28.125
10-06,97,77.34375,105.46875,28.125
10-06,98,77.34375,105.46875,28.125
10-06,99,77.34375,105.46875,28.125
10-06,100,77.34375,105.46875,28.125
10-06,101,77.34375,105.46875,28.125
10-06,102,77.34375,105.46875,28.125
10-06,103,77.34375,105.46875,28.125
10-06,104,77.34375,112.5,35.15625
10-06,105,77.34375,112.5,35.15625
10-06,106,77.34375,112.5,35.15625
10-06,107,77.34375,112.5,35.15625
10-06,108,77.34375,112.5,35.15625
10-06,109,77.34375,98.4375,21.09375
10-06,110,77.34375,98.4375,21.09375
10-06,111,77.34375,91.40625,14.0625
10-06,112,77.34375,91.40625,14.0625
10-06,113,77.34375,91.40625,14.0625
10-06,114,77.34375,91.40625,14.0625
10-06,115,77.34375,91.40625,14.0625
10-06,116,77.34375,91.40625,14.0625
10-06,117,77.34375,91.40625,14.0625
10-06,118,77.34375,91.40625,14.0625
10-06,119,77.34375,98.4375,21.09375
10-06,120,77.34375,98.4375,21.09375
10-06,121,77.34375,91.40625,14.0625
10-06,122,77.34375,91.40625,14.0625
10-06,123,77.34375,91.40625,14.0625
10-06,124,77.34375,91.40625,14.0625
10-06,125,77.34375,91.40625,14.0625
10-06,126,77.34375,91.40625,14.0625
10-06,127,77.34375,98.4375,21.09375
10-06,128,77.34375,112.5,35.15625
10-06,129,77.34375,91.40625,14.0625
10-06,130,77.34375,91.40625,14.0625
10-06,131,77.34375,112.5,35.15625
10-06,132,77.34375,91.40625,14.0625
10-06,133,77.34375,112.5,35.15625
10-06,134,77.34375,98.4375,21.09375
10-06,135,77.34375,98.4375,21.09375
10-06,136,77.34375,112.5,35.15625
10-06,137,77.34375,91.40625,14.0625
10-06,138,77.34375,112.5,35.15625
10-06,139,77.34375,91.40625,14.0625
10-06,140,77.34375,91.40625,14.0625
10-06,141,77.34375,112.5,35.15625
10-06,142,77.34375,91.40625,14.0625
10-06,143,77.34375,91.40625,14.0625
10-06,144,77.34375,105.46875,28.125
10-06,145,77.34375,98.4375,21.09375
10-06,146,77.34375,98.4375,21.09375
10-06,147,77.34375,112.5,35.15625
10-06,148,77.34375,112.5,35.15625
10-06,149,77.34375,84.375,7.03125
10-06,150,77.34375,84.375,7.03125
10-06,151,77.34375,84.375,7.03125
10-06,152,77.34375,98.4375,21.09375
10-06,153,77.34375,112.5,35.15625
10-06,154,77.34375,112.5,35.15625
10-06,155,77.34375,112.5,35.15625
10-06,156,77.34375,112.5,35.15625
10-06,157,77.34375,112.5,35.15625
10-06,158,77.34375,84.375,7.03125
10-06,159,77.34375,112.5,35.15625
10-06,160,77.34375,105.46875,28.125
10-06,161,77.34375,105.46875,28.125
10-06,162,77.34375,105.46875,28.125
10-06,163,77.34375,105.46875,28.125
10-06,164,77.34375,105.46875,28.125
10-06,165,77.34375,112.5,35.15625
10-06,166,77.34375,112.5,35.15625
10-06,167,77.34375,105.46875,28.125
10-06,168,77.34375,112.5,35.15625
